"candidate_id","feature_set_id","removed_feature_id","panel_id","open_fixture_count","rich_fixture_count","score_support_g","context_parent_hashes","gate_id","gate_parent_sha256","structural_prior_manifest_sha256","structural_snapshot_vintage_id","prior_strength","active_status","score_status","coverage","variance","provenance","score_row_count","inactive_reason","error_reason","research_only","wc2026_sealed","mode_id","mode_pool","complexity_rank","open_mode_compatible"
"phase11_rf_dynamic_elo_open","phase11_rf_dynamic_elo_open","","open_core",630,609,40,"","","","","",,"active","scored",,,,1260,"","",TRUE,TRUE,"open_default","open_only",8,TRUE
"phase11_rf_dynamic_elo_context_open","phase11_rf_dynamic_elo_context_open","","open_core",630,609,40,"e5121ee7260bd066e6fbcc8af337ff148c1e5606ab136eda27429656ea6ce4dc#581dabb7730d4e54301d8c871cd734300b1eb3ef67d95a786432f1ba7ea92422","","","","",,"inactive","no_score_context_panel_ineligible",,,FALSE,0,"Open common panel has missing or imputed context values for travel_km","Open common panel has missing or imputed context values for travel_km",TRUE,TRUE,"open_default","open_only",9,TRUE
"phase11_rf_dynamic_elo_context_drop_host_open","phase11_rf_dynamic_elo_context_open","host","open_core",630,609,40,"e5121ee7260bd066e6fbcc8af337ff148c1e5606ab136eda27429656ea6ce4dc#581dabb7730d4e54301d8c871cd734300b1eb3ef67d95a786432f1ba7ea92422","","","","",,"inactive","no_score_context_panel_ineligible",,,FALSE,0,"Open common panel has missing or imputed context values for travel_km","Open common panel has missing or imputed context values for travel_km",TRUE,TRUE,"open_default","open_only",9,TRUE
"phase11_rf_dynamic_elo_context_drop_neutral_open","phase11_rf_dynamic_elo_context_open","neutral","open_core",630,609,40,"e5121ee7260bd066e6fbcc8af337ff148c1e5606ab136eda27429656ea6ce4dc#581dabb7730d4e54301d8c871cd734300b1eb3ef67d95a786432f1ba7ea92422","","","","",,"inactive","no_score_context_panel_ineligible",,,FALSE,0,"Open common panel has missing or imputed context values for travel_km","Open common panel has missing or imputed context values for travel_km",TRUE,TRUE,"open_default","open_only",9,TRUE
"phase11_rf_dynamic_elo_context_drop_rest_open","phase11_rf_dynamic_elo_context_open","rest_days","open_core",630,609,40,"e5121ee7260bd066e6fbcc8af337ff148c1e5606ab136eda27429656ea6ce4dc#581dabb7730d4e54301d8c871cd734300b1eb3ef67d95a786432f1ba7ea92422","","","","",,"inactive","no_score_context_panel_ineligible",,,FALSE,0,"Open common panel has missing or imputed context values for travel_km","Open common panel has missing or imputed context values for travel_km",TRUE,TRUE,"open_default","open_only",9,TRUE
"phase11_rf_dynamic_elo_context_drop_travel_open","phase11_rf_dynamic_elo_context_open","travel_km","open_core",630,609,40,"e5121ee7260bd066e6fbcc8af337ff148c1e5606ab136eda27429656ea6ce4dc#581dabb7730d4e54301d8c871cd734300b1eb3ef67d95a786432f1ba7ea92422","","","","",,"inactive","no_score_context_panel_ineligible",,,FALSE,0,"Open common panel has missing or imputed context values for travel_km","Open common panel has missing or imputed context values for travel_km",TRUE,TRUE,"open_default","open_only",9,TRUE
"phase11_rf_dynamic_elo_context_drop_stage_open","phase11_rf_dynamic_elo_context_open","stage_id","open_core",630,609,40,"e5121ee7260bd066e6fbcc8af337ff148c1e5606ab136eda27429656ea6ce4dc#581dabb7730d4e54301d8c871cd734300b1eb3ef67d95a786432f1ba7ea92422","","","","",,"inactive","no_score_context_panel_ineligible",,,FALSE,0,"Open common panel has missing or imputed context values for travel_km","Open common panel has missing or imputed context values for travel_km",TRUE,TRUE,"open_default","open_only",9,TRUE
"phase11_rf_dynamic_elo_context_xg_gated_open","phase11_rf_dynamic_elo_context_xg_gated_open","","open_core",630,609,40,"e5121ee7260bd066e6fbcc8af337ff148c1e5606ab136eda27429656ea6ce4dc#581dabb7730d4e54301d8c871cd734300b1eb3ef67d95a786432f1ba7ea92422","phase11_xg_gate_d12_v1","7b616a06f20e5f5ba78576dbd7d763f0ffef734170a11df3cc8b43c5ebd46f73","","",,"inactive","no_score_gate_failed",0,0,FALSE,0,"D-12 xG gate failed:; coverage 0.000000 < 0.800000; forecast coverage 0.000000 < 0.800000; variance 0 < 1e-08; provenance incomplete; xG predictors are not actively retained by both labelled models","",TRUE,TRUE,"open_default","open_only",10,TRUE
"phase11_structural_sparse_prior_open","phase11_rf_dynamic_elo_open","","open_core",630,609,40,"","","","2aaa571340aed0a003dc9fa07fad8dd032320676d02a54b4a3a8e73caf7ac864","worldbank_wdi_2000_v1",4,"inactive","no_score_structural_validation_failed",,,,0,"Structural prior snapshot is missing team ISO3: PRK","Structural prior snapshot is missing team ISO3: PRK",TRUE,TRUE,"open_default","open_only",9,TRUE
