"run_id","model_id","panel_id","track_id","target","metric","grain","aggregation","edition_id","estimate","n_tournaments","n_fixtures","coverage_numerator","coverage_denominator","coverage"
"phase11-hybrid-challenger-benchmark","phase11_rf_dynamic_elo_open","open_core","frozen","away_goals","away_goal_rps","tournament","within_tournament","euro2004",0.574380078380395,1,31,31,31,1
"phase11-hybrid-challenger-benchmark","phase11_rf_dynamic_elo_open","open_core","frozen","away_goals","away_goal_rps","tournament","within_tournament","euro2008",0.493670144783556,1,31,31,31,1
"phase11-hybrid-challenger-benchmark","phase11_rf_dynamic_elo_open","open_core","frozen","away_goals","away_goal_rps","tournament","within_tournament","euro2012",0.555977039968922,1,31,31,31,1
"phase11-hybrid-challenger-benchmark","phase11_rf_dynamic_elo_open","open_core","frozen","away_goals","away_goal_rps","tournament","within_tournament","euro2016",0.475627714471548,1,51,51,51,1
"phase11-hybrid-challenger-benchmark","phase11_rf_dynamic_elo_open","open_core","frozen","away_goals","away_goal_rps","tournament","within_tournament","euro2020",0.51763102938418,1,51,51,51,1
"phase11-hybrid-challenger-benchmark","phase11_rf_dynamic_elo_open","open_core","frozen","away_goals","away_goal_rps","tournament","within_tournament","euro2024",0.509023155169715,1,51,51,51,1
"phase11-hybrid-challenger-benchmark","phase11_rf_dynamic_elo_open","open_core","frozen","away_goals","away_goal_rps","tournament","within_tournament","wc2002",0.524877050628868,1,64,64,64,1
"phase11-hybrid-challenger-benchmark","phase11_rf_dynamic_elo_open","open_core","frozen","away_goals","away_goal_rps","tournament","within_tournament","wc2006",0.51208888987688,1,64,64,64,1
"phase11-hybrid-challenger-benchmark","phase11_rf_dynamic_elo_open","open_core","frozen","away_goals","away_goal_rps","tournament","within_tournament","wc2010",0.48809421116482,1,64,64,64,1
"phase11-hybrid-challenger-benchmark","phase11_rf_dynamic_elo_open","open_core","frozen","away_goals","away_goal_rps","tournament","within_tournament","wc2014",0.724235642008141,1,64,64,64,1
"phase11-hybrid-challenger-benchmark","phase11_rf_dynamic_elo_open","open_core","frozen","away_goals","away_goal_rps","tournament","within_tournament","wc2018",0.54251444844054,1,64,64,64,1
"phase11-hybrid-challenger-benchmark","phase11_rf_dynamic_elo_open","open_core","frozen","away_goals","away_goal_rps","tournament","within_tournament","wc2022",0.625993238586183,1,64,64,64,1
"phase11-hybrid-challenger-benchmark","phase11_rf_dynamic_elo_open","open_core","frozen","away_goals","away_goal_rps","headline","equal_tournament","headline",0.545342720238646,12,630,630,630,1
"phase11-hybrid-challenger-benchmark","phase11_rf_dynamic_elo_open","open_core","frozen","away_goals","away_goal_rps","headline","fixture_weighted","headline",0.548731182178673,12,630,630,630,1
"phase11-hybrid-challenger-benchmark","phase11_rf_dynamic_elo_open","open_core","frozen","btts","btts_brier","tournament","within_tournament","euro2004",0.265357623091428,1,31,31,31,1
"phase11-hybrid-challenger-benchmark","phase11_rf_dynamic_elo_open","open_core","frozen","btts","btts_brier","tournament","within_tournament","euro2008",0.254327127876745,1,31,31,31,1
"phase11-hybrid-challenger-benchmark","phase11_rf_dynamic_elo_open","open_core","frozen","btts","btts_brier","tournament","within_tournament","euro2012",0.294282880332681,1,31,31,31,1
"phase11-hybrid-challenger-benchmark","phase11_rf_dynamic_elo_open","open_core","frozen","btts","btts_brier","tournament","within_tournament","euro2016",0.233379025164793,1,51,51,51,1
"phase11-hybrid-challenger-benchmark","phase11_rf_dynamic_elo_open","open_core","frozen","btts","btts_brier","tournament","within_tournament","euro2020",0.260518862780312,1,51,51,51,1
"phase11-hybrid-challenger-benchmark","phase11_rf_dynamic_elo_open","open_core","frozen","btts","btts_brier","tournament","within_tournament","euro2024",0.263474894051204,1,51,51,51,1
"phase11-hybrid-challenger-benchmark","phase11_rf_dynamic_elo_open","open_core","frozen","btts","btts_brier","tournament","within_tournament","wc2002",0.2547736527959,1,64,64,64,1
"phase11-hybrid-challenger-benchmark","phase11_rf_dynamic_elo_open","open_core","frozen","btts","btts_brier","tournament","within_tournament","wc2006",0.239259272413969,1,64,64,64,1
"phase11-hybrid-challenger-benchmark","phase11_rf_dynamic_elo_open","open_core","frozen","btts","btts_brier","tournament","within_tournament","wc2010",0.262027758289072,1,64,64,64,1
"phase11-hybrid-challenger-benchmark","phase11_rf_dynamic_elo_open","open_core","frozen","btts","btts_brier","tournament","within_tournament","wc2014",0.260435747593521,1,64,64,64,1
"phase11-hybrid-challenger-benchmark","phase11_rf_dynamic_elo_open","open_core","frozen","btts","btts_brier","tournament","within_tournament","wc2018",0.271587436054495,1,64,64,64,1
"phase11-hybrid-challenger-benchmark","phase11_rf_dynamic_elo_open","open_core","frozen","btts","btts_brier","tournament","within_tournament","wc2022",0.263713742141933,1,64,64,64,1
"phase11-hybrid-challenger-benchmark","phase11_rf_dynamic_elo_open","open_core","frozen","btts","btts_brier","headline","equal_tournament","headline",0.260261501882171,12,630,630,630,1
"phase11-hybrid-challenger-benchmark","phase11_rf_dynamic_elo_open","open_core","frozen","btts","btts_brier","headline","fixture_weighted","headline",0.259006437216869,12,630,630,630,1
"phase11-hybrid-challenger-benchmark","phase11_rf_dynamic_elo_open","open_core","frozen","btts","btts_log_loss","tournament","within_tournament","euro2004",0.72489102979566,1,31,31,31,1
"phase11-hybrid-challenger-benchmark","phase11_rf_dynamic_elo_open","open_core","frozen","btts","btts_log_loss","tournament","within_tournament","euro2008",0.704669210231331,1,31,31,31,1
"phase11-hybrid-challenger-benchmark","phase11_rf_dynamic_elo_open","open_core","frozen","btts","btts_log_loss","tournament","within_tournament","euro2012",0.792341662516856,1,31,31,31,1
"phase11-hybrid-challenger-benchmark","phase11_rf_dynamic_elo_open","open_core","frozen","btts","btts_log_loss","tournament","within_tournament","euro2016",0.65875628243269,1,51,51,51,1
"phase11-hybrid-challenger-benchmark","phase11_rf_dynamic_elo_open","open_core","frozen","btts","btts_log_loss","tournament","within_tournament","euro2020",0.713002450306279,1,51,51,51,1
"phase11-hybrid-challenger-benchmark","phase11_rf_dynamic_elo_open","open_core","frozen","btts","btts_log_loss","tournament","within_tournament","euro2024",0.721063732191695,1,51,51,51,1
"phase11-hybrid-challenger-benchmark","phase11_rf_dynamic_elo_open","open_core","frozen","btts","btts_log_loss","tournament","within_tournament","wc2002",0.704591283554804,1,64,64,64,1
"phase11-hybrid-challenger-benchmark","phase11_rf_dynamic_elo_open","open_core","frozen","btts","btts_log_loss","tournament","within_tournament","wc2006",0.671161865113928,1,64,64,64,1
"phase11-hybrid-challenger-benchmark","phase11_rf_dynamic_elo_open","open_core","frozen","btts","btts_log_loss","tournament","within_tournament","wc2010",0.72020057248929,1,64,64,64,1
"phase11-hybrid-challenger-benchmark","phase11_rf_dynamic_elo_open","open_core","frozen","btts","btts_log_loss","tournament","within_tournament","wc2014",0.714209302236672,1,64,64,64,1
"phase11-hybrid-challenger-benchmark","phase11_rf_dynamic_elo_open","open_core","frozen","btts","btts_log_loss","tournament","within_tournament","wc2018",0.737554228284665,1,64,64,64,1
"phase11-hybrid-challenger-benchmark","phase11_rf_dynamic_elo_open","open_core","frozen","btts","btts_log_loss","tournament","within_tournament","wc2022",0.724051657647536,1,64,64,64,1
"phase11-hybrid-challenger-benchmark","phase11_rf_dynamic_elo_open","open_core","frozen","btts","btts_log_loss","headline","equal_tournament","headline",0.715541106400117,12,630,630,630,1
"phase11-hybrid-challenger-benchmark","phase11_rf_dynamic_elo_open","open_core","frozen","btts","btts_log_loss","headline","fixture_weighted","headline",0.712708118868642,12,630,630,630,1
"phase11-hybrid-challenger-benchmark","phase11_rf_dynamic_elo_open","open_core","frozen","home_goals","home_goal_rps","tournament","within_tournament","euro2004",0.541045920815128,1,31,31,31,1
"phase11-hybrid-challenger-benchmark","phase11_rf_dynamic_elo_open","open_core","frozen","home_goals","home_goal_rps","tournament","within_tournament","euro2008",0.667193668041315,1,31,31,31,1
"phase11-hybrid-challenger-benchmark","phase11_rf_dynamic_elo_open","open_core","frozen","home_goals","home_goal_rps","tournament","within_tournament","euro2012",0.64857556938023,1,31,31,31,1
"phase11-hybrid-challenger-benchmark","phase11_rf_dynamic_elo_open","open_core","frozen","home_goals","home_goal_rps","tournament","within_tournament","euro2016",0.708611873709167,1,51,51,51,1
"phase11-hybrid-challenger-benchmark","phase11_rf_dynamic_elo_open","open_core","frozen","home_goals","home_goal_rps","tournament","within_tournament","euro2020",0.672853866721419,1,51,51,51,1
"phase11-hybrid-challenger-benchmark","phase11_rf_dynamic_elo_open","open_core","frozen","home_goals","home_goal_rps","tournament","within_tournament","euro2024",0.559334283650106,1,51,51,51,1
"phase11-hybrid-challenger-benchmark","phase11_rf_dynamic_elo_open","open_core","frozen","home_goals","home_goal_rps","tournament","within_tournament","wc2002",0.655803925934924,1,64,64,64,1
"phase11-hybrid-challenger-benchmark","phase11_rf_dynamic_elo_open","open_core","frozen","home_goals","home_goal_rps","tournament","within_tournament","wc2006",0.63383380926645,1,64,64,64,1
"phase11-hybrid-challenger-benchmark","phase11_rf_dynamic_elo_open","open_core","frozen","home_goals","home_goal_rps","tournament","within_tournament","wc2010",0.710514324266134,1,64,64,64,1
"phase11-hybrid-challenger-benchmark","phase11_rf_dynamic_elo_open","open_core","frozen","home_goals","home_goal_rps","tournament","within_tournament","wc2014",0.629973129153332,1,64,64,64,1
"phase11-hybrid-challenger-benchmark","phase11_rf_dynamic_elo_open","open_core","frozen","home_goals","home_goal_rps","tournament","within_tournament","wc2018",0.609742330309869,1,64,64,64,1
"phase11-hybrid-challenger-benchmark","phase11_rf_dynamic_elo_open","open_core","frozen","home_goals","home_goal_rps","tournament","within_tournament","wc2022",0.763390345636094,1,64,64,64,1
"phase11-hybrid-challenger-benchmark","phase11_rf_dynamic_elo_open","open_core","frozen","home_goals","home_goal_rps","headline","equal_tournament","headline",0.650072753907014,12,630,630,630,1
"phase11-hybrid-challenger-benchmark","phase11_rf_dynamic_elo_open","open_core","frozen","home_goals","home_goal_rps","headline","fixture_weighted","headline",0.655159642009091,12,630,630,630,1
"phase11-hybrid-challenger-benchmark","phase11_rf_dynamic_elo_open","open_core","frozen","over_2_5","over_2_5_brier","tournament","within_tournament","euro2004",0.261943091393189,1,31,31,31,1
"phase11-hybrid-challenger-benchmark","phase11_rf_dynamic_elo_open","open_core","frozen","over_2_5","over_2_5_brier","tournament","within_tournament","euro2008",0.247680202184016,1,31,31,31,1
"phase11-hybrid-challenger-benchmark","phase11_rf_dynamic_elo_open","open_core","frozen","over_2_5","over_2_5_brier","tournament","within_tournament","euro2012",0.260494484646911,1,31,31,31,1
"phase11-hybrid-challenger-benchmark","phase11_rf_dynamic_elo_open","open_core","frozen","over_2_5","over_2_5_brier","tournament","within_tournament","euro2016",0.244910413871539,1,51,51,51,1
"phase11-hybrid-challenger-benchmark","phase11_rf_dynamic_elo_open","open_core","frozen","over_2_5","over_2_5_brier","tournament","within_tournament","euro2020",0.263608419927672,1,51,51,51,1
"phase11-hybrid-challenger-benchmark","phase11_rf_dynamic_elo_open","open_core","frozen","over_2_5","over_2_5_brier","tournament","within_tournament","euro2024",0.2492449054627,1,51,51,51,1
"phase11-hybrid-challenger-benchmark","phase11_rf_dynamic_elo_open","open_core","frozen","over_2_5","over_2_5_brier","tournament","within_tournament","wc2002",0.237744931895604,1,64,64,64,1
"phase11-hybrid-challenger-benchmark","phase11_rf_dynamic_elo_open","open_core","frozen","over_2_5","over_2_5_brier","tournament","within_tournament","wc2006",0.239262701552829,1,64,64,64,1
"phase11-hybrid-challenger-benchmark","phase11_rf_dynamic_elo_open","open_core","frozen","over_2_5","over_2_5_brier","tournament","within_tournament","wc2010",0.268778995807486,1,64,64,64,1
"phase11-hybrid-challenger-benchmark","phase11_rf_dynamic_elo_open","open_core","frozen","over_2_5","over_2_5_brier","tournament","within_tournament","wc2014",0.263317436036636,1,64,64,64,1
"phase11-hybrid-challenger-benchmark","phase11_rf_dynamic_elo_open","open_core","frozen","over_2_5","over_2_5_brier","tournament","within_tournament","wc2018",0.25677603047726,1,64,64,64,1
"phase11-hybrid-challenger-benchmark","phase11_rf_dynamic_elo_open","open_core","frozen","over_2_5","over_2_5_brier","tournament","within_tournament","wc2022",0.28294822715325,1,64,64,64,1
"phase11-hybrid-challenger-benchmark","phase11_rf_dynamic_elo_open","open_core","frozen","over_2_5","over_2_5_brier","headline","equal_tournament","headline",0.256392486700758,12,630,630,630,1
"phase11-hybrid-challenger-benchmark","phase11_rf_dynamic_elo_open","open_core","frozen","over_2_5","over_2_5_brier","headline","fixture_weighted","headline",0.256578753165684,12,630,630,630,1
"phase11-hybrid-challenger-benchmark","phase11_rf_dynamic_elo_open","open_core","frozen","over_2_5","over_2_5_log_loss","tournament","within_tournament","euro2004",0.717053955276184,1,31,31,31,1
"phase11-hybrid-challenger-benchmark","phase11_rf_dynamic_elo_open","open_core","frozen","over_2_5","over_2_5_log_loss","tournament","within_tournament","euro2008",0.693603117508148,1,31,31,31,1
"phase11-hybrid-challenger-benchmark","phase11_rf_dynamic_elo_open","open_core","frozen","over_2_5","over_2_5_log_loss","tournament","within_tournament","euro2012",0.720049760034852,1,31,31,31,1
"phase11-hybrid-challenger-benchmark","phase11_rf_dynamic_elo_open","open_core","frozen","over_2_5","over_2_5_log_loss","tournament","within_tournament","euro2016",0.681706573745155,1,51,51,51,1
"phase11-hybrid-challenger-benchmark","phase11_rf_dynamic_elo_open","open_core","frozen","over_2_5","over_2_5_log_loss","tournament","within_tournament","euro2020",0.72332432769304,1,51,51,51,1
"phase11-hybrid-challenger-benchmark","phase11_rf_dynamic_elo_open","open_core","frozen","over_2_5","over_2_5_log_loss","tournament","within_tournament","euro2024",0.691325876129777,1,51,51,51,1
"phase11-hybrid-challenger-benchmark","phase11_rf_dynamic_elo_open","open_core","frozen","over_2_5","over_2_5_log_loss","tournament","within_tournament","wc2002",0.669080825985437,1,64,64,64,1
"phase11-hybrid-challenger-benchmark","phase11_rf_dynamic_elo_open","open_core","frozen","over_2_5","over_2_5_log_loss","tournament","within_tournament","wc2006",0.669805990740988,1,64,64,64,1
"phase11-hybrid-challenger-benchmark","phase11_rf_dynamic_elo_open","open_core","frozen","over_2_5","over_2_5_log_loss","tournament","within_tournament","wc2010",0.73318767906659,1,64,64,64,1
"phase11-hybrid-challenger-benchmark","phase11_rf_dynamic_elo_open","open_core","frozen","over_2_5","over_2_5_log_loss","tournament","within_tournament","wc2014",0.722922361450975,1,64,64,64,1
"phase11-hybrid-challenger-benchmark","phase11_rf_dynamic_elo_open","open_core","frozen","over_2_5","over_2_5_log_loss","tournament","within_tournament","wc2018",0.707404627597304,1,64,64,64,1
"phase11-hybrid-challenger-benchmark","phase11_rf_dynamic_elo_open","open_core","frozen","over_2_5","over_2_5_log_loss","tournament","within_tournament","wc2022",0.762177634472181,1,64,64,64,1
"phase11-hybrid-challenger-benchmark","phase11_rf_dynamic_elo_open","open_core","frozen","over_2_5","over_2_5_log_loss","headline","equal_tournament","headline",0.707636894141719,12,630,630,630,1
"phase11-hybrid-challenger-benchmark","phase11_rf_dynamic_elo_open","open_core","frozen","over_2_5","over_2_5_log_loss","headline","fixture_weighted","headline",0.70777646207845,12,630,630,630,1
"phase11-hybrid-challenger-benchmark","phase11_rf_dynamic_elo_open","open_core","frozen","regulation_1x2","brier","tournament","within_tournament","euro2004",0.614875745494217,1,31,31,31,1
"phase11-hybrid-challenger-benchmark","phase11_rf_dynamic_elo_open","open_core","frozen","regulation_1x2","brier","tournament","within_tournament","euro2008",0.590897177432825,1,31,31,31,1
"phase11-hybrid-challenger-benchmark","phase11_rf_dynamic_elo_open","open_core","frozen","regulation_1x2","brier","tournament","within_tournament","euro2012",0.636695788959038,1,31,31,31,1
"phase11-hybrid-challenger-benchmark","phase11_rf_dynamic_elo_open","open_core","frozen","regulation_1x2","brier","tournament","within_tournament","euro2016",0.717820960217237,1,51,51,51,1
"phase11-hybrid-challenger-benchmark","phase11_rf_dynamic_elo_open","open_core","frozen","regulation_1x2","brier","tournament","within_tournament","euro2020",0.584496831077285,1,51,51,51,1
"phase11-hybrid-challenger-benchmark","phase11_rf_dynamic_elo_open","open_core","frozen","regulation_1x2","brier","tournament","within_tournament","euro2024",0.643360510775797,1,51,51,51,1
"phase11-hybrid-challenger-benchmark","phase11_rf_dynamic_elo_open","open_core","frozen","regulation_1x2","brier","tournament","within_tournament","wc2002",0.622081451363166,1,64,64,64,1
"phase11-hybrid-challenger-benchmark","phase11_rf_dynamic_elo_open","open_core","frozen","regulation_1x2","brier","tournament","within_tournament","wc2006",0.552630608625687,1,64,64,64,1
"phase11-hybrid-challenger-benchmark","phase11_rf_dynamic_elo_open","open_core","frozen","regulation_1x2","brier","tournament","within_tournament","wc2010",0.605095394143335,1,64,64,64,1
"phase11-hybrid-challenger-benchmark","phase11_rf_dynamic_elo_open","open_core","frozen","regulation_1x2","brier","tournament","within_tournament","wc2014",0.621988002652266,1,64,64,64,1
"phase11-hybrid-challenger-benchmark","phase11_rf_dynamic_elo_open","open_core","frozen","regulation_1x2","brier","tournament","within_tournament","wc2018",0.574612731280523,1,64,64,64,1
"phase11-hybrid-challenger-benchmark","phase11_rf_dynamic_elo_open","open_core","frozen","regulation_1x2","brier","tournament","within_tournament","wc2022",0.616935725992889,1,64,64,64,1
"phase11-hybrid-challenger-benchmark","phase11_rf_dynamic_elo_open","open_core","frozen","regulation_1x2","brier","headline","equal_tournament","headline",0.615124244001189,12,630,630,630,1
"phase11-hybrid-challenger-benchmark","phase11_rf_dynamic_elo_open","open_core","frozen","regulation_1x2","brier","headline","fixture_weighted","headline",0.613206561863108,12,630,630,630,1
"phase11-hybrid-challenger-benchmark","phase11_rf_dynamic_elo_open","open_core","frozen","regulation_1x2","log_loss","tournament","within_tournament","euro2004",1.01754293728195,1,31,31,31,1
"phase11-hybrid-challenger-benchmark","phase11_rf_dynamic_elo_open","open_core","frozen","regulation_1x2","log_loss","tournament","within_tournament","euro2008",0.988374544978465,1,31,31,31,1
"phase11-hybrid-challenger-benchmark","phase11_rf_dynamic_elo_open","open_core","frozen","regulation_1x2","log_loss","tournament","within_tournament","euro2012",1.07761395903678,1,31,31,31,1
"phase11-hybrid-challenger-benchmark","phase11_rf_dynamic_elo_open","open_core","frozen","regulation_1x2","log_loss","tournament","within_tournament","euro2016",1.17954412324845,1,51,51,51,1
"phase11-hybrid-challenger-benchmark","phase11_rf_dynamic_elo_open","open_core","frozen","regulation_1x2","log_loss","tournament","within_tournament","euro2020",0.981575033684698,1,51,51,51,1
"phase11-hybrid-challenger-benchmark","phase11_rf_dynamic_elo_open","open_core","frozen","regulation_1x2","log_loss","tournament","within_tournament","euro2024",1.06920016455999,1,51,51,51,1
"phase11-hybrid-challenger-benchmark","phase11_rf_dynamic_elo_open","open_core","frozen","regulation_1x2","log_loss","tournament","within_tournament","wc2002",1.03544057578267,1,64,64,64,1
"phase11-hybrid-challenger-benchmark","phase11_rf_dynamic_elo_open","open_core","frozen","regulation_1x2","log_loss","tournament","within_tournament","wc2006",0.940121445353253,1,64,64,64,1
"phase11-hybrid-challenger-benchmark","phase11_rf_dynamic_elo_open","open_core","frozen","regulation_1x2","log_loss","tournament","within_tournament","wc2010",1.01709344244093,1,64,64,64,1
"phase11-hybrid-challenger-benchmark","phase11_rf_dynamic_elo_open","open_core","frozen","regulation_1x2","log_loss","tournament","within_tournament","wc2014",1.03324428835906,1,64,64,64,1
"phase11-hybrid-challenger-benchmark","phase11_rf_dynamic_elo_open","open_core","frozen","regulation_1x2","log_loss","tournament","within_tournament","wc2018",0.968689934147305,1,64,64,64,1
"phase11-hybrid-challenger-benchmark","phase11_rf_dynamic_elo_open","open_core","frozen","regulation_1x2","log_loss","tournament","within_tournament","wc2022",1.04339231671087,1,64,64,64,1
"phase11-hybrid-challenger-benchmark","phase11_rf_dynamic_elo_open","open_core","frozen","regulation_1x2","log_loss","headline","equal_tournament","headline",1.02931939713204,12,630,630,630,1
"phase11-hybrid-challenger-benchmark","phase11_rf_dynamic_elo_open","open_core","frozen","regulation_1x2","log_loss","headline","fixture_weighted","headline",1.02661366389712,12,630,630,630,1
"phase11-hybrid-challenger-benchmark","phase11_rf_dynamic_elo_open","open_core","frozen","regulation_1x2","rps","tournament","within_tournament","euro2004",0.193549059293106,1,31,31,31,1
"phase11-hybrid-challenger-benchmark","phase11_rf_dynamic_elo_open","open_core","frozen","regulation_1x2","rps","tournament","within_tournament","euro2008",0.213650397216918,1,31,31,31,1
"phase11-hybrid-challenger-benchmark","phase11_rf_dynamic_elo_open","open_core","frozen","regulation_1x2","rps","tournament","within_tournament","euro2012",0.229911426601138,1,31,31,31,1
"phase11-hybrid-challenger-benchmark","phase11_rf_dynamic_elo_open","open_core","frozen","regulation_1x2","rps","tournament","within_tournament","euro2016",0.245752670170378,1,51,51,51,1
"phase11-hybrid-challenger-benchmark","phase11_rf_dynamic_elo_open","open_core","frozen","regulation_1x2","rps","tournament","within_tournament","euro2020",0.181864725959467,1,51,51,51,1
"phase11-hybrid-challenger-benchmark","phase11_rf_dynamic_elo_open","open_core","frozen","regulation_1x2","rps","tournament","within_tournament","euro2024",0.198462947572741,1,51,51,51,1
"phase11-hybrid-challenger-benchmark","phase11_rf_dynamic_elo_open","open_core","frozen","regulation_1x2","rps","tournament","within_tournament","wc2002",0.206202435911783,1,64,64,64,1
"phase11-hybrid-challenger-benchmark","phase11_rf_dynamic_elo_open","open_core","frozen","regulation_1x2","rps","tournament","within_tournament","wc2006",0.181565610706646,1,64,64,64,1
"phase11-hybrid-challenger-benchmark","phase11_rf_dynamic_elo_open","open_core","frozen","regulation_1x2","rps","tournament","within_tournament","wc2010",0.199910760926824,1,64,64,64,1
"phase11-hybrid-challenger-benchmark","phase11_rf_dynamic_elo_open","open_core","frozen","regulation_1x2","rps","tournament","within_tournament","wc2014",0.211826343066367,1,64,64,64,1
"phase11-hybrid-challenger-benchmark","phase11_rf_dynamic_elo_open","open_core","frozen","regulation_1x2","rps","tournament","within_tournament","wc2018",0.203432542183818,1,64,64,64,1
"phase11-hybrid-challenger-benchmark","phase11_rf_dynamic_elo_open","open_core","frozen","regulation_1x2","rps","tournament","within_tournament","wc2022",0.220083008785315,1,64,64,64,1
"phase11-hybrid-challenger-benchmark","phase11_rf_dynamic_elo_open","open_core","frozen","regulation_1x2","rps","headline","equal_tournament","headline",0.207184327366208,12,630,630,630,1
"phase11-hybrid-challenger-benchmark","phase11_rf_dynamic_elo_open","open_core","frozen","regulation_1x2","rps","headline","fixture_weighted","headline",0.20627596794674,12,630,630,630,1
"phase11-hybrid-challenger-benchmark","phase11_rf_dynamic_elo_open","open_core","frozen","regulation_1x2","winner_pick_accuracy","tournament","within_tournament","euro2004",0.419354838709677,1,31,31,31,1
"phase11-hybrid-challenger-benchmark","phase11_rf_dynamic_elo_open","open_core","frozen","regulation_1x2","winner_pick_accuracy","tournament","within_tournament","euro2008",0.548387096774194,1,31,31,31,1
"phase11-hybrid-challenger-benchmark","phase11_rf_dynamic_elo_open","open_core","frozen","regulation_1x2","winner_pick_accuracy","tournament","within_tournament","euro2012",0.516129032258065,1,31,31,31,1
"phase11-hybrid-challenger-benchmark","phase11_rf_dynamic_elo_open","open_core","frozen","regulation_1x2","winner_pick_accuracy","tournament","within_tournament","euro2016",0.411764705882353,1,51,51,51,1
"phase11-hybrid-challenger-benchmark","phase11_rf_dynamic_elo_open","open_core","frozen","regulation_1x2","winner_pick_accuracy","tournament","within_tournament","euro2020",0.490196078431373,1,51,51,51,1
"phase11-hybrid-challenger-benchmark","phase11_rf_dynamic_elo_open","open_core","frozen","regulation_1x2","winner_pick_accuracy","tournament","within_tournament","euro2024",0.509803921568627,1,51,51,51,1
"phase11-hybrid-challenger-benchmark","phase11_rf_dynamic_elo_open","open_core","frozen","regulation_1x2","winner_pick_accuracy","tournament","within_tournament","wc2002",0.5,1,64,64,64,1
"phase11-hybrid-challenger-benchmark","phase11_rf_dynamic_elo_open","open_core","frozen","regulation_1x2","winner_pick_accuracy","tournament","within_tournament","wc2006",0.578125,1,64,64,64,1
"phase11-hybrid-challenger-benchmark","phase11_rf_dynamic_elo_open","open_core","frozen","regulation_1x2","winner_pick_accuracy","tournament","within_tournament","wc2010",0.484375,1,64,64,64,1
"phase11-hybrid-challenger-benchmark","phase11_rf_dynamic_elo_open","open_core","frozen","regulation_1x2","winner_pick_accuracy","tournament","within_tournament","wc2014",0.484375,1,64,64,64,1
"phase11-hybrid-challenger-benchmark","phase11_rf_dynamic_elo_open","open_core","frozen","regulation_1x2","winner_pick_accuracy","tournament","within_tournament","wc2018",0.59375,1,64,64,64,1
"phase11-hybrid-challenger-benchmark","phase11_rf_dynamic_elo_open","open_core","frozen","regulation_1x2","winner_pick_accuracy","tournament","within_tournament","wc2022",0.53125,1,64,64,64,1
"phase11-hybrid-challenger-benchmark","phase11_rf_dynamic_elo_open","open_core","frozen","regulation_1x2","winner_pick_accuracy","headline","equal_tournament","headline",0.505625889468691,12,630,630,630,1
"phase11-hybrid-challenger-benchmark","phase11_rf_dynamic_elo_open","open_core","frozen","regulation_1x2","winner_pick_accuracy","headline","fixture_weighted","headline",0.50952380952381,12,630,630,630,1
"phase11-hybrid-challenger-benchmark","phase11_rf_dynamic_elo_open","open_core","frozen","regulation_scoreline","exact_score_hit","tournament","within_tournament","euro2004",0.0967741935483871,1,31,31,31,1
"phase11-hybrid-challenger-benchmark","phase11_rf_dynamic_elo_open","open_core","frozen","regulation_scoreline","exact_score_hit","tournament","within_tournament","euro2008",0.193548387096774,1,31,31,31,1
"phase11-hybrid-challenger-benchmark","phase11_rf_dynamic_elo_open","open_core","frozen","regulation_scoreline","exact_score_hit","tournament","within_tournament","euro2012",0.129032258064516,1,31,31,31,1
"phase11-hybrid-challenger-benchmark","phase11_rf_dynamic_elo_open","open_core","frozen","regulation_scoreline","exact_score_hit","tournament","within_tournament","euro2016",0.137254901960784,1,51,51,51,1
"phase11-hybrid-challenger-benchmark","phase11_rf_dynamic_elo_open","open_core","frozen","regulation_scoreline","exact_score_hit","tournament","within_tournament","euro2020",0.0980392156862745,1,51,51,51,1
"phase11-hybrid-challenger-benchmark","phase11_rf_dynamic_elo_open","open_core","frozen","regulation_scoreline","exact_score_hit","tournament","within_tournament","euro2024",0.176470588235294,1,51,51,51,1
"phase11-hybrid-challenger-benchmark","phase11_rf_dynamic_elo_open","open_core","frozen","regulation_scoreline","exact_score_hit","tournament","within_tournament","wc2002",0.125,1,64,64,64,1
"phase11-hybrid-challenger-benchmark","phase11_rf_dynamic_elo_open","open_core","frozen","regulation_scoreline","exact_score_hit","tournament","within_tournament","wc2006",0.09375,1,64,64,64,1
"phase11-hybrid-challenger-benchmark","phase11_rf_dynamic_elo_open","open_core","frozen","regulation_scoreline","exact_score_hit","tournament","within_tournament","wc2010",0.171875,1,64,64,64,1
"phase11-hybrid-challenger-benchmark","phase11_rf_dynamic_elo_open","open_core","frozen","regulation_scoreline","exact_score_hit","tournament","within_tournament","wc2014",0.078125,1,64,64,64,1
"phase11-hybrid-challenger-benchmark","phase11_rf_dynamic_elo_open","open_core","frozen","regulation_scoreline","exact_score_hit","tournament","within_tournament","wc2018",0.140625,1,64,64,64,1
"phase11-hybrid-challenger-benchmark","phase11_rf_dynamic_elo_open","open_core","frozen","regulation_scoreline","exact_score_hit","tournament","within_tournament","wc2022",0.09375,1,64,64,64,1
"phase11-hybrid-challenger-benchmark","phase11_rf_dynamic_elo_open","open_core","frozen","regulation_scoreline","exact_score_hit","headline","equal_tournament","headline",0.127853712049336,12,630,630,630,1
"phase11-hybrid-challenger-benchmark","phase11_rf_dynamic_elo_open","open_core","frozen","regulation_scoreline","exact_score_hit","headline","fixture_weighted","headline",0.125396825396825,12,630,630,630,1
"phase11-hybrid-challenger-benchmark","phase11_rf_dynamic_elo_open","open_core","frozen","regulation_scoreline","joint_scoreline_log_loss","tournament","within_tournament","euro2004",2.76134523629401,1,31,31,31,1
"phase11-hybrid-challenger-benchmark","phase11_rf_dynamic_elo_open","open_core","frozen","regulation_scoreline","joint_scoreline_log_loss","tournament","within_tournament","euro2008",2.80296575453157,1,31,31,31,1
"phase11-hybrid-challenger-benchmark","phase11_rf_dynamic_elo_open","open_core","frozen","regulation_scoreline","joint_scoreline_log_loss","tournament","within_tournament","euro2012",2.89804030995563,1,31,31,31,1
"phase11-hybrid-challenger-benchmark","phase11_rf_dynamic_elo_open","open_core","frozen","regulation_scoreline","joint_scoreline_log_loss","tournament","within_tournament","euro2016",2.78806338291721,1,51,51,51,1
"phase11-hybrid-challenger-benchmark","phase11_rf_dynamic_elo_open","open_core","frozen","regulation_scoreline","joint_scoreline_log_loss","tournament","within_tournament","euro2020",2.85139365298675,1,51,51,51,1
"phase11-hybrid-challenger-benchmark","phase11_rf_dynamic_elo_open","open_core","frozen","regulation_scoreline","joint_scoreline_log_loss","tournament","within_tournament","euro2024",2.71501991660887,1,51,51,51,1
"phase11-hybrid-challenger-benchmark","phase11_rf_dynamic_elo_open","open_core","frozen","regulation_scoreline","joint_scoreline_log_loss","tournament","within_tournament","wc2002",2.83488661782374,1,64,64,64,1
"phase11-hybrid-challenger-benchmark","phase11_rf_dynamic_elo_open","open_core","frozen","regulation_scoreline","joint_scoreline_log_loss","tournament","within_tournament","wc2006",2.72882021849459,1,64,64,64,1
"phase11-hybrid-challenger-benchmark","phase11_rf_dynamic_elo_open","open_core","frozen","regulation_scoreline","joint_scoreline_log_loss","tournament","within_tournament","wc2010",2.81090855807579,1,64,64,64,1
"phase11-hybrid-challenger-benchmark","phase11_rf_dynamic_elo_open","open_core","frozen","regulation_scoreline","joint_scoreline_log_loss","tournament","within_tournament","wc2014",3.04527359079319,1,64,64,64,1
"phase11-hybrid-challenger-benchmark","phase11_rf_dynamic_elo_open","open_core","frozen","regulation_scoreline","joint_scoreline_log_loss","tournament","within_tournament","wc2018",2.83765198530377,1,64,64,64,1
"phase11-hybrid-challenger-benchmark","phase11_rf_dynamic_elo_open","open_core","frozen","regulation_scoreline","joint_scoreline_log_loss","tournament","within_tournament","wc2022",3.06995632821297,1,64,64,64,1
"phase11-hybrid-challenger-benchmark","phase11_rf_dynamic_elo_open","open_core","frozen","regulation_scoreline","joint_scoreline_log_loss","headline","equal_tournament","headline",2.84536046266651,12,630,630,630,1
"phase11-hybrid-challenger-benchmark","phase11_rf_dynamic_elo_open","open_core","frozen","regulation_scoreline","joint_scoreline_log_loss","headline","fixture_weighted","headline",2.85296990796735,12,630,630,630,1
"phase11-hybrid-challenger-benchmark","phase11_rf_dynamic_elo_open","open_core","frozen","under_2_5","under_2_5_brier","tournament","within_tournament","euro2004",0.261943091393189,1,31,31,31,1
"phase11-hybrid-challenger-benchmark","phase11_rf_dynamic_elo_open","open_core","frozen","under_2_5","under_2_5_brier","tournament","within_tournament","euro2008",0.247680202184016,1,31,31,31,1
"phase11-hybrid-challenger-benchmark","phase11_rf_dynamic_elo_open","open_core","frozen","under_2_5","under_2_5_brier","tournament","within_tournament","euro2012",0.260494484646911,1,31,31,31,1
"phase11-hybrid-challenger-benchmark","phase11_rf_dynamic_elo_open","open_core","frozen","under_2_5","under_2_5_brier","tournament","within_tournament","euro2016",0.244910413871539,1,51,51,51,1
"phase11-hybrid-challenger-benchmark","phase11_rf_dynamic_elo_open","open_core","frozen","under_2_5","under_2_5_brier","tournament","within_tournament","euro2020",0.263608419927672,1,51,51,51,1
"phase11-hybrid-challenger-benchmark","phase11_rf_dynamic_elo_open","open_core","frozen","under_2_5","under_2_5_brier","tournament","within_tournament","euro2024",0.2492449054627,1,51,51,51,1
"phase11-hybrid-challenger-benchmark","phase11_rf_dynamic_elo_open","open_core","frozen","under_2_5","under_2_5_brier","tournament","within_tournament","wc2002",0.237744931895604,1,64,64,64,1
"phase11-hybrid-challenger-benchmark","phase11_rf_dynamic_elo_open","open_core","frozen","under_2_5","under_2_5_brier","tournament","within_tournament","wc2006",0.239262701552829,1,64,64,64,1
"phase11-hybrid-challenger-benchmark","phase11_rf_dynamic_elo_open","open_core","frozen","under_2_5","under_2_5_brier","tournament","within_tournament","wc2010",0.268778995807486,1,64,64,64,1
"phase11-hybrid-challenger-benchmark","phase11_rf_dynamic_elo_open","open_core","frozen","under_2_5","under_2_5_brier","tournament","within_tournament","wc2014",0.263317436036636,1,64,64,64,1
"phase11-hybrid-challenger-benchmark","phase11_rf_dynamic_elo_open","open_core","frozen","under_2_5","under_2_5_brier","tournament","within_tournament","wc2018",0.25677603047726,1,64,64,64,1
"phase11-hybrid-challenger-benchmark","phase11_rf_dynamic_elo_open","open_core","frozen","under_2_5","under_2_5_brier","tournament","within_tournament","wc2022",0.28294822715325,1,64,64,64,1
"phase11-hybrid-challenger-benchmark","phase11_rf_dynamic_elo_open","open_core","frozen","under_2_5","under_2_5_brier","headline","equal_tournament","headline",0.256392486700758,12,630,630,630,1
"phase11-hybrid-challenger-benchmark","phase11_rf_dynamic_elo_open","open_core","frozen","under_2_5","under_2_5_brier","headline","fixture_weighted","headline",0.256578753165684,12,630,630,630,1
"phase11-hybrid-challenger-benchmark","phase11_rf_dynamic_elo_open","open_core","frozen","under_2_5","under_2_5_log_loss","tournament","within_tournament","euro2004",0.717053955276184,1,31,31,31,1
"phase11-hybrid-challenger-benchmark","phase11_rf_dynamic_elo_open","open_core","frozen","under_2_5","under_2_5_log_loss","tournament","within_tournament","euro2008",0.693603117508147,1,31,31,31,1
"phase11-hybrid-challenger-benchmark","phase11_rf_dynamic_elo_open","open_core","frozen","under_2_5","under_2_5_log_loss","tournament","within_tournament","euro2012",0.720049760034852,1,31,31,31,1
"phase11-hybrid-challenger-benchmark","phase11_rf_dynamic_elo_open","open_core","frozen","under_2_5","under_2_5_log_loss","tournament","within_tournament","euro2016",0.681706573745155,1,51,51,51,1
"phase11-hybrid-challenger-benchmark","phase11_rf_dynamic_elo_open","open_core","frozen","under_2_5","under_2_5_log_loss","tournament","within_tournament","euro2020",0.72332432769304,1,51,51,51,1
"phase11-hybrid-challenger-benchmark","phase11_rf_dynamic_elo_open","open_core","frozen","under_2_5","under_2_5_log_loss","tournament","within_tournament","euro2024",0.691325876129777,1,51,51,51,1
"phase11-hybrid-challenger-benchmark","phase11_rf_dynamic_elo_open","open_core","frozen","under_2_5","under_2_5_log_loss","tournament","within_tournament","wc2002",0.669080825985437,1,64,64,64,1
"phase11-hybrid-challenger-benchmark","phase11_rf_dynamic_elo_open","open_core","frozen","under_2_5","under_2_5_log_loss","tournament","within_tournament","wc2006",0.669805990740987,1,64,64,64,1
"phase11-hybrid-challenger-benchmark","phase11_rf_dynamic_elo_open","open_core","frozen","under_2_5","under_2_5_log_loss","tournament","within_tournament","wc2010",0.73318767906659,1,64,64,64,1
"phase11-hybrid-challenger-benchmark","phase11_rf_dynamic_elo_open","open_core","frozen","under_2_5","under_2_5_log_loss","tournament","within_tournament","wc2014",0.722922361450976,1,64,64,64,1
"phase11-hybrid-challenger-benchmark","phase11_rf_dynamic_elo_open","open_core","frozen","under_2_5","under_2_5_log_loss","tournament","within_tournament","wc2018",0.707404627597304,1,64,64,64,1
"phase11-hybrid-challenger-benchmark","phase11_rf_dynamic_elo_open","open_core","frozen","under_2_5","under_2_5_log_loss","tournament","within_tournament","wc2022",0.762177634472181,1,64,64,64,1
"phase11-hybrid-challenger-benchmark","phase11_rf_dynamic_elo_open","open_core","frozen","under_2_5","under_2_5_log_loss","headline","equal_tournament","headline",0.707636894141719,12,630,630,630,1
"phase11-hybrid-challenger-benchmark","phase11_rf_dynamic_elo_open","open_core","frozen","under_2_5","under_2_5_log_loss","headline","fixture_weighted","headline",0.70777646207845,12,630,630,630,1
"phase11-hybrid-challenger-benchmark","phase11_rf_dynamic_elo_open","open_core","updating","away_goals","away_goal_rps","tournament","within_tournament","euro2004",0.584543167531067,1,31,31,31,1
"phase11-hybrid-challenger-benchmark","phase11_rf_dynamic_elo_open","open_core","updating","away_goals","away_goal_rps","tournament","within_tournament","euro2008",0.53204897140938,1,31,31,31,1
"phase11-hybrid-challenger-benchmark","phase11_rf_dynamic_elo_open","open_core","updating","away_goals","away_goal_rps","tournament","within_tournament","euro2012",0.51146212701962,1,31,31,31,1
"phase11-hybrid-challenger-benchmark","phase11_rf_dynamic_elo_open","open_core","updating","away_goals","away_goal_rps","tournament","within_tournament","euro2016",0.489299199833078,1,51,51,51,1
"phase11-hybrid-challenger-benchmark","phase11_rf_dynamic_elo_open","open_core","updating","away_goals","away_goal_rps","tournament","within_tournament","euro2020",0.536897923435202,1,51,51,51,1
"phase11-hybrid-challenger-benchmark","phase11_rf_dynamic_elo_open","open_core","updating","away_goals","away_goal_rps","tournament","within_tournament","euro2024",0.502681950349876,1,51,51,51,1
"phase11-hybrid-challenger-benchmark","phase11_rf_dynamic_elo_open","open_core","updating","away_goals","away_goal_rps","tournament","within_tournament","wc2002",0.553505114216886,1,64,64,64,1
"phase11-hybrid-challenger-benchmark","phase11_rf_dynamic_elo_open","open_core","updating","away_goals","away_goal_rps","tournament","within_tournament","wc2006",0.514082883263698,1,64,64,64,1
"phase11-hybrid-challenger-benchmark","phase11_rf_dynamic_elo_open","open_core","updating","away_goals","away_goal_rps","tournament","within_tournament","wc2010",0.478171393899055,1,64,64,64,1
"phase11-hybrid-challenger-benchmark","phase11_rf_dynamic_elo_open","open_core","updating","away_goals","away_goal_rps","tournament","within_tournament","wc2014",0.730872037180108,1,64,64,64,1
"phase11-hybrid-challenger-benchmark","phase11_rf_dynamic_elo_open","open_core","updating","away_goals","away_goal_rps","tournament","within_tournament","wc2018",0.560694938443626,1,64,64,64,1
"phase11-hybrid-challenger-benchmark","phase11_rf_dynamic_elo_open","open_core","updating","away_goals","away_goal_rps","tournament","within_tournament","wc2022",0.623030545123177,1,64,64,64,1
"phase11-hybrid-challenger-benchmark","phase11_rf_dynamic_elo_open","open_core","updating","away_goals","away_goal_rps","headline","equal_tournament","headline",0.551440854308731,12,630,630,630,1
"phase11-hybrid-challenger-benchmark","phase11_rf_dynamic_elo_open","open_core","updating","away_goals","away_goal_rps","headline","fixture_weighted","headline",0.555405329167282,12,630,630,630,1
"phase11-hybrid-challenger-benchmark","phase11_rf_dynamic_elo_open","open_core","updating","btts","btts_brier","tournament","within_tournament","euro2004",0.26663384116287,1,31,31,31,1
"phase11-hybrid-challenger-benchmark","phase11_rf_dynamic_elo_open","open_core","updating","btts","btts_brier","tournament","within_tournament","euro2008",0.249784875702931,1,31,31,31,1
"phase11-hybrid-challenger-benchmark","phase11_rf_dynamic_elo_open","open_core","updating","btts","btts_brier","tournament","within_tournament","euro2012",0.277707418087122,1,31,31,31,1
"phase11-hybrid-challenger-benchmark","phase11_rf_dynamic_elo_open","open_core","updating","btts","btts_brier","tournament","within_tournament","euro2016",0.230807519937387,1,51,51,51,1
"phase11-hybrid-challenger-benchmark","phase11_rf_dynamic_elo_open","open_core","updating","btts","btts_brier","tournament","within_tournament","euro2020",0.241374025285301,1,51,51,51,1
"phase11-hybrid-challenger-benchmark","phase11_rf_dynamic_elo_open","open_core","updating","btts","btts_brier","tournament","within_tournament","euro2024",0.2721022854282,1,51,51,51,1
"phase11-hybrid-challenger-benchmark","phase11_rf_dynamic_elo_open","open_core","updating","btts","btts_brier","tournament","within_tournament","wc2002",0.24964180331059,1,64,64,64,1
"phase11-hybrid-challenger-benchmark","phase11_rf_dynamic_elo_open","open_core","updating","btts","btts_brier","tournament","within_tournament","wc2006",0.244648933741493,1,64,64,64,1
"phase11-hybrid-challenger-benchmark","phase11_rf_dynamic_elo_open","open_core","updating","btts","btts_brier","tournament","within_tournament","wc2010",0.262229869490163,1,64,64,64,1
"phase11-hybrid-challenger-benchmark","phase11_rf_dynamic_elo_open","open_core","updating","btts","btts_brier","tournament","within_tournament","wc2014",0.255781102327789,1,64,64,64,1
"phase11-hybrid-challenger-benchmark","phase11_rf_dynamic_elo_open","open_core","updating","btts","btts_brier","tournament","within_tournament","wc2018",0.285649803599087,1,64,64,64,1
"phase11-hybrid-challenger-benchmark","phase11_rf_dynamic_elo_open","open_core","updating","btts","btts_brier","tournament","within_tournament","wc2022",0.271364636600634,1,64,64,64,1
"phase11-hybrid-challenger-benchmark","phase11_rf_dynamic_elo_open","open_core","updating","btts","btts_brier","headline","equal_tournament","headline",0.258977176222797,12,630,630,630,1
"phase11-hybrid-challenger-benchmark","phase11_rf_dynamic_elo_open","open_core","updating","btts","btts_brier","headline","fixture_weighted","headline",0.258750189027302,12,630,630,630,1
"phase11-hybrid-challenger-benchmark","phase11_rf_dynamic_elo_open","open_core","updating","btts","btts_log_loss","tournament","within_tournament","euro2004",0.726757664659449,1,31,31,31,1
"phase11-hybrid-challenger-benchmark","phase11_rf_dynamic_elo_open","open_core","updating","btts","btts_log_loss","tournament","within_tournament","euro2008",0.695078822716382,1,31,31,31,1
"phase11-hybrid-challenger-benchmark","phase11_rf_dynamic_elo_open","open_core","updating","btts","btts_log_loss","tournament","within_tournament","euro2012",0.752858726339722,1,31,31,31,1
"phase11-hybrid-challenger-benchmark","phase11_rf_dynamic_elo_open","open_core","updating","btts","btts_log_loss","tournament","within_tournament","euro2016",0.652573168942471,1,51,51,51,1
"phase11-hybrid-challenger-benchmark","phase11_rf_dynamic_elo_open","open_core","updating","btts","btts_log_loss","tournament","within_tournament","euro2020",0.675192585833598,1,51,51,51,1
"phase11-hybrid-challenger-benchmark","phase11_rf_dynamic_elo_open","open_core","updating","btts","btts_log_loss","tournament","within_tournament","euro2024",0.740571510048444,1,51,51,51,1
"phase11-hybrid-challenger-benchmark","phase11_rf_dynamic_elo_open","open_core","updating","btts","btts_log_loss","tournament","within_tournament","wc2002",0.694689405792828,1,64,64,64,1
"phase11-hybrid-challenger-benchmark","phase11_rf_dynamic_elo_open","open_core","updating","btts","btts_log_loss","tournament","within_tournament","wc2006",0.682270220400059,1,64,64,64,1
"phase11-hybrid-challenger-benchmark","phase11_rf_dynamic_elo_open","open_core","updating","btts","btts_log_loss","tournament","within_tournament","wc2010",0.720673985727703,1,64,64,64,1
"phase11-hybrid-challenger-benchmark","phase11_rf_dynamic_elo_open","open_core","updating","btts","btts_log_loss","tournament","within_tournament","wc2014",0.70377492259289,1,64,64,64,1
"phase11-hybrid-challenger-benchmark","phase11_rf_dynamic_elo_open","open_core","updating","btts","btts_log_loss","tournament","within_tournament","wc2018",0.768685613321184,1,64,64,64,1
"phase11-hybrid-challenger-benchmark","phase11_rf_dynamic_elo_open","open_core","updating","btts","btts_log_loss","tournament","within_tournament","wc2022",0.739674845827028,1,64,64,64,1
"phase11-hybrid-challenger-benchmark","phase11_rf_dynamic_elo_open","open_core","updating","btts","btts_log_loss","headline","equal_tournament","headline",0.712733456016813,12,630,630,630,1
"phase11-hybrid-challenger-benchmark","phase11_rf_dynamic_elo_open","open_core","updating","btts","btts_log_loss","headline","fixture_weighted","headline",0.712263440834255,12,630,630,630,1
"phase11-hybrid-challenger-benchmark","phase11_rf_dynamic_elo_open","open_core","updating","home_goals","home_goal_rps","tournament","within_tournament","euro2004",0.595214877407926,1,31,31,31,1
"phase11-hybrid-challenger-benchmark","phase11_rf_dynamic_elo_open","open_core","updating","home_goals","home_goal_rps","tournament","within_tournament","euro2008",0.643798642004547,1,31,31,31,1
"phase11-hybrid-challenger-benchmark","phase11_rf_dynamic_elo_open","open_core","updating","home_goals","home_goal_rps","tournament","within_tournament","euro2012",0.650002395353025,1,31,31,31,1
"phase11-hybrid-challenger-benchmark","phase11_rf_dynamic_elo_open","open_core","updating","home_goals","home_goal_rps","tournament","within_tournament","euro2016",0.660991795370163,1,51,51,51,1
"phase11-hybrid-challenger-benchmark","phase11_rf_dynamic_elo_open","open_core","updating","home_goals","home_goal_rps","tournament","within_tournament","euro2020",0.665213722207517,1,51,51,51,1
"phase11-hybrid-challenger-benchmark","phase11_rf_dynamic_elo_open","open_core","updating","home_goals","home_goal_rps","tournament","within_tournament","euro2024",0.542611054392097,1,51,51,51,1
"phase11-hybrid-challenger-benchmark","phase11_rf_dynamic_elo_open","open_core","updating","home_goals","home_goal_rps","tournament","within_tournament","wc2002",0.643511192594291,1,64,64,64,1
"phase11-hybrid-challenger-benchmark","phase11_rf_dynamic_elo_open","open_core","updating","home_goals","home_goal_rps","tournament","within_tournament","wc2006",0.64333601191934,1,64,64,64,1
"phase11-hybrid-challenger-benchmark","phase11_rf_dynamic_elo_open","open_core","updating","home_goals","home_goal_rps","tournament","within_tournament","wc2010",0.695932236350727,1,64,64,64,1
"phase11-hybrid-challenger-benchmark","phase11_rf_dynamic_elo_open","open_core","updating","home_goals","home_goal_rps","tournament","within_tournament","wc2014",0.590736065540162,1,64,64,64,1
"phase11-hybrid-challenger-benchmark","phase11_rf_dynamic_elo_open","open_core","updating","home_goals","home_goal_rps","tournament","within_tournament","wc2018",0.654118741082042,1,64,64,64,1
"phase11-hybrid-challenger-benchmark","phase11_rf_dynamic_elo_open","open_core","updating","home_goals","home_goal_rps","tournament","within_tournament","wc2022",0.797020088024239,1,64,64,64,1
"phase11-hybrid-challenger-benchmark","phase11_rf_dynamic_elo_open","open_core","updating","home_goals","home_goal_rps","headline","equal_tournament","headline",0.648540568520506,12,630,630,630,1
"phase11-hybrid-challenger-benchmark","phase11_rf_dynamic_elo_open","open_core","updating","home_goals","home_goal_rps","headline","fixture_weighted","headline",0.653090501588699,12,630,630,630,1
"phase11-hybrid-challenger-benchmark","phase11_rf_dynamic_elo_open","open_core","updating","over_2_5","over_2_5_brier","tournament","within_tournament","euro2004",0.279638810096588,1,31,31,31,1
"phase11-hybrid-challenger-benchmark","phase11_rf_dynamic_elo_open","open_core","updating","over_2_5","over_2_5_brier","tournament","within_tournament","euro2008",0.23098829138098,1,31,31,31,1
"phase11-hybrid-challenger-benchmark","phase11_rf_dynamic_elo_open","open_core","updating","over_2_5","over_2_5_brier","tournament","within_tournament","euro2012",0.262574970373282,1,31,31,31,1
"phase11-hybrid-challenger-benchmark","phase11_rf_dynamic_elo_open","open_core","updating","over_2_5","over_2_5_brier","tournament","within_tournament","euro2016",0.251346231521369,1,51,51,51,1
"phase11-hybrid-challenger-benchmark","phase11_rf_dynamic_elo_open","open_core","updating","over_2_5","over_2_5_brier","tournament","within_tournament","euro2020",0.255928905973148,1,51,51,51,1
"phase11-hybrid-challenger-benchmark","phase11_rf_dynamic_elo_open","open_core","updating","over_2_5","over_2_5_brier","tournament","within_tournament","euro2024",0.238326638676037,1,51,51,51,1
"phase11-hybrid-challenger-benchmark","phase11_rf_dynamic_elo_open","open_core","updating","over_2_5","over_2_5_brier","tournament","within_tournament","wc2002",0.226348592731383,1,64,64,64,1
"phase11-hybrid-challenger-benchmark","phase11_rf_dynamic_elo_open","open_core","updating","over_2_5","over_2_5_brier","tournament","within_tournament","wc2006",0.26422643038404,1,64,64,64,1
"phase11-hybrid-challenger-benchmark","phase11_rf_dynamic_elo_open","open_core","updating","over_2_5","over_2_5_brier","tournament","within_tournament","wc2010",0.255084238024986,1,64,64,64,1
"phase11-hybrid-challenger-benchmark","phase11_rf_dynamic_elo_open","open_core","updating","over_2_5","over_2_5_brier","tournament","within_tournament","wc2014",0.258103783830968,1,64,64,64,1
"phase11-hybrid-challenger-benchmark","phase11_rf_dynamic_elo_open","open_core","updating","over_2_5","over_2_5_brier","tournament","within_tournament","wc2018",0.270390591267578,1,64,64,64,1
"phase11-hybrid-challenger-benchmark","phase11_rf_dynamic_elo_open","open_core","updating","over_2_5","over_2_5_brier","tournament","within_tournament","wc2022",0.290190305271938,1,64,64,64,1
"phase11-hybrid-challenger-benchmark","phase11_rf_dynamic_elo_open","open_core","updating","over_2_5","over_2_5_brier","headline","equal_tournament","headline",0.256928982461025,12,630,630,630,1
"phase11-hybrid-challenger-benchmark","phase11_rf_dynamic_elo_open","open_core","updating","over_2_5","over_2_5_brier","headline","fixture_weighted","headline",0.257322169950431,12,630,630,630,1
"phase11-hybrid-challenger-benchmark","phase11_rf_dynamic_elo_open","open_core","updating","over_2_5","over_2_5_log_loss","tournament","within_tournament","euro2004",0.757933704640728,1,31,31,31,1
"phase11-hybrid-challenger-benchmark","phase11_rf_dynamic_elo_open","open_core","updating","over_2_5","over_2_5_log_loss","tournament","within_tournament","euro2008",0.657937149670392,1,31,31,31,1
"phase11-hybrid-challenger-benchmark","phase11_rf_dynamic_elo_open","open_core","updating","over_2_5","over_2_5_log_loss","tournament","within_tournament","euro2012",0.724007652555288,1,31,31,31,1
"phase11-hybrid-challenger-benchmark","phase11_rf_dynamic_elo_open","open_core","updating","over_2_5","over_2_5_log_loss","tournament","within_tournament","euro2016",0.697857760493086,1,51,51,51,1
"phase11-hybrid-challenger-benchmark","phase11_rf_dynamic_elo_open","open_core","updating","over_2_5","over_2_5_log_loss","tournament","within_tournament","euro2020",0.705382089065775,1,51,51,51,1
"phase11-hybrid-challenger-benchmark","phase11_rf_dynamic_elo_open","open_core","updating","over_2_5","over_2_5_log_loss","tournament","within_tournament","euro2024",0.669037622133728,1,51,51,51,1
"phase11-hybrid-challenger-benchmark","phase11_rf_dynamic_elo_open","open_core","updating","over_2_5","over_2_5_log_loss","tournament","within_tournament","wc2002",0.645525132247916,1,64,64,64,1
"phase11-hybrid-challenger-benchmark","phase11_rf_dynamic_elo_open","open_core","updating","over_2_5","over_2_5_log_loss","tournament","within_tournament","wc2006",0.722860540153804,1,64,64,64,1
"phase11-hybrid-challenger-benchmark","phase11_rf_dynamic_elo_open","open_core","updating","over_2_5","over_2_5_log_loss","tournament","within_tournament","wc2010",0.708799334737137,1,64,64,64,1
"phase11-hybrid-challenger-benchmark","phase11_rf_dynamic_elo_open","open_core","updating","over_2_5","over_2_5_log_loss","tournament","within_tournament","wc2014",0.709168588273733,1,64,64,64,1
"phase11-hybrid-challenger-benchmark","phase11_rf_dynamic_elo_open","open_core","updating","over_2_5","over_2_5_log_loss","tournament","within_tournament","wc2018",0.738087585422223,1,64,64,64,1
"phase11-hybrid-challenger-benchmark","phase11_rf_dynamic_elo_open","open_core","updating","over_2_5","over_2_5_log_loss","tournament","within_tournament","wc2022",0.779052493462195,1,64,64,64,1
"phase11-hybrid-challenger-benchmark","phase11_rf_dynamic_elo_open","open_core","updating","over_2_5","over_2_5_log_loss","headline","equal_tournament","headline",0.709637471071334,12,630,630,630,1
"phase11-hybrid-challenger-benchmark","phase11_rf_dynamic_elo_open","open_core","updating","over_2_5","over_2_5_log_loss","headline","fixture_weighted","headline",0.71023171416538,12,630,630,630,1
"phase11-hybrid-challenger-benchmark","phase11_rf_dynamic_elo_open","open_core","updating","regulation_1x2","brier","tournament","within_tournament","euro2004",0.611320823581686,1,31,31,31,1
"phase11-hybrid-challenger-benchmark","phase11_rf_dynamic_elo_open","open_core","updating","regulation_1x2","brier","tournament","within_tournament","euro2008",0.614871476798171,1,31,31,31,1
"phase11-hybrid-challenger-benchmark","phase11_rf_dynamic_elo_open","open_core","updating","regulation_1x2","brier","tournament","within_tournament","euro2012",0.625573370264075,1,31,31,31,1
"phase11-hybrid-challenger-benchmark","phase11_rf_dynamic_elo_open","open_core","updating","regulation_1x2","brier","tournament","within_tournament","euro2016",0.683818966132654,1,51,51,51,1
"phase11-hybrid-challenger-benchmark","phase11_rf_dynamic_elo_open","open_core","updating","regulation_1x2","brier","tournament","within_tournament","euro2020",0.606446313690756,1,51,51,51,1
"phase11-hybrid-challenger-benchmark","phase11_rf_dynamic_elo_open","open_core","updating","regulation_1x2","brier","tournament","within_tournament","euro2024",0.652194276814174,1,51,51,51,1
"phase11-hybrid-challenger-benchmark","phase11_rf_dynamic_elo_open","open_core","updating","regulation_1x2","brier","tournament","within_tournament","wc2002",0.64505708978163,1,64,64,64,1
"phase11-hybrid-challenger-benchmark","phase11_rf_dynamic_elo_open","open_core","updating","regulation_1x2","brier","tournament","within_tournament","wc2006",0.544107639772594,1,64,64,64,1
"phase11-hybrid-challenger-benchmark","phase11_rf_dynamic_elo_open","open_core","updating","regulation_1x2","brier","tournament","within_tournament","wc2010",0.616472515214804,1,64,64,64,1
"phase11-hybrid-challenger-benchmark","phase11_rf_dynamic_elo_open","open_core","updating","regulation_1x2","brier","tournament","within_tournament","wc2014",0.61617836904678,1,64,64,64,1
"phase11-hybrid-challenger-benchmark","phase11_rf_dynamic_elo_open","open_core","updating","regulation_1x2","brier","tournament","within_tournament","wc2018",0.601045948213947,1,64,64,64,1
"phase11-hybrid-challenger-benchmark","phase11_rf_dynamic_elo_open","open_core","updating","regulation_1x2","brier","tournament","within_tournament","wc2022",0.629903677616853,1,64,64,64,1
"phase11-hybrid-challenger-benchmark","phase11_rf_dynamic_elo_open","open_core","updating","regulation_1x2","brier","headline","equal_tournament","headline",0.620582538910677,12,630,630,630,1
"phase11-hybrid-challenger-benchmark","phase11_rf_dynamic_elo_open","open_core","updating","regulation_1x2","brier","headline","fixture_weighted","headline",0.619439918279145,12,630,630,630,1
"phase11-hybrid-challenger-benchmark","phase11_rf_dynamic_elo_open","open_core","updating","regulation_1x2","log_loss","tournament","within_tournament","euro2004",1.01580316051494,1,31,31,31,1
"phase11-hybrid-challenger-benchmark","phase11_rf_dynamic_elo_open","open_core","updating","regulation_1x2","log_loss","tournament","within_tournament","euro2008",1.0272668350447,1,31,31,31,1
"phase11-hybrid-challenger-benchmark","phase11_rf_dynamic_elo_open","open_core","updating","regulation_1x2","log_loss","tournament","within_tournament","euro2012",1.04082190897287,1,31,31,31,1
"phase11-hybrid-challenger-benchmark","phase11_rf_dynamic_elo_open","open_core","updating","regulation_1x2","log_loss","tournament","within_tournament","euro2016",1.12969988092522,1,51,51,51,1
"phase11-hybrid-challenger-benchmark","phase11_rf_dynamic_elo_open","open_core","updating","regulation_1x2","log_loss","tournament","within_tournament","euro2020",1.01136463603889,1,51,51,51,1
"phase11-hybrid-challenger-benchmark","phase11_rf_dynamic_elo_open","open_core","updating","regulation_1x2","log_loss","tournament","within_tournament","euro2024",1.07859182152769,1,51,51,51,1
"phase11-hybrid-challenger-benchmark","phase11_rf_dynamic_elo_open","open_core","updating","regulation_1x2","log_loss","tournament","within_tournament","wc2002",1.07473304960283,1,64,64,64,1
"phase11-hybrid-challenger-benchmark","phase11_rf_dynamic_elo_open","open_core","updating","regulation_1x2","log_loss","tournament","within_tournament","wc2006",0.926996814013688,1,64,64,64,1
"phase11-hybrid-challenger-benchmark","phase11_rf_dynamic_elo_open","open_core","updating","regulation_1x2","log_loss","tournament","within_tournament","wc2010",1.02014197231154,1,64,64,64,1
"phase11-hybrid-challenger-benchmark","phase11_rf_dynamic_elo_open","open_core","updating","regulation_1x2","log_loss","tournament","within_tournament","wc2014",1.02290923484739,1,64,64,64,1
"phase11-hybrid-challenger-benchmark","phase11_rf_dynamic_elo_open","open_core","updating","regulation_1x2","log_loss","tournament","within_tournament","wc2018",1.00551872778715,1,64,64,64,1
"phase11-hybrid-challenger-benchmark","phase11_rf_dynamic_elo_open","open_core","updating","regulation_1x2","log_loss","tournament","within_tournament","wc2022",1.06176789548525,1,64,64,64,1
"phase11-hybrid-challenger-benchmark","phase11_rf_dynamic_elo_open","open_core","updating","regulation_1x2","log_loss","headline","equal_tournament","headline",1.03463466142268,12,630,630,630,1
"phase11-hybrid-challenger-benchmark","phase11_rf_dynamic_elo_open","open_core","updating","regulation_1x2","log_loss","headline","fixture_weighted","headline",1.03329437257564,12,630,630,630,1
"phase11-hybrid-challenger-benchmark","phase11_rf_dynamic_elo_open","open_core","updating","regulation_1x2","rps","tournament","within_tournament","euro2004",0.190737546933128,1,31,31,31,1
"phase11-hybrid-challenger-benchmark","phase11_rf_dynamic_elo_open","open_core","updating","regulation_1x2","rps","tournament","within_tournament","euro2008",0.225494580301244,1,31,31,31,1
"phase11-hybrid-challenger-benchmark","phase11_rf_dynamic_elo_open","open_core","updating","regulation_1x2","rps","tournament","within_tournament","euro2012",0.224818371356049,1,31,31,31,1
"phase11-hybrid-challenger-benchmark","phase11_rf_dynamic_elo_open","open_core","updating","regulation_1x2","rps","tournament","within_tournament","euro2016",0.227979927048356,1,51,51,51,1
"phase11-hybrid-challenger-benchmark","phase11_rf_dynamic_elo_open","open_core","updating","regulation_1x2","rps","tournament","within_tournament","euro2020",0.192489425493217,1,51,51,51,1
"phase11-hybrid-challenger-benchmark","phase11_rf_dynamic_elo_open","open_core","updating","regulation_1x2","rps","tournament","within_tournament","euro2024",0.20482084971836,1,51,51,51,1
"phase11-hybrid-challenger-benchmark","phase11_rf_dynamic_elo_open","open_core","updating","regulation_1x2","rps","tournament","within_tournament","wc2002",0.218874700449898,1,64,64,64,1
"phase11-hybrid-challenger-benchmark","phase11_rf_dynamic_elo_open","open_core","updating","regulation_1x2","rps","tournament","within_tournament","wc2006",0.176843514157465,1,64,64,64,1
"phase11-hybrid-challenger-benchmark","phase11_rf_dynamic_elo_open","open_core","updating","regulation_1x2","rps","tournament","within_tournament","wc2010",0.204156813000341,1,64,64,64,1
"phase11-hybrid-challenger-benchmark","phase11_rf_dynamic_elo_open","open_core","updating","regulation_1x2","rps","tournament","within_tournament","wc2014",0.209731451270618,1,64,64,64,1
"phase11-hybrid-challenger-benchmark","phase11_rf_dynamic_elo_open","open_core","updating","regulation_1x2","rps","tournament","within_tournament","wc2018",0.212574681174324,1,64,64,64,1
"phase11-hybrid-challenger-benchmark","phase11_rf_dynamic_elo_open","open_core","updating","regulation_1x2","rps","tournament","within_tournament","wc2022",0.225127384875941,1,64,64,64,1
"phase11-hybrid-challenger-benchmark","phase11_rf_dynamic_elo_open","open_core","updating","regulation_1x2","rps","headline","equal_tournament","headline",0.209470770481578,12,630,630,630,1
"phase11-hybrid-challenger-benchmark","phase11_rf_dynamic_elo_open","open_core","updating","regulation_1x2","rps","headline","fixture_weighted","headline",0.208873194677761,12,630,630,630,1
"phase11-hybrid-challenger-benchmark","phase11_rf_dynamic_elo_open","open_core","updating","regulation_1x2","winner_pick_accuracy","tournament","within_tournament","euro2004",0.387096774193548,1,31,31,31,1
"phase11-hybrid-challenger-benchmark","phase11_rf_dynamic_elo_open","open_core","updating","regulation_1x2","winner_pick_accuracy","tournament","within_tournament","euro2008",0.483870967741935,1,31,31,31,1
"phase11-hybrid-challenger-benchmark","phase11_rf_dynamic_elo_open","open_core","updating","regulation_1x2","winner_pick_accuracy","tournament","within_tournament","euro2012",0.483870967741935,1,31,31,31,1
"phase11-hybrid-challenger-benchmark","phase11_rf_dynamic_elo_open","open_core","updating","regulation_1x2","winner_pick_accuracy","tournament","within_tournament","euro2016",0.431372549019608,1,51,51,51,1
"phase11-hybrid-challenger-benchmark","phase11_rf_dynamic_elo_open","open_core","updating","regulation_1x2","winner_pick_accuracy","tournament","within_tournament","euro2020",0.490196078431372,1,51,51,51,1
"phase11-hybrid-challenger-benchmark","phase11_rf_dynamic_elo_open","open_core","updating","regulation_1x2","winner_pick_accuracy","tournament","within_tournament","euro2024",0.411764705882353,1,51,51,51,1
"phase11-hybrid-challenger-benchmark","phase11_rf_dynamic_elo_open","open_core","updating","regulation_1x2","winner_pick_accuracy","tournament","within_tournament","wc2002",0.421875,1,64,64,64,1
"phase11-hybrid-challenger-benchmark","phase11_rf_dynamic_elo_open","open_core","updating","regulation_1x2","winner_pick_accuracy","tournament","within_tournament","wc2006",0.609375,1,64,64,64,1
"phase11-hybrid-challenger-benchmark","phase11_rf_dynamic_elo_open","open_core","updating","regulation_1x2","winner_pick_accuracy","tournament","within_tournament","wc2010",0.453125,1,64,64,64,1
"phase11-hybrid-challenger-benchmark","phase11_rf_dynamic_elo_open","open_core","updating","regulation_1x2","winner_pick_accuracy","tournament","within_tournament","wc2014",0.5625,1,64,64,64,1
"phase11-hybrid-challenger-benchmark","phase11_rf_dynamic_elo_open","open_core","updating","regulation_1x2","winner_pick_accuracy","tournament","within_tournament","wc2018",0.5,1,64,64,64,1
"phase11-hybrid-challenger-benchmark","phase11_rf_dynamic_elo_open","open_core","updating","regulation_1x2","winner_pick_accuracy","tournament","within_tournament","wc2022",0.5,1,64,64,64,1
"phase11-hybrid-challenger-benchmark","phase11_rf_dynamic_elo_open","open_core","updating","regulation_1x2","winner_pick_accuracy","headline","equal_tournament","headline",0.477920586917563,12,630,630,630,1
"phase11-hybrid-challenger-benchmark","phase11_rf_dynamic_elo_open","open_core","updating","regulation_1x2","winner_pick_accuracy","headline","fixture_weighted","headline",0.484126984126984,12,630,630,630,1
"phase11-hybrid-challenger-benchmark","phase11_rf_dynamic_elo_open","open_core","updating","regulation_scoreline","exact_score_hit","tournament","within_tournament","euro2004",0.0645161290322581,1,31,31,31,1
"phase11-hybrid-challenger-benchmark","phase11_rf_dynamic_elo_open","open_core","updating","regulation_scoreline","exact_score_hit","tournament","within_tournament","euro2008",0.129032258064516,1,31,31,31,1
"phase11-hybrid-challenger-benchmark","phase11_rf_dynamic_elo_open","open_core","updating","regulation_scoreline","exact_score_hit","tournament","within_tournament","euro2012",0.0967741935483871,1,31,31,31,1
"phase11-hybrid-challenger-benchmark","phase11_rf_dynamic_elo_open","open_core","updating","regulation_scoreline","exact_score_hit","tournament","within_tournament","euro2016",0.137254901960784,1,51,51,51,1
"phase11-hybrid-challenger-benchmark","phase11_rf_dynamic_elo_open","open_core","updating","regulation_scoreline","exact_score_hit","tournament","within_tournament","euro2020",0.235294117647059,1,51,51,51,1
"phase11-hybrid-challenger-benchmark","phase11_rf_dynamic_elo_open","open_core","updating","regulation_scoreline","exact_score_hit","tournament","within_tournament","euro2024",0.156862745098039,1,51,51,51,1
"phase11-hybrid-challenger-benchmark","phase11_rf_dynamic_elo_open","open_core","updating","regulation_scoreline","exact_score_hit","tournament","within_tournament","wc2002",0.1875,1,64,64,64,1
"phase11-hybrid-challenger-benchmark","phase11_rf_dynamic_elo_open","open_core","updating","regulation_scoreline","exact_score_hit","tournament","within_tournament","wc2006",0.125,1,64,64,64,1
"phase11-hybrid-challenger-benchmark","phase11_rf_dynamic_elo_open","open_core","updating","regulation_scoreline","exact_score_hit","tournament","within_tournament","wc2010",0.15625,1,64,64,64,1
"phase11-hybrid-challenger-benchmark","phase11_rf_dynamic_elo_open","open_core","updating","regulation_scoreline","exact_score_hit","tournament","within_tournament","wc2014",0.046875,1,64,64,64,1
"phase11-hybrid-challenger-benchmark","phase11_rf_dynamic_elo_open","open_core","updating","regulation_scoreline","exact_score_hit","tournament","within_tournament","wc2018",0.09375,1,64,64,64,1
"phase11-hybrid-challenger-benchmark","phase11_rf_dynamic_elo_open","open_core","updating","regulation_scoreline","exact_score_hit","tournament","within_tournament","wc2022",0.046875,1,64,64,64,1
"phase11-hybrid-challenger-benchmark","phase11_rf_dynamic_elo_open","open_core","updating","regulation_scoreline","exact_score_hit","headline","equal_tournament","headline",0.12299869544592,12,630,630,630,1
"phase11-hybrid-challenger-benchmark","phase11_rf_dynamic_elo_open","open_core","updating","regulation_scoreline","exact_score_hit","headline","fixture_weighted","headline",0.123809523809524,12,630,630,630,1
"phase11-hybrid-challenger-benchmark","phase11_rf_dynamic_elo_open","open_core","updating","regulation_scoreline","joint_scoreline_log_loss","tournament","within_tournament","euro2004",2.84076875489741,1,31,31,31,1
"phase11-hybrid-challenger-benchmark","phase11_rf_dynamic_elo_open","open_core","updating","regulation_scoreline","joint_scoreline_log_loss","tournament","within_tournament","euro2008",2.82491933698668,1,31,31,31,1
"phase11-hybrid-challenger-benchmark","phase11_rf_dynamic_elo_open","open_core","updating","regulation_scoreline","joint_scoreline_log_loss","tournament","within_tournament","euro2012",2.82016169604392,1,31,31,31,1
"phase11-hybrid-challenger-benchmark","phase11_rf_dynamic_elo_open","open_core","updating","regulation_scoreline","joint_scoreline_log_loss","tournament","within_tournament","euro2016",2.74599696881091,1,51,51,51,1
"phase11-hybrid-challenger-benchmark","phase11_rf_dynamic_elo_open","open_core","updating","regulation_scoreline","joint_scoreline_log_loss","tournament","within_tournament","euro2020",2.87367448309077,1,51,51,51,1
"phase11-hybrid-challenger-benchmark","phase11_rf_dynamic_elo_open","open_core","updating","regulation_scoreline","joint_scoreline_log_loss","tournament","within_tournament","euro2024",2.70329776732609,1,51,51,51,1
"phase11-hybrid-challenger-benchmark","phase11_rf_dynamic_elo_open","open_core","updating","regulation_scoreline","joint_scoreline_log_loss","tournament","within_tournament","wc2002",2.88503669990188,1,64,64,64,1
"phase11-hybrid-challenger-benchmark","phase11_rf_dynamic_elo_open","open_core","updating","regulation_scoreline","joint_scoreline_log_loss","tournament","within_tournament","wc2006",2.73199328389239,1,64,64,64,1
"phase11-hybrid-challenger-benchmark","phase11_rf_dynamic_elo_open","open_core","updating","regulation_scoreline","joint_scoreline_log_loss","tournament","within_tournament","wc2010",2.78099027179936,1,64,64,64,1
"phase11-hybrid-challenger-benchmark","phase11_rf_dynamic_elo_open","open_core","updating","regulation_scoreline","joint_scoreline_log_loss","tournament","within_tournament","wc2014",2.992865415376,1,64,64,64,1
"phase11-hybrid-challenger-benchmark","phase11_rf_dynamic_elo_open","open_core","updating","regulation_scoreline","joint_scoreline_log_loss","tournament","within_tournament","wc2018",2.92298184266218,1,64,64,64,1
"phase11-hybrid-challenger-benchmark","phase11_rf_dynamic_elo_open","open_core","updating","regulation_scoreline","joint_scoreline_log_loss","tournament","within_tournament","wc2022",3.10586615577932,1,64,64,64,1
"phase11-hybrid-challenger-benchmark","phase11_rf_dynamic_elo_open","open_core","updating","regulation_scoreline","joint_scoreline_log_loss","headline","equal_tournament","headline",2.85237938971391,12,630,630,630,1
"phase11-hybrid-challenger-benchmark","phase11_rf_dynamic_elo_open","open_core","updating","regulation_scoreline","joint_scoreline_log_loss","headline","fixture_weighted","headline",2.86094560071222,12,630,630,630,1
"phase11-hybrid-challenger-benchmark","phase11_rf_dynamic_elo_open","open_core","updating","under_2_5","under_2_5_brier","tournament","within_tournament","euro2004",0.279638810096588,1,31,31,31,1
"phase11-hybrid-challenger-benchmark","phase11_rf_dynamic_elo_open","open_core","updating","under_2_5","under_2_5_brier","tournament","within_tournament","euro2008",0.23098829138098,1,31,31,31,1
"phase11-hybrid-challenger-benchmark","phase11_rf_dynamic_elo_open","open_core","updating","under_2_5","under_2_5_brier","tournament","within_tournament","euro2012",0.262574970373282,1,31,31,31,1
"phase11-hybrid-challenger-benchmark","phase11_rf_dynamic_elo_open","open_core","updating","under_2_5","under_2_5_brier","tournament","within_tournament","euro2016",0.251346231521369,1,51,51,51,1
"phase11-hybrid-challenger-benchmark","phase11_rf_dynamic_elo_open","open_core","updating","under_2_5","under_2_5_brier","tournament","within_tournament","euro2020",0.255928905973148,1,51,51,51,1
"phase11-hybrid-challenger-benchmark","phase11_rf_dynamic_elo_open","open_core","updating","under_2_5","under_2_5_brier","tournament","within_tournament","euro2024",0.238326638676037,1,51,51,51,1
"phase11-hybrid-challenger-benchmark","phase11_rf_dynamic_elo_open","open_core","updating","under_2_5","under_2_5_brier","tournament","within_tournament","wc2002",0.226348592731383,1,64,64,64,1
"phase11-hybrid-challenger-benchmark","phase11_rf_dynamic_elo_open","open_core","updating","under_2_5","under_2_5_brier","tournament","within_tournament","wc2006",0.264226430384039,1,64,64,64,1
"phase11-hybrid-challenger-benchmark","phase11_rf_dynamic_elo_open","open_core","updating","under_2_5","under_2_5_brier","tournament","within_tournament","wc2010",0.255084238024986,1,64,64,64,1
"phase11-hybrid-challenger-benchmark","phase11_rf_dynamic_elo_open","open_core","updating","under_2_5","under_2_5_brier","tournament","within_tournament","wc2014",0.258103783830968,1,64,64,64,1
"phase11-hybrid-challenger-benchmark","phase11_rf_dynamic_elo_open","open_core","updating","under_2_5","under_2_5_brier","tournament","within_tournament","wc2018",0.270390591267578,1,64,64,64,1
"phase11-hybrid-challenger-benchmark","phase11_rf_dynamic_elo_open","open_core","updating","under_2_5","under_2_5_brier","tournament","within_tournament","wc2022",0.290190305271938,1,64,64,64,1
"phase11-hybrid-challenger-benchmark","phase11_rf_dynamic_elo_open","open_core","updating","under_2_5","under_2_5_brier","headline","equal_tournament","headline",0.256928982461025,12,630,630,630,1
"phase11-hybrid-challenger-benchmark","phase11_rf_dynamic_elo_open","open_core","updating","under_2_5","under_2_5_brier","headline","fixture_weighted","headline",0.257322169950431,12,630,630,630,1
"phase11-hybrid-challenger-benchmark","phase11_rf_dynamic_elo_open","open_core","updating","under_2_5","under_2_5_log_loss","tournament","within_tournament","euro2004",0.757933704640729,1,31,31,31,1
"phase11-hybrid-challenger-benchmark","phase11_rf_dynamic_elo_open","open_core","updating","under_2_5","under_2_5_log_loss","tournament","within_tournament","euro2008",0.657937149670392,1,31,31,31,1
"phase11-hybrid-challenger-benchmark","phase11_rf_dynamic_elo_open","open_core","updating","under_2_5","under_2_5_log_loss","tournament","within_tournament","euro2012",0.724007652555288,1,31,31,31,1
"phase11-hybrid-challenger-benchmark","phase11_rf_dynamic_elo_open","open_core","updating","under_2_5","under_2_5_log_loss","tournament","within_tournament","euro2016",0.697857760493085,1,51,51,51,1
"phase11-hybrid-challenger-benchmark","phase11_rf_dynamic_elo_open","open_core","updating","under_2_5","under_2_5_log_loss","tournament","within_tournament","euro2020",0.705382089065775,1,51,51,51,1
"phase11-hybrid-challenger-benchmark","phase11_rf_dynamic_elo_open","open_core","updating","under_2_5","under_2_5_log_loss","tournament","within_tournament","euro2024",0.669037622133728,1,51,51,51,1
"phase11-hybrid-challenger-benchmark","phase11_rf_dynamic_elo_open","open_core","updating","under_2_5","under_2_5_log_loss","tournament","within_tournament","wc2002",0.645525132247916,1,64,64,64,1
"phase11-hybrid-challenger-benchmark","phase11_rf_dynamic_elo_open","open_core","updating","under_2_5","under_2_5_log_loss","tournament","within_tournament","wc2006",0.722860540153804,1,64,64,64,1
"phase11-hybrid-challenger-benchmark","phase11_rf_dynamic_elo_open","open_core","updating","under_2_5","under_2_5_log_loss","tournament","within_tournament","wc2010",0.708799334737137,1,64,64,64,1
"phase11-hybrid-challenger-benchmark","phase11_rf_dynamic_elo_open","open_core","updating","under_2_5","under_2_5_log_loss","tournament","within_tournament","wc2014",0.709168588273733,1,64,64,64,1
"phase11-hybrid-challenger-benchmark","phase11_rf_dynamic_elo_open","open_core","updating","under_2_5","under_2_5_log_loss","tournament","within_tournament","wc2018",0.738087585422224,1,64,64,64,1
"phase11-hybrid-challenger-benchmark","phase11_rf_dynamic_elo_open","open_core","updating","under_2_5","under_2_5_log_loss","tournament","within_tournament","wc2022",0.779052493462195,1,64,64,64,1
"phase11-hybrid-challenger-benchmark","phase11_rf_dynamic_elo_open","open_core","updating","under_2_5","under_2_5_log_loss","headline","equal_tournament","headline",0.709637471071334,12,630,630,630,1
"phase11-hybrid-challenger-benchmark","phase11_rf_dynamic_elo_open","open_core","updating","under_2_5","under_2_5_log_loss","headline","fixture_weighted","headline",0.71023171416538,12,630,630,630,1
