"freeze_id","freeze_status","source_git_sha","clean_worktree","dirty_code","candidate_count","selected_g","score_support","thresholds_frozen","code_frozen","features_frozen","settings_frozen","panels_frozen","seeds_frozen","sealed_before_final_labels","wc2026_sealed","network_free","protected_paths_clean","phase12_decision_authority","recipe_id","recipe_sha256","promotion_protocol_sha256","promotion_protocol_file_sha256","thresholds_sha256","common_vetoes","parent_graph_sha256","parent_paths","parent_hashes","phase11_run_manifest_sha256","schema_version","candidate_id","model_family","adapter_id","adapter_version","native_panel_id","panel_id","mode_id","mode","mean_model_id","dependence_id","mean_parent_candidate_id","nested_parent_candidate_id","tuning_protocol_id","tuning_grid_id","feature_set_id","rf_feature_set_id","score_support_max","open_fixture_count","rich_fixture_count","score_support_g","open_mode_compatible","research_only","wc2026_sealed","complexity_rank","settings","num.trees","mtry","min.node.size","seed_policy","seed_id","home_away_tuning_relationship","nb_dispersion_source","home_theta","away_theta","ranger_package","ranger_version","ranger_provenance_id","phase10_parent_registry_sha256","context_feature_set_id","removed_feature_id","context_parent_hashes","centroid_registry_sha256","centroid_metadata_sha256","panel_rule","feature_rule","gate_id","gate_parent_sha256","structural_prior_manifest_sha256","structural_snapshot_vintage_id","prior_strength","effective_count_formula","settings_identity","settings_sha256","registration_sha256","tuning_grid_sha256","active_status","score_status","inactive_reason","registry_order","candidate_registration_sha256","features_sha256","settings_identity_sha256","panels_sha256","seeds_sha256","candidate_row_sha256","freeze_self_sha256"
"phase12_freeze_v1","sealed_before_final_labels","b45358f06e723aa98defabc021285cecb1b027ad",TRUE,"",9,40,40,TRUE,TRUE,TRUE,TRUE,TRUE,TRUE,TRUE,TRUE,TRUE,TRUE,FALSE,"phase12_multiclass_temperature","7b9cecc347e49965a317af22b6febcf31feb9becbfebe65582d51a36b1e8ff21","5535217768e395990c7717e2c607904635ce373f6cd4730ecac2f4bbe72aa08d","984b73132baa78b064ea11d20ee108f672bfbc5bffb0ed93ecc226e81d950efd","ff7d4afbbc5a18b2631adbd92616509fc46ead8a63255362a15d33d11499409b","probability_valid|distribution_valid|fixture_valid|coverage_valid|provenance_valid|license_valid|seed_valid|checksum_valid|reproducible|code_frozen|features_frozen|settings_frozen|panels_frozen|seeds_frozen|wc2026_sealed","c6c1a499f4a0958d5ffa367e2e7965540d9a24daacc214748caedbdf100f83b2","phase09_promotion_protocol=data/benchmark/phase09/promotion_protocol.json|phase09_run_manifest=outputs/benchmarks/rolling_tournaments/phase09-baselines-frozen/run_manifest.csv|phase10_run_manifest=outputs/benchmarks/rolling_tournaments/phase10-statistical-challengers/run_manifest.csv|phase11_model_registry=data/benchmark/phase11/model_registry.csv|phase11_run_manifest=outputs/benchmarks/rolling_tournaments/phase11-hybrid-challengers/run_manifest.csv","phase09_promotion_protocol=984b73132baa78b064ea11d20ee108f672bfbc5bffb0ed93ecc226e81d950efd|phase09_run_manifest=fddea9fed6d11a8b4611f12ca6b0ff73c86fa8a7ec2e6e760dbcc696aec9ff1a|phase10_run_manifest=517f71be845cc01e80959167214e8821080c0a733770ec33d4c889aefa554c51|phase11_model_registry=6d0a4545acd83b74033eb7a22d30dd2d1547ce73f6fb36fe7818f63296add201|phase11_run_manifest=662efef90b03cc0da76459b906a9b819da3e199f62122217f14817f30c0c97be","662efef90b03cc0da76459b906a9b819da3e199f62122217f14817f30c0c97be",1,"phase11_rf_dynamic_elo_context_drop_host_open","random_forest_goal_means","phase11_hybrid_rf","phase11-v1","open_core","open_core","open_default","open_default","phase11_rf_dynamic_elo_context_drop_host_open_v1","negative_binomial_independent","phase11_rf_dynamic_elo_open","phase11_rf_dynamic_elo_open","phase11_rf_registered_v1","phase11_rf_grid_v1","phase11_rf_dynamic_elo_context_open","phase11_rf_dynamic_elo_context_open",40,630,609,40,"true",TRUE,TRUE,9,"num.trees=64;mtry=3;min.node.size=1;seed_policy=registered_seed;rf_feature_set_id=phase11_rf_dynamic_elo_context_open;context_features=host|neutral|rest_days|travel_km|stage_id;removed_feature_id=host;home_away_tuning_relationship=shared_registered_settings;nb_dispersion_source=registered_nb_theta;home_theta=8;away_theta=8",64,3,1,"registered_seed",920001,"shared_registered_settings","registered_nb_theta",8,8,"ranger","0.18.0","c977b24609a9f4fa6fb7e9b63dbbb6fcf2d571b007136e84517749ae5085b986","0e90d481f04309acc7441bc5102cd3dd84d349ea54ecb4f888b7c5495ae9d8b7","phase11_rf_dynamic_elo_context_open","host","e5121ee7260bd066e6fbcc8af337ff148c1e5606ab136eda27429656ea6ce4dc#581dabb7730d4e54301d8c871cd734300b1eb3ef67d95a786432f1ba7ea92422","e5121ee7260bd066e6fbcc8af337ff148c1e5606ab136eda27429656ea6ce4dc","581dabb7730d4e54301d8c871cd734300b1eb3ef67d95a786432f1ba7ea92422","open_core","registered_dynamic_elo_features_only",,,,,,,,"a93d8e22c010cdb4bf5d1d933273be4a0c343ae7d485cad77a9cc95e5678bc7b","7d1b2ee08c2393d4a185a07c966efe32bae75f25b39120f780a7382dacc12e83","cb97f48e809c21823817a1f9dde84b6bc3ffbe962721025c40de7f277fda80eb",TRUE,"scored","",1,"7d1b2ee08c2393d4a185a07c966efe32bae75f25b39120f780a7382dacc12e83","1b2233700562289081e849563acd4e8c3d842d76b95bc90a102e325cd23c9e6a","2f8b22c2de4fcedef957b7dfae7a560c385ed85a377c035b81a88d05f569631a","edb668645a1871df78f1a441ab94bfd1112612fd02686c3c16094f37f578fe04","f450abad09e4c49f15dbfb79b6f0d474e0f6c45a3f30def8636f52eb4f0d9ebc","5876c906be38a0c514a0bdf31468ac69b41fdb5a0baf5c83508a476d7221f87f","b0d4c28a20f7c0c7cbb1e561bac4aea415eaa1c65ee9e6488b8ffac6e9352aa3"
"phase12_freeze_v1","sealed_before_final_labels","b45358f06e723aa98defabc021285cecb1b027ad",TRUE,"",9,40,40,TRUE,TRUE,TRUE,TRUE,TRUE,TRUE,TRUE,TRUE,TRUE,TRUE,FALSE,"phase12_multiclass_temperature","7b9cecc347e49965a317af22b6febcf31feb9becbfebe65582d51a36b1e8ff21","5535217768e395990c7717e2c607904635ce373f6cd4730ecac2f4bbe72aa08d","984b73132baa78b064ea11d20ee108f672bfbc5bffb0ed93ecc226e81d950efd","ff7d4afbbc5a18b2631adbd92616509fc46ead8a63255362a15d33d11499409b","probability_valid|distribution_valid|fixture_valid|coverage_valid|provenance_valid|license_valid|seed_valid|checksum_valid|reproducible|code_frozen|features_frozen|settings_frozen|panels_frozen|seeds_frozen|wc2026_sealed","c6c1a499f4a0958d5ffa367e2e7965540d9a24daacc214748caedbdf100f83b2","phase09_promotion_protocol=data/benchmark/phase09/promotion_protocol.json|phase09_run_manifest=outputs/benchmarks/rolling_tournaments/phase09-baselines-frozen/run_manifest.csv|phase10_run_manifest=outputs/benchmarks/rolling_tournaments/phase10-statistical-challengers/run_manifest.csv|phase11_model_registry=data/benchmark/phase11/model_registry.csv|phase11_run_manifest=outputs/benchmarks/rolling_tournaments/phase11-hybrid-challengers/run_manifest.csv","phase09_promotion_protocol=984b73132baa78b064ea11d20ee108f672bfbc5bffb0ed93ecc226e81d950efd|phase09_run_manifest=fddea9fed6d11a8b4611f12ca6b0ff73c86fa8a7ec2e6e760dbcc696aec9ff1a|phase10_run_manifest=517f71be845cc01e80959167214e8821080c0a733770ec33d4c889aefa554c51|phase11_model_registry=6d0a4545acd83b74033eb7a22d30dd2d1547ce73f6fb36fe7818f63296add201|phase11_run_manifest=662efef90b03cc0da76459b906a9b819da3e199f62122217f14817f30c0c97be","662efef90b03cc0da76459b906a9b819da3e199f62122217f14817f30c0c97be",1,"phase11_rf_dynamic_elo_context_drop_neutral_open","random_forest_goal_means","phase11_hybrid_rf","phase11-v1","open_core","open_core","open_default","open_default","phase11_rf_dynamic_elo_context_drop_neutral_open_v1","negative_binomial_independent","phase11_rf_dynamic_elo_open","phase11_rf_dynamic_elo_open","phase11_rf_registered_v1","phase11_rf_grid_v1","phase11_rf_dynamic_elo_context_open","phase11_rf_dynamic_elo_context_open",40,630,609,40,"true",TRUE,TRUE,9,"num.trees=64;mtry=3;min.node.size=1;seed_policy=registered_seed;rf_feature_set_id=phase11_rf_dynamic_elo_context_open;context_features=host|neutral|rest_days|travel_km|stage_id;removed_feature_id=neutral;home_away_tuning_relationship=shared_registered_settings;nb_dispersion_source=registered_nb_theta;home_theta=8;away_theta=8",64,3,1,"registered_seed",920001,"shared_registered_settings","registered_nb_theta",8,8,"ranger","0.18.0","c977b24609a9f4fa6fb7e9b63dbbb6fcf2d571b007136e84517749ae5085b986","0e90d481f04309acc7441bc5102cd3dd84d349ea54ecb4f888b7c5495ae9d8b7","phase11_rf_dynamic_elo_context_open","neutral","e5121ee7260bd066e6fbcc8af337ff148c1e5606ab136eda27429656ea6ce4dc#581dabb7730d4e54301d8c871cd734300b1eb3ef67d95a786432f1ba7ea92422","e5121ee7260bd066e6fbcc8af337ff148c1e5606ab136eda27429656ea6ce4dc","581dabb7730d4e54301d8c871cd734300b1eb3ef67d95a786432f1ba7ea92422","open_core","registered_dynamic_elo_features_only",,,,,,,,"3bf25aad8e778a8f499140e80bf757096a15b59157d3d489d30a79fe12fa3ad4","31a0b44b53e29291278d6b70c811fd7f4b47f883a5302c88a4c2054ff7262eb3","d9f102ccabaef03a15d154c85ed15e1f97c6580835c2323fb8f51feacf104da2",TRUE,"scored","",2,"31a0b44b53e29291278d6b70c811fd7f4b47f883a5302c88a4c2054ff7262eb3","771e6a4114efd0180405de96cc2ba780fa4277a8b5772a0255c0ef0034017d0a","ae89ee7d94ab60114233b4568ad5ead73027d345d2e3196979140cc6bf2a0750","edb668645a1871df78f1a441ab94bfd1112612fd02686c3c16094f37f578fe04","f450abad09e4c49f15dbfb79b6f0d474e0f6c45a3f30def8636f52eb4f0d9ebc","24d804f9e02864c5ce4f03b23e0abcf20a280f294f9548ae9bd7c425a85bc72b","b0d4c28a20f7c0c7cbb1e561bac4aea415eaa1c65ee9e6488b8ffac6e9352aa3"
"phase12_freeze_v1","sealed_before_final_labels","b45358f06e723aa98defabc021285cecb1b027ad",TRUE,"",9,40,40,TRUE,TRUE,TRUE,TRUE,TRUE,TRUE,TRUE,TRUE,TRUE,TRUE,FALSE,"phase12_multiclass_temperature","7b9cecc347e49965a317af22b6febcf31feb9becbfebe65582d51a36b1e8ff21","5535217768e395990c7717e2c607904635ce373f6cd4730ecac2f4bbe72aa08d","984b73132baa78b064ea11d20ee108f672bfbc5bffb0ed93ecc226e81d950efd","ff7d4afbbc5a18b2631adbd92616509fc46ead8a63255362a15d33d11499409b","probability_valid|distribution_valid|fixture_valid|coverage_valid|provenance_valid|license_valid|seed_valid|checksum_valid|reproducible|code_frozen|features_frozen|settings_frozen|panels_frozen|seeds_frozen|wc2026_sealed","c6c1a499f4a0958d5ffa367e2e7965540d9a24daacc214748caedbdf100f83b2","phase09_promotion_protocol=data/benchmark/phase09/promotion_protocol.json|phase09_run_manifest=outputs/benchmarks/rolling_tournaments/phase09-baselines-frozen/run_manifest.csv|phase10_run_manifest=outputs/benchmarks/rolling_tournaments/phase10-statistical-challengers/run_manifest.csv|phase11_model_registry=data/benchmark/phase11/model_registry.csv|phase11_run_manifest=outputs/benchmarks/rolling_tournaments/phase11-hybrid-challengers/run_manifest.csv","phase09_promotion_protocol=984b73132baa78b064ea11d20ee108f672bfbc5bffb0ed93ecc226e81d950efd|phase09_run_manifest=fddea9fed6d11a8b4611f12ca6b0ff73c86fa8a7ec2e6e760dbcc696aec9ff1a|phase10_run_manifest=517f71be845cc01e80959167214e8821080c0a733770ec33d4c889aefa554c51|phase11_model_registry=6d0a4545acd83b74033eb7a22d30dd2d1547ce73f6fb36fe7818f63296add201|phase11_run_manifest=662efef90b03cc0da76459b906a9b819da3e199f62122217f14817f30c0c97be","662efef90b03cc0da76459b906a9b819da3e199f62122217f14817f30c0c97be",1,"phase11_rf_dynamic_elo_context_drop_rest_open","random_forest_goal_means","phase11_hybrid_rf","phase11-v1","open_core","open_core","open_default","open_default","phase11_rf_dynamic_elo_context_drop_rest_open_v1","negative_binomial_independent","phase11_rf_dynamic_elo_open","phase11_rf_dynamic_elo_open","phase11_rf_registered_v1","phase11_rf_grid_v1","phase11_rf_dynamic_elo_context_open","phase11_rf_dynamic_elo_context_open",40,630,609,40,"true",TRUE,TRUE,9,"num.trees=64;mtry=3;min.node.size=1;seed_policy=registered_seed;rf_feature_set_id=phase11_rf_dynamic_elo_context_open;context_features=host|neutral|rest_days|travel_km|stage_id;removed_feature_id=rest_days;home_away_tuning_relationship=shared_registered_settings;nb_dispersion_source=registered_nb_theta;home_theta=8;away_theta=8",64,3,1,"registered_seed",920001,"shared_registered_settings","registered_nb_theta",8,8,"ranger","0.18.0","c977b24609a9f4fa6fb7e9b63dbbb6fcf2d571b007136e84517749ae5085b986","0e90d481f04309acc7441bc5102cd3dd84d349ea54ecb4f888b7c5495ae9d8b7","phase11_rf_dynamic_elo_context_open","rest_days","e5121ee7260bd066e6fbcc8af337ff148c1e5606ab136eda27429656ea6ce4dc#581dabb7730d4e54301d8c871cd734300b1eb3ef67d95a786432f1ba7ea92422","e5121ee7260bd066e6fbcc8af337ff148c1e5606ab136eda27429656ea6ce4dc","581dabb7730d4e54301d8c871cd734300b1eb3ef67d95a786432f1ba7ea92422","open_core","registered_dynamic_elo_features_only",,,,,,,,"37d28a8df3687756bcbbae6c48689bd920b26e0959a04602d38a7e9b1012addd","f2c1ddfcefc42e908c02c207c9de9e54bf4cc334104c08b219985db27c20f33a","d1b3adbb21e66cb1709fa130ccf38a7f13f573f0dbe14ff9296f4a27ab87deb0",TRUE,"scored","",3,"f2c1ddfcefc42e908c02c207c9de9e54bf4cc334104c08b219985db27c20f33a","7c534a97127685604493fd7c2dbbf5371781898621abc4a453e8c5d5ebb85553","ca12424e8b1639b1a70717ee80a4c1ca115f35016e41d6fece1b2a996846826d","edb668645a1871df78f1a441ab94bfd1112612fd02686c3c16094f37f578fe04","f450abad09e4c49f15dbfb79b6f0d474e0f6c45a3f30def8636f52eb4f0d9ebc","584aa076f20007c22338b04aa5cee6fe0237d8a48ad26e0cf0df914af61e2cf8","b0d4c28a20f7c0c7cbb1e561bac4aea415eaa1c65ee9e6488b8ffac6e9352aa3"
"phase12_freeze_v1","sealed_before_final_labels","b45358f06e723aa98defabc021285cecb1b027ad",TRUE,"",9,40,40,TRUE,TRUE,TRUE,TRUE,TRUE,TRUE,TRUE,TRUE,TRUE,TRUE,FALSE,"phase12_multiclass_temperature","7b9cecc347e49965a317af22b6febcf31feb9becbfebe65582d51a36b1e8ff21","5535217768e395990c7717e2c607904635ce373f6cd4730ecac2f4bbe72aa08d","984b73132baa78b064ea11d20ee108f672bfbc5bffb0ed93ecc226e81d950efd","ff7d4afbbc5a18b2631adbd92616509fc46ead8a63255362a15d33d11499409b","probability_valid|distribution_valid|fixture_valid|coverage_valid|provenance_valid|license_valid|seed_valid|checksum_valid|reproducible|code_frozen|features_frozen|settings_frozen|panels_frozen|seeds_frozen|wc2026_sealed","c6c1a499f4a0958d5ffa367e2e7965540d9a24daacc214748caedbdf100f83b2","phase09_promotion_protocol=data/benchmark/phase09/promotion_protocol.json|phase09_run_manifest=outputs/benchmarks/rolling_tournaments/phase09-baselines-frozen/run_manifest.csv|phase10_run_manifest=outputs/benchmarks/rolling_tournaments/phase10-statistical-challengers/run_manifest.csv|phase11_model_registry=data/benchmark/phase11/model_registry.csv|phase11_run_manifest=outputs/benchmarks/rolling_tournaments/phase11-hybrid-challengers/run_manifest.csv","phase09_promotion_protocol=984b73132baa78b064ea11d20ee108f672bfbc5bffb0ed93ecc226e81d950efd|phase09_run_manifest=fddea9fed6d11a8b4611f12ca6b0ff73c86fa8a7ec2e6e760dbcc696aec9ff1a|phase10_run_manifest=517f71be845cc01e80959167214e8821080c0a733770ec33d4c889aefa554c51|phase11_model_registry=6d0a4545acd83b74033eb7a22d30dd2d1547ce73f6fb36fe7818f63296add201|phase11_run_manifest=662efef90b03cc0da76459b906a9b819da3e199f62122217f14817f30c0c97be","662efef90b03cc0da76459b906a9b819da3e199f62122217f14817f30c0c97be",1,"phase11_rf_dynamic_elo_context_drop_stage_open","random_forest_goal_means","phase11_hybrid_rf","phase11-v1","open_core","open_core","open_default","open_default","phase11_rf_dynamic_elo_context_drop_stage_open_v1","negative_binomial_independent","phase11_rf_dynamic_elo_open","phase11_rf_dynamic_elo_open","phase11_rf_registered_v1","phase11_rf_grid_v1","phase11_rf_dynamic_elo_context_open","phase11_rf_dynamic_elo_context_open",40,630,609,40,"true",TRUE,TRUE,9,"num.trees=64;mtry=3;min.node.size=1;seed_policy=registered_seed;rf_feature_set_id=phase11_rf_dynamic_elo_context_open;context_features=host|neutral|rest_days|travel_km|stage_id;removed_feature_id=stage_id;home_away_tuning_relationship=shared_registered_settings;nb_dispersion_source=registered_nb_theta;home_theta=8;away_theta=8",64,3,1,"registered_seed",920001,"shared_registered_settings","registered_nb_theta",8,8,"ranger","0.18.0","c977b24609a9f4fa6fb7e9b63dbbb6fcf2d571b007136e84517749ae5085b986","0e90d481f04309acc7441bc5102cd3dd84d349ea54ecb4f888b7c5495ae9d8b7","phase11_rf_dynamic_elo_context_open","stage_id","e5121ee7260bd066e6fbcc8af337ff148c1e5606ab136eda27429656ea6ce4dc#581dabb7730d4e54301d8c871cd734300b1eb3ef67d95a786432f1ba7ea92422","e5121ee7260bd066e6fbcc8af337ff148c1e5606ab136eda27429656ea6ce4dc","581dabb7730d4e54301d8c871cd734300b1eb3ef67d95a786432f1ba7ea92422","open_core","registered_dynamic_elo_features_only",,,,,,,,"b2f2a64eb8753d2e71ebaa30501eff5f2a7968739b8da0290916b1ad0ce3c247","7f419803edc7d7663fba832bb4a26fae1dfca6ba5ac7e0b55f1c6c8ee9147c93","8d6688291124a905bee683e530bd11caff0788f9a90a11f8c9427fc253b8c46f",TRUE,"scored","",4,"7f419803edc7d7663fba832bb4a26fae1dfca6ba5ac7e0b55f1c6c8ee9147c93","26d651644bf478ffc39c0b6d1ea2ea99a1f6ac07a961fa2f9f32b6a2acbb50b5","48e2904f8a3e9ad0d01ba2386cce2e092e5eab9ac7ba2d4854b965f692b4907b","edb668645a1871df78f1a441ab94bfd1112612fd02686c3c16094f37f578fe04","f450abad09e4c49f15dbfb79b6f0d474e0f6c45a3f30def8636f52eb4f0d9ebc","e95ec2709b449b7d1fe313436396cb6c054bb16526557a30e47de5afe5f4dd6a","b0d4c28a20f7c0c7cbb1e561bac4aea415eaa1c65ee9e6488b8ffac6e9352aa3"
"phase12_freeze_v1","sealed_before_final_labels","b45358f06e723aa98defabc021285cecb1b027ad",TRUE,"",9,40,40,TRUE,TRUE,TRUE,TRUE,TRUE,TRUE,TRUE,TRUE,TRUE,TRUE,FALSE,"phase12_multiclass_temperature","7b9cecc347e49965a317af22b6febcf31feb9becbfebe65582d51a36b1e8ff21","5535217768e395990c7717e2c607904635ce373f6cd4730ecac2f4bbe72aa08d","984b73132baa78b064ea11d20ee108f672bfbc5bffb0ed93ecc226e81d950efd","ff7d4afbbc5a18b2631adbd92616509fc46ead8a63255362a15d33d11499409b","probability_valid|distribution_valid|fixture_valid|coverage_valid|provenance_valid|license_valid|seed_valid|checksum_valid|reproducible|code_frozen|features_frozen|settings_frozen|panels_frozen|seeds_frozen|wc2026_sealed","c6c1a499f4a0958d5ffa367e2e7965540d9a24daacc214748caedbdf100f83b2","phase09_promotion_protocol=data/benchmark/phase09/promotion_protocol.json|phase09_run_manifest=outputs/benchmarks/rolling_tournaments/phase09-baselines-frozen/run_manifest.csv|phase10_run_manifest=outputs/benchmarks/rolling_tournaments/phase10-statistical-challengers/run_manifest.csv|phase11_model_registry=data/benchmark/phase11/model_registry.csv|phase11_run_manifest=outputs/benchmarks/rolling_tournaments/phase11-hybrid-challengers/run_manifest.csv","phase09_promotion_protocol=984b73132baa78b064ea11d20ee108f672bfbc5bffb0ed93ecc226e81d950efd|phase09_run_manifest=fddea9fed6d11a8b4611f12ca6b0ff73c86fa8a7ec2e6e760dbcc696aec9ff1a|phase10_run_manifest=517f71be845cc01e80959167214e8821080c0a733770ec33d4c889aefa554c51|phase11_model_registry=6d0a4545acd83b74033eb7a22d30dd2d1547ce73f6fb36fe7818f63296add201|phase11_run_manifest=662efef90b03cc0da76459b906a9b819da3e199f62122217f14817f30c0c97be","662efef90b03cc0da76459b906a9b819da3e199f62122217f14817f30c0c97be",1,"phase11_rf_dynamic_elo_context_drop_travel_open","random_forest_goal_means","phase11_hybrid_rf","phase11-v1","open_core","open_core","open_default","open_default","phase11_rf_dynamic_elo_context_drop_travel_open_v1","negative_binomial_independent","phase11_rf_dynamic_elo_open","phase11_rf_dynamic_elo_open","phase11_rf_registered_v1","phase11_rf_grid_v1","phase11_rf_dynamic_elo_context_open","phase11_rf_dynamic_elo_context_open",40,630,609,40,"true",TRUE,TRUE,9,"num.trees=64;mtry=3;min.node.size=1;seed_policy=registered_seed;rf_feature_set_id=phase11_rf_dynamic_elo_context_open;context_features=host|neutral|rest_days|travel_km|stage_id;removed_feature_id=travel_km;home_away_tuning_relationship=shared_registered_settings;nb_dispersion_source=registered_nb_theta;home_theta=8;away_theta=8",64,3,1,"registered_seed",920001,"shared_registered_settings","registered_nb_theta",8,8,"ranger","0.18.0","c977b24609a9f4fa6fb7e9b63dbbb6fcf2d571b007136e84517749ae5085b986","0e90d481f04309acc7441bc5102cd3dd84d349ea54ecb4f888b7c5495ae9d8b7","phase11_rf_dynamic_elo_context_open","travel_km","e5121ee7260bd066e6fbcc8af337ff148c1e5606ab136eda27429656ea6ce4dc#581dabb7730d4e54301d8c871cd734300b1eb3ef67d95a786432f1ba7ea92422","e5121ee7260bd066e6fbcc8af337ff148c1e5606ab136eda27429656ea6ce4dc","581dabb7730d4e54301d8c871cd734300b1eb3ef67d95a786432f1ba7ea92422","open_core","registered_dynamic_elo_features_only",,,,,,,,"9e96f88c67ddd6cd81a7a5c0e65e2343d2fad032fb7cf9b554c49efee0be5071","f624f7f1c0974622214f6e1577a7076d56244146cad432ca08dc7c2712025fd5","c9956301a186589b2957fcd27e25bbdca8556bc78d40d4dc96bb3a19d0764fe7",TRUE,"scored","",5,"f624f7f1c0974622214f6e1577a7076d56244146cad432ca08dc7c2712025fd5","7aaee7daf00f651920849c2b396339a93b91d78c1f7a3c1790aa16498ad8ab2c","5eaba1a5a7c820b5de5f4c1b04416d96d68dd65f01aa8fe03131429a2cc5f8ec","edb668645a1871df78f1a441ab94bfd1112612fd02686c3c16094f37f578fe04","f450abad09e4c49f15dbfb79b6f0d474e0f6c45a3f30def8636f52eb4f0d9ebc","165abe4ef737d5d93b4e5d48b4b2faa78282e5f9c8ef6091e6aecb8f0bb681bf","b0d4c28a20f7c0c7cbb1e561bac4aea415eaa1c65ee9e6488b8ffac6e9352aa3"
"phase12_freeze_v1","sealed_before_final_labels","b45358f06e723aa98defabc021285cecb1b027ad",TRUE,"",9,40,40,TRUE,TRUE,TRUE,TRUE,TRUE,TRUE,TRUE,TRUE,TRUE,TRUE,FALSE,"phase12_multiclass_temperature","7b9cecc347e49965a317af22b6febcf31feb9becbfebe65582d51a36b1e8ff21","5535217768e395990c7717e2c607904635ce373f6cd4730ecac2f4bbe72aa08d","984b73132baa78b064ea11d20ee108f672bfbc5bffb0ed93ecc226e81d950efd","ff7d4afbbc5a18b2631adbd92616509fc46ead8a63255362a15d33d11499409b","probability_valid|distribution_valid|fixture_valid|coverage_valid|provenance_valid|license_valid|seed_valid|checksum_valid|reproducible|code_frozen|features_frozen|settings_frozen|panels_frozen|seeds_frozen|wc2026_sealed","c6c1a499f4a0958d5ffa367e2e7965540d9a24daacc214748caedbdf100f83b2","phase09_promotion_protocol=data/benchmark/phase09/promotion_protocol.json|phase09_run_manifest=outputs/benchmarks/rolling_tournaments/phase09-baselines-frozen/run_manifest.csv|phase10_run_manifest=outputs/benchmarks/rolling_tournaments/phase10-statistical-challengers/run_manifest.csv|phase11_model_registry=data/benchmark/phase11/model_registry.csv|phase11_run_manifest=outputs/benchmarks/rolling_tournaments/phase11-hybrid-challengers/run_manifest.csv","phase09_promotion_protocol=984b73132baa78b064ea11d20ee108f672bfbc5bffb0ed93ecc226e81d950efd|phase09_run_manifest=fddea9fed6d11a8b4611f12ca6b0ff73c86fa8a7ec2e6e760dbcc696aec9ff1a|phase10_run_manifest=517f71be845cc01e80959167214e8821080c0a733770ec33d4c889aefa554c51|phase11_model_registry=6d0a4545acd83b74033eb7a22d30dd2d1547ce73f6fb36fe7818f63296add201|phase11_run_manifest=662efef90b03cc0da76459b906a9b819da3e199f62122217f14817f30c0c97be","662efef90b03cc0da76459b906a9b819da3e199f62122217f14817f30c0c97be",1,"phase11_rf_dynamic_elo_context_open","random_forest_goal_means","phase11_hybrid_rf","phase11-v1","open_core","open_core","open_default","open_default","phase11_rf_dynamic_elo_context_open_v1","negative_binomial_independent","phase11_rf_dynamic_elo_open","phase11_rf_dynamic_elo_open","phase11_rf_registered_v1","phase11_rf_grid_v1","phase11_rf_dynamic_elo_context_open","phase11_rf_dynamic_elo_context_open",40,630,609,40,"true",TRUE,TRUE,9,"num.trees=64;mtry=3;min.node.size=1;seed_policy=registered_seed;rf_feature_set_id=phase11_rf_dynamic_elo_context_open;context_features=host|neutral|rest_days|travel_km|stage_id;removed_feature_id=;home_away_tuning_relationship=shared_registered_settings;nb_dispersion_source=registered_nb_theta;home_theta=8;away_theta=8",64,3,1,"registered_seed",920001,"shared_registered_settings","registered_nb_theta",8,8,"ranger","0.18.0","c977b24609a9f4fa6fb7e9b63dbbb6fcf2d571b007136e84517749ae5085b986","0e90d481f04309acc7441bc5102cd3dd84d349ea54ecb4f888b7c5495ae9d8b7","phase11_rf_dynamic_elo_context_open",,"e5121ee7260bd066e6fbcc8af337ff148c1e5606ab136eda27429656ea6ce4dc#581dabb7730d4e54301d8c871cd734300b1eb3ef67d95a786432f1ba7ea92422","e5121ee7260bd066e6fbcc8af337ff148c1e5606ab136eda27429656ea6ce4dc","581dabb7730d4e54301d8c871cd734300b1eb3ef67d95a786432f1ba7ea92422","open_core","registered_dynamic_elo_features_only",,,,,,,,"e22374aeb260ef3ccd10aeb7234332233e3354ea499087003b3aaff15835b34a","e2737227f86f3400a93d07f461db39cbb7fb619f93707ec7731669d341cd24f6","96d10fa3c7d25aaddeeab69f9c94e4f8b373f23c168bc2303a69924fb4127496",TRUE,"scored","",6,"e2737227f86f3400a93d07f461db39cbb7fb619f93707ec7731669d341cd24f6","3fd82d4fe9c18db62c20b55e6d19f846006aa61eb69e2aaf140c72afa6c135b9","eb008f8103492b32ace6c6b2e89ef43d535f366e912fd9d4dfa4b0c9232f7a84","edb668645a1871df78f1a441ab94bfd1112612fd02686c3c16094f37f578fe04","f450abad09e4c49f15dbfb79b6f0d474e0f6c45a3f30def8636f52eb4f0d9ebc","4c8c5f333f7d66059a02dcbdca6bd48763b7f6b1f6bc901ade4f8e60b0bfbbc9","b0d4c28a20f7c0c7cbb1e561bac4aea415eaa1c65ee9e6488b8ffac6e9352aa3"
"phase12_freeze_v1","sealed_before_final_labels","b45358f06e723aa98defabc021285cecb1b027ad",TRUE,"",9,40,40,TRUE,TRUE,TRUE,TRUE,TRUE,TRUE,TRUE,TRUE,TRUE,TRUE,FALSE,"phase12_multiclass_temperature","7b9cecc347e49965a317af22b6febcf31feb9becbfebe65582d51a36b1e8ff21","5535217768e395990c7717e2c607904635ce373f6cd4730ecac2f4bbe72aa08d","984b73132baa78b064ea11d20ee108f672bfbc5bffb0ed93ecc226e81d950efd","ff7d4afbbc5a18b2631adbd92616509fc46ead8a63255362a15d33d11499409b","probability_valid|distribution_valid|fixture_valid|coverage_valid|provenance_valid|license_valid|seed_valid|checksum_valid|reproducible|code_frozen|features_frozen|settings_frozen|panels_frozen|seeds_frozen|wc2026_sealed","c6c1a499f4a0958d5ffa367e2e7965540d9a24daacc214748caedbdf100f83b2","phase09_promotion_protocol=data/benchmark/phase09/promotion_protocol.json|phase09_run_manifest=outputs/benchmarks/rolling_tournaments/phase09-baselines-frozen/run_manifest.csv|phase10_run_manifest=outputs/benchmarks/rolling_tournaments/phase10-statistical-challengers/run_manifest.csv|phase11_model_registry=data/benchmark/phase11/model_registry.csv|phase11_run_manifest=outputs/benchmarks/rolling_tournaments/phase11-hybrid-challengers/run_manifest.csv","phase09_promotion_protocol=984b73132baa78b064ea11d20ee108f672bfbc5bffb0ed93ecc226e81d950efd|phase09_run_manifest=fddea9fed6d11a8b4611f12ca6b0ff73c86fa8a7ec2e6e760dbcc696aec9ff1a|phase10_run_manifest=517f71be845cc01e80959167214e8821080c0a733770ec33d4c889aefa554c51|phase11_model_registry=6d0a4545acd83b74033eb7a22d30dd2d1547ce73f6fb36fe7818f63296add201|phase11_run_manifest=662efef90b03cc0da76459b906a9b819da3e199f62122217f14817f30c0c97be","662efef90b03cc0da76459b906a9b819da3e199f62122217f14817f30c0c97be",1,"phase11_rf_dynamic_elo_context_xg_gated_open","random_forest_goal_means_xg_gated","phase11_hybrid_rf","phase11-v1","open_core","open_core","open_default","open_default","phase11_rf_dynamic_elo_context_xg_gated_open_v1","negative_binomial_independent","phase11_rf_dynamic_elo_context_open","phase11_rf_dynamic_elo_context_open","phase11_rf_registered_v1","phase11_rf_grid_v1","phase11_rf_dynamic_elo_context_xg_gated_open","phase11_rf_dynamic_elo_context_xg_gated_open",40,630,609,40,"true",TRUE,TRUE,10,"num.trees=64;mtry=3;min.node.size=1;seed_policy=registered_seed;rf_feature_set_id=phase11_rf_dynamic_elo_context_xg_gated_open;feature_rule=open_context_plus_xg_only_after_gate;gate_id=phase11_xg_gate_d12_v1;home_away_tuning_relationship=shared_registered_settings;nb_dispersion_source=registered_nb_theta;home_theta=8;away_theta=8",64,3,1,"registered_seed",920001,"shared_registered_settings","registered_nb_theta",8,8,"ranger","0.18.0","c977b24609a9f4fa6fb7e9b63dbbb6fcf2d571b007136e84517749ae5085b986","0e90d481f04309acc7441bc5102cd3dd84d349ea54ecb4f888b7c5495ae9d8b7","phase11_rf_dynamic_elo_context_open",,"e5121ee7260bd066e6fbcc8af337ff148c1e5606ab136eda27429656ea6ce4dc#581dabb7730d4e54301d8c871cd734300b1eb3ef67d95a786432f1ba7ea92422",,,"open_core_when_gate_active","open_context_plus_xg_only_after_gate","phase11_xg_gate_d12_v1","9c246d68b7ed9ef9889bb8c9a787c48746d294917f6acdac6b65565c843c335f",,,,,,"1b62b819c215f309411955b1f1968a35da7779362db259dbacd731f424bf51ad","c54e69bf7155eda224944fabaecf5ea54b31223ccf85ef5790804420f48efbb6","c89903978afdad1e56fa3f64fa7a1f6fa5a6a8c739da2a2db12ca147f7d3104a",TRUE,"scored","",7,"c54e69bf7155eda224944fabaecf5ea54b31223ccf85ef5790804420f48efbb6","aace98ac9c4911ac7112b83603835b83f2870bc9ef0b5f1bab30196b74b04eae","9464d405c2cff2c7cb7abd59a5a36f7f463a1a9e782b535d4b0e15ddfa7b3701","edb668645a1871df78f1a441ab94bfd1112612fd02686c3c16094f37f578fe04","f450abad09e4c49f15dbfb79b6f0d474e0f6c45a3f30def8636f52eb4f0d9ebc","992f5f2be7141c48deb6f590ab7fb3bc33f2da2870584dffacf0866b0deda0f7","b0d4c28a20f7c0c7cbb1e561bac4aea415eaa1c65ee9e6488b8ffac6e9352aa3"
"phase12_freeze_v1","sealed_before_final_labels","b45358f06e723aa98defabc021285cecb1b027ad",TRUE,"",9,40,40,TRUE,TRUE,TRUE,TRUE,TRUE,TRUE,TRUE,TRUE,TRUE,TRUE,FALSE,"phase12_multiclass_temperature","7b9cecc347e49965a317af22b6febcf31feb9becbfebe65582d51a36b1e8ff21","5535217768e395990c7717e2c607904635ce373f6cd4730ecac2f4bbe72aa08d","984b73132baa78b064ea11d20ee108f672bfbc5bffb0ed93ecc226e81d950efd","ff7d4afbbc5a18b2631adbd92616509fc46ead8a63255362a15d33d11499409b","probability_valid|distribution_valid|fixture_valid|coverage_valid|provenance_valid|license_valid|seed_valid|checksum_valid|reproducible|code_frozen|features_frozen|settings_frozen|panels_frozen|seeds_frozen|wc2026_sealed","c6c1a499f4a0958d5ffa367e2e7965540d9a24daacc214748caedbdf100f83b2","phase09_promotion_protocol=data/benchmark/phase09/promotion_protocol.json|phase09_run_manifest=outputs/benchmarks/rolling_tournaments/phase09-baselines-frozen/run_manifest.csv|phase10_run_manifest=outputs/benchmarks/rolling_tournaments/phase10-statistical-challengers/run_manifest.csv|phase11_model_registry=data/benchmark/phase11/model_registry.csv|phase11_run_manifest=outputs/benchmarks/rolling_tournaments/phase11-hybrid-challengers/run_manifest.csv","phase09_promotion_protocol=984b73132baa78b064ea11d20ee108f672bfbc5bffb0ed93ecc226e81d950efd|phase09_run_manifest=fddea9fed6d11a8b4611f12ca6b0ff73c86fa8a7ec2e6e760dbcc696aec9ff1a|phase10_run_manifest=517f71be845cc01e80959167214e8821080c0a733770ec33d4c889aefa554c51|phase11_model_registry=6d0a4545acd83b74033eb7a22d30dd2d1547ce73f6fb36fe7818f63296add201|phase11_run_manifest=662efef90b03cc0da76459b906a9b819da3e199f62122217f14817f30c0c97be","662efef90b03cc0da76459b906a9b819da3e199f62122217f14817f30c0c97be",1,"phase11_rf_dynamic_elo_open","random_forest_goal_means","phase11_hybrid_rf","phase11-v1","open_core","open_core","open_default","open_default","phase11_rf_dynamic_elo_open_v1","negative_binomial_independent",,,"phase11_rf_registered_v1","phase11_rf_grid_v1","phase11_rf_dynamic_elo_open","phase11_rf_dynamic_elo_open",40,630,609,40,"true",TRUE,TRUE,8,"num.trees=64;mtry=3;min.node.size=1;seed_policy=registered_seed;rf_feature_set_id=phase11_rf_dynamic_elo_open;home_away_tuning_relationship=shared_registered_settings;nb_dispersion_source=registered_nb_theta;home_theta=8;away_theta=8",64,3,1,"registered_seed",920001,"shared_registered_settings","registered_nb_theta",8,8,"ranger","0.18.0","c977b24609a9f4fa6fb7e9b63dbbb6fcf2d571b007136e84517749ae5085b986","0e90d481f04309acc7441bc5102cd3dd84d349ea54ecb4f888b7c5495ae9d8b7",,,,,,"open_core","registered_dynamic_elo_features_only",,,,,,,,"0639ffc5961a7e30d1fbedfad57ef08d2ab6d79546951b452cc07bced786ceed","a4a859a5d77b6f4ce80bd041e4cd52859d45d40e83ca60bab1a4c4398bfab066","eafc244864961eb4c05bf24b49eb47ff8839ebb5406d75f040ab21373eb677d7",TRUE,"scored","",8,"a4a859a5d77b6f4ce80bd041e4cd52859d45d40e83ca60bab1a4c4398bfab066","d4b67bf3865de8b91c64f85db31a30fa315f768d785bcb2d44853861eaa4cb4c","272e980773b1e2a3ecc89406a5a09fe77e16826c0b672d21a126b9ccd5ab15c0","edb668645a1871df78f1a441ab94bfd1112612fd02686c3c16094f37f578fe04","f450abad09e4c49f15dbfb79b6f0d474e0f6c45a3f30def8636f52eb4f0d9ebc","bd60bfab34c24c263fb14bc5eda8cfa9e7aaa98a01478d00b17c4ba5a1f7fffa","b0d4c28a20f7c0c7cbb1e561bac4aea415eaa1c65ee9e6488b8ffac6e9352aa3"
"phase12_freeze_v1","sealed_before_final_labels","b45358f06e723aa98defabc021285cecb1b027ad",TRUE,"",9,40,40,TRUE,TRUE,TRUE,TRUE,TRUE,TRUE,TRUE,TRUE,TRUE,TRUE,FALSE,"phase12_multiclass_temperature","7b9cecc347e49965a317af22b6febcf31feb9becbfebe65582d51a36b1e8ff21","5535217768e395990c7717e2c607904635ce373f6cd4730ecac2f4bbe72aa08d","984b73132baa78b064ea11d20ee108f672bfbc5bffb0ed93ecc226e81d950efd","ff7d4afbbc5a18b2631adbd92616509fc46ead8a63255362a15d33d11499409b","probability_valid|distribution_valid|fixture_valid|coverage_valid|provenance_valid|license_valid|seed_valid|checksum_valid|reproducible|code_frozen|features_frozen|settings_frozen|panels_frozen|seeds_frozen|wc2026_sealed","c6c1a499f4a0958d5ffa367e2e7965540d9a24daacc214748caedbdf100f83b2","phase09_promotion_protocol=data/benchmark/phase09/promotion_protocol.json|phase09_run_manifest=outputs/benchmarks/rolling_tournaments/phase09-baselines-frozen/run_manifest.csv|phase10_run_manifest=outputs/benchmarks/rolling_tournaments/phase10-statistical-challengers/run_manifest.csv|phase11_model_registry=data/benchmark/phase11/model_registry.csv|phase11_run_manifest=outputs/benchmarks/rolling_tournaments/phase11-hybrid-challengers/run_manifest.csv","phase09_promotion_protocol=984b73132baa78b064ea11d20ee108f672bfbc5bffb0ed93ecc226e81d950efd|phase09_run_manifest=fddea9fed6d11a8b4611f12ca6b0ff73c86fa8a7ec2e6e760dbcc696aec9ff1a|phase10_run_manifest=517f71be845cc01e80959167214e8821080c0a733770ec33d4c889aefa554c51|phase11_model_registry=6d0a4545acd83b74033eb7a22d30dd2d1547ce73f6fb36fe7818f63296add201|phase11_run_manifest=662efef90b03cc0da76459b906a9b819da3e199f62122217f14817f30c0c97be","662efef90b03cc0da76459b906a9b819da3e199f62122217f14817f30c0c97be",1,"phase11_structural_sparse_prior_open","random_forest_goal_means_structural_prior","phase11_hybrid_rf","phase11-v1","open_core","open_core","open_default","open_default","phase11_structural_sparse_prior_open_v1","negative_binomial_independent","phase11_rf_dynamic_elo_open","phase11_rf_dynamic_elo_open","phase11_rf_registered_v1","phase11_rf_grid_v1","phase11_rf_dynamic_elo_open","phase11_rf_dynamic_elo_open",40,630,609,40,"true",TRUE,TRUE,9,"num.trees=64;mtry=3;min.node.size=1;seed_policy=registered_seed;rf_feature_set_id=phase11_rf_dynamic_elo_open;feature_rule=structural_prior_only_no_raw_fields;structural_snapshot_vintage_id=owid_maddison2023_wpp2024_2000_v1;prior_strength=4;evidence_half_life_days=730;effective_count_formula=registered_recency_weighted_appearances;home_away_tuning_relationship=shared_registered_settings;nb_dispersion_source=registered_nb_theta;home_theta=8;away_theta=8",64,3,1,"registered_seed",920001,"shared_registered_settings","registered_nb_theta",8,8,"ranger","0.18.0","c977b24609a9f4fa6fb7e9b63dbbb6fcf2d571b007136e84517749ae5085b986","0e90d481f04309acc7441bc5102cd3dd84d349ea54ecb4f888b7c5495ae9d8b7",,,,,,"open_core","structural_prior_only_no_raw_fields",,,"7a7f87b16205507e303fe444ea5123875f1d9f520ad4a22666d231b8e629e210","owid_maddison2023_wpp2024_2000_v1",4,"effective_match_count=sum(exp(-log(2) * (evidence_cutoff_exclusive - match_date) / evidence_half_life_days))","prior_strength=4;evidence_half_life_days=730;prior_scale=0.15;prior_bounds=0.65|1.55;raw_structural_predictors_allowed=false","f91da7693deb3ff63b0a12944d9d3fe6233c92c1aea2f48daa37d0965af45069","b44b1b7cda29b90308fee9164710522f5be50dd8404f819389e1b8ee762d1eb0","236192ba184e1c749005367bc028ec87b9d5c1d4a86656af1d045e0e13326e44",TRUE,"scored","",9,"b44b1b7cda29b90308fee9164710522f5be50dd8404f819389e1b8ee762d1eb0","a71f5bcf145d974ecc9eee97117da654d4a1216b3cfed472d99298a4c00d9b94","376c6fb0ceae2848ff3143cd3f3fa1e275391e9389d3d3f2e3bdf8ed7460853b","edb668645a1871df78f1a441ab94bfd1112612fd02686c3c16094f37f578fe04","f450abad09e4c49f15dbfb79b6f0d474e0f6c45a3f30def8636f52eb4f0d9ebc","9740d4ab486f2daec738d9b95fd0406712a16d40da09de951f379620deac6311","b0d4c28a20f7c0c7cbb1e561bac4aea415eaa1c65ee9e6488b8ffac6e9352aa3"
