"fixture_id","edition_id","regulation_home_goals","regulation_away_goals","final_home_goals","final_away_goals","went_extra_time","went_penalties","match_number","source_match_id","fifa_match_date","fifa_home_team","fifa_away_team","fifa_home_team_id","fifa_away_team_id","winner_team_id","result_type","home_penalty_score","away_penalty_score","regulation_score_basis","source_url","regulation_score_source_url","source_retrieval_date"
"GA01","wc2026",2,0,2,0,FALSE,FALSE,1,"400021443","2026-06-11","Mexico","South Africa","43911","43883","43911",1,,,"FIFA calendar score (regulation time)","https://api.fifa.com/api/v3/calendar/matches?from=2026-06-11&to=2026-07-20&language=en&idCompetition=17&count=200","https://api.fifa.com/api/v3/calendar/matches?from=2026-06-11&to=2026-07-20&language=en&idCompetition=17&count=200","2026-08-11"
"GA02","wc2026",2,1,2,1,FALSE,FALSE,2,"400021441","2026-06-12","Korea Republic","Czechia","43822","43995","43822",1,,,"FIFA calendar score (regulation time)","https://api.fifa.com/api/v3/calendar/matches?from=2026-06-11&to=2026-07-20&language=en&idCompetition=17&count=200","https://api.fifa.com/api/v3/calendar/matches?from=2026-06-11&to=2026-07-20&language=en&idCompetition=17&count=200","2026-08-11"
"GB01","wc2026",1,1,1,1,FALSE,FALSE,3,"400021449","2026-06-12","Canada","Bosnia and Herzegovina","43899","44037",,1,,,"FIFA calendar score (regulation time)","https://api.fifa.com/api/v3/calendar/matches?from=2026-06-11&to=2026-07-20&language=en&idCompetition=17&count=200","https://api.fifa.com/api/v3/calendar/matches?from=2026-06-11&to=2026-07-20&language=en&idCompetition=17&count=200","2026-08-11"
"GD01","wc2026",4,1,4,1,FALSE,FALSE,4,"400021458","2026-06-13","USA","Paraguay","43921","43928","43921",1,,,"FIFA calendar score (regulation time)","https://api.fifa.com/api/v3/calendar/matches?from=2026-06-11&to=2026-07-20&language=en&idCompetition=17&count=200","https://api.fifa.com/api/v3/calendar/matches?from=2026-06-11&to=2026-07-20&language=en&idCompetition=17&count=200","2026-08-11"
"GC02","wc2026",0,1,0,1,FALSE,FALSE,5,"400021453","2026-06-14","Haiti","Scotland","43908","43967","43967",1,,,"FIFA calendar score (regulation time)","https://api.fifa.com/api/v3/calendar/matches?from=2026-06-11&to=2026-07-20&language=en&idCompetition=17&count=200","https://api.fifa.com/api/v3/calendar/matches?from=2026-06-11&to=2026-07-20&language=en&idCompetition=17&count=200","2026-08-11"
"GD02","wc2026",2,0,2,0,FALSE,FALSE,6,"400021463","2026-06-14","Australia","Türkiye","43976","43972","43976",1,,,"FIFA calendar score (regulation time)","https://api.fifa.com/api/v3/calendar/matches?from=2026-06-11&to=2026-07-20&language=en&idCompetition=17&count=200","https://api.fifa.com/api/v3/calendar/matches?from=2026-06-11&to=2026-07-20&language=en&idCompetition=17&count=200","2026-08-11"
"GC01","wc2026",1,1,1,1,FALSE,FALSE,7,"400021456","2026-06-13","Brazil","Morocco","43924","43872",,1,,,"FIFA calendar score (regulation time)","https://api.fifa.com/api/v3/calendar/matches?from=2026-06-11&to=2026-07-20&language=en&idCompetition=17&count=200","https://api.fifa.com/api/v3/calendar/matches?from=2026-06-11&to=2026-07-20&language=en&idCompetition=17&count=200","2026-08-11"
"GB02","wc2026",1,1,1,1,FALSE,FALSE,8,"400021447","2026-06-13","Qatar","Switzerland","43834","43971",,1,,,"FIFA calendar score (regulation time)","https://api.fifa.com/api/v3/calendar/matches?from=2026-06-11&to=2026-07-20&language=en&idCompetition=17&count=200","https://api.fifa.com/api/v3/calendar/matches?from=2026-06-11&to=2026-07-20&language=en&idCompetition=17&count=200","2026-08-11"
"GE01","wc2026",1,0,1,0,FALSE,FALSE,9,"400021467","2026-06-14","Côte d'Ivoire","Ecuador","43854","43927","43854",1,,,"FIFA calendar score (regulation time)","https://api.fifa.com/api/v3/calendar/matches?from=2026-06-11&to=2026-07-20&language=en&idCompetition=17&count=200","https://api.fifa.com/api/v3/calendar/matches?from=2026-06-11&to=2026-07-20&language=en&idCompetition=17&count=200","2026-08-11"
"GE02","wc2026",7,1,7,1,FALSE,FALSE,10,"400021464","2026-06-14","Germany","Curaçao","43948","1895293","43948",1,,,"FIFA calendar score (regulation time)","https://api.fifa.com/api/v3/calendar/matches?from=2026-06-11&to=2026-07-20&language=en&idCompetition=17&count=200","https://api.fifa.com/api/v3/calendar/matches?from=2026-06-11&to=2026-07-20&language=en&idCompetition=17&count=200","2026-08-11"
"GF01","wc2026",2,2,2,2,FALSE,FALSE,11,"400021470","2026-06-14","Netherlands","Japan","43960","43819",,1,,,"FIFA calendar score (regulation time)","https://api.fifa.com/api/v3/calendar/matches?from=2026-06-11&to=2026-07-20&language=en&idCompetition=17&count=200","https://api.fifa.com/api/v3/calendar/matches?from=2026-06-11&to=2026-07-20&language=en&idCompetition=17&count=200","2026-08-11"
"GF02","wc2026",5,1,5,1,FALSE,FALSE,12,"400021474","2026-06-15","Sweden","Tunisia","43970","43888","43970",1,,,"FIFA calendar score (regulation time)","https://api.fifa.com/api/v3/calendar/matches?from=2026-06-11&to=2026-07-20&language=en&idCompetition=17&count=200","https://api.fifa.com/api/v3/calendar/matches?from=2026-06-11&to=2026-07-20&language=en&idCompetition=17&count=200","2026-08-11"
"GH01","wc2026",1,1,1,1,FALSE,FALSE,13,"400021486","2026-06-15","Saudi Arabia","Uruguay","43835","43930",,1,,,"FIFA calendar score (regulation time)","https://api.fifa.com/api/v3/calendar/matches?from=2026-06-11&to=2026-07-20&language=en&idCompetition=17&count=200","https://api.fifa.com/api/v3/calendar/matches?from=2026-06-11&to=2026-07-20&language=en&idCompetition=17&count=200","2026-08-11"
"GH02","wc2026",0,0,0,0,FALSE,FALSE,14,"400021482","2026-06-15","Spain","Cabo Verde","43969","43850",,1,,,"FIFA calendar score (regulation time)","https://api.fifa.com/api/v3/calendar/matches?from=2026-06-11&to=2026-07-20&language=en&idCompetition=17&count=200","https://api.fifa.com/api/v3/calendar/matches?from=2026-06-11&to=2026-07-20&language=en&idCompetition=17&count=200","2026-08-11"
"GG01","wc2026",2,2,2,2,FALSE,FALSE,15,"400021476","2026-06-16","IR Iran","New Zealand","43817","43978",,1,,,"FIFA calendar score (regulation time)","https://api.fifa.com/api/v3/calendar/matches?from=2026-06-11&to=2026-07-20&language=en&idCompetition=17&count=200","https://api.fifa.com/api/v3/calendar/matches?from=2026-06-11&to=2026-07-20&language=en&idCompetition=17&count=200","2026-08-11"
"GG02","wc2026",1,1,1,1,FALSE,FALSE,16,"400021478","2026-06-15","Belgium","Egypt","43935","43855",,1,,,"FIFA calendar score (regulation time)","https://api.fifa.com/api/v3/calendar/matches?from=2026-06-11&to=2026-07-20&language=en&idCompetition=17&count=200","https://api.fifa.com/api/v3/calendar/matches?from=2026-06-11&to=2026-07-20&language=en&idCompetition=17&count=200","2026-08-11"
"GI01","wc2026",3,1,3,1,FALSE,FALSE,17,"400021490","2026-06-16","France","Senegal","43946","43879","43946",1,,,"FIFA calendar score (regulation time)","https://api.fifa.com/api/v3/calendar/matches?from=2026-06-11&to=2026-07-20&language=en&idCompetition=17&count=200","https://api.fifa.com/api/v3/calendar/matches?from=2026-06-11&to=2026-07-20&language=en&idCompetition=17&count=200","2026-08-11"
"GI02","wc2026",1,4,1,4,FALSE,FALSE,18,"400021488","2026-06-16","Iraq","Norway","43818","43961","43961",1,,,"FIFA calendar score (regulation time)","https://api.fifa.com/api/v3/calendar/matches?from=2026-06-11&to=2026-07-20&language=en&idCompetition=17&count=200","https://api.fifa.com/api/v3/calendar/matches?from=2026-06-11&to=2026-07-20&language=en&idCompetition=17&count=200","2026-08-11"
"GJ01","wc2026",3,0,3,0,FALSE,FALSE,19,"400021496","2026-06-17","Argentina","Algeria","43922","43843","43922",1,,,"FIFA calendar score (regulation time)","https://api.fifa.com/api/v3/calendar/matches?from=2026-06-11&to=2026-07-20&language=en&idCompetition=17&count=200","https://api.fifa.com/api/v3/calendar/matches?from=2026-06-11&to=2026-07-20&language=en&idCompetition=17&count=200","2026-08-11"
"GJ02","wc2026",3,1,3,1,FALSE,FALSE,20,"400021498","2026-06-17","Austria","Jordan","43934","43820","43934",1,,,"FIFA calendar score (regulation time)","https://api.fifa.com/api/v3/calendar/matches?from=2026-06-11&to=2026-07-20&language=en&idCompetition=17&count=200","https://api.fifa.com/api/v3/calendar/matches?from=2026-06-11&to=2026-07-20&language=en&idCompetition=17&count=200","2026-08-11"
"GL01","wc2026",1,0,1,0,FALSE,FALSE,21,"400021510","2026-06-17","Ghana","Panama","43860","43914","43860",1,,,"FIFA calendar score (regulation time)","https://api.fifa.com/api/v3/calendar/matches?from=2026-06-11&to=2026-07-20&language=en&idCompetition=17&count=200","https://api.fifa.com/api/v3/calendar/matches?from=2026-06-11&to=2026-07-20&language=en&idCompetition=17&count=200","2026-08-11"
"GL02","wc2026",4,2,4,2,FALSE,FALSE,22,"400021507","2026-06-17","England","Croatia","43942","43938","43942",1,,,"FIFA calendar score (regulation time)","https://api.fifa.com/api/v3/calendar/matches?from=2026-06-11&to=2026-07-20&language=en&idCompetition=17&count=200","https://api.fifa.com/api/v3/calendar/matches?from=2026-06-11&to=2026-07-20&language=en&idCompetition=17&count=200","2026-08-11"
"GK01","wc2026",1,1,1,1,FALSE,FALSE,23,"400021502","2026-06-17","Portugal","Congo DR","43963","20014",,1,,,"FIFA calendar score (regulation time)","https://api.fifa.com/api/v3/calendar/matches?from=2026-06-11&to=2026-07-20&language=en&idCompetition=17&count=200","https://api.fifa.com/api/v3/calendar/matches?from=2026-06-11&to=2026-07-20&language=en&idCompetition=17&count=200","2026-08-11"
"GK02","wc2026",1,3,1,3,FALSE,FALSE,24,"400021504","2026-06-18","Uzbekistan","Colombia","44005","43926","43926",1,,,"FIFA calendar score (regulation time)","https://api.fifa.com/api/v3/calendar/matches?from=2026-06-11&to=2026-07-20&language=en&idCompetition=17&count=200","https://api.fifa.com/api/v3/calendar/matches?from=2026-06-11&to=2026-07-20&language=en&idCompetition=17&count=200","2026-08-11"
"GA03","wc2026",1,1,1,1,FALSE,FALSE,25,"400021440","2026-06-18","Czechia","South Africa","43995","43883",,1,,,"FIFA calendar score (regulation time)","https://api.fifa.com/api/v3/calendar/matches?from=2026-06-11&to=2026-07-20&language=en&idCompetition=17&count=200","https://api.fifa.com/api/v3/calendar/matches?from=2026-06-11&to=2026-07-20&language=en&idCompetition=17&count=200","2026-08-11"
"GB03","wc2026",4,1,4,1,FALSE,FALSE,26,"400021446","2026-06-18","Switzerland","Bosnia and Herzegovina","43971","44037","43971",1,,,"FIFA calendar score (regulation time)","https://api.fifa.com/api/v3/calendar/matches?from=2026-06-11&to=2026-07-20&language=en&idCompetition=17&count=200","https://api.fifa.com/api/v3/calendar/matches?from=2026-06-11&to=2026-07-20&language=en&idCompetition=17&count=200","2026-08-11"
"GB04","wc2026",6,0,6,0,FALSE,FALSE,27,"400021450","2026-06-18","Canada","Qatar","43899","43834","43899",1,,,"FIFA calendar score (regulation time)","https://api.fifa.com/api/v3/calendar/matches?from=2026-06-11&to=2026-07-20&language=en&idCompetition=17&count=200","https://api.fifa.com/api/v3/calendar/matches?from=2026-06-11&to=2026-07-20&language=en&idCompetition=17&count=200","2026-08-11"
"GA04","wc2026",1,0,1,0,FALSE,FALSE,28,"400021442","2026-06-19","Mexico","Korea Republic","43911","43822","43911",1,,,"FIFA calendar score (regulation time)","https://api.fifa.com/api/v3/calendar/matches?from=2026-06-11&to=2026-07-20&language=en&idCompetition=17&count=200","https://api.fifa.com/api/v3/calendar/matches?from=2026-06-11&to=2026-07-20&language=en&idCompetition=17&count=200","2026-08-11"
"GC04","wc2026",3,0,3,0,FALSE,FALSE,29,"400021457","2026-06-20","Brazil","Haiti","43924","43908","43924",1,,,"FIFA calendar score (regulation time)","https://api.fifa.com/api/v3/calendar/matches?from=2026-06-11&to=2026-07-20&language=en&idCompetition=17&count=200","https://api.fifa.com/api/v3/calendar/matches?from=2026-06-11&to=2026-07-20&language=en&idCompetition=17&count=200","2026-08-11"
"GC03","wc2026",0,1,0,1,FALSE,FALSE,30,"400021454","2026-06-19","Scotland","Morocco","43967","43872","43872",1,,,"FIFA calendar score (regulation time)","https://api.fifa.com/api/v3/calendar/matches?from=2026-06-11&to=2026-07-20&language=en&idCompetition=17&count=200","https://api.fifa.com/api/v3/calendar/matches?from=2026-06-11&to=2026-07-20&language=en&idCompetition=17&count=200","2026-08-11"
"GD03","wc2026",0,1,0,1,FALSE,FALSE,31,"400021460","2026-06-20","Türkiye","Paraguay","43972","43928","43928",1,,,"FIFA calendar score (regulation time)","https://api.fifa.com/api/v3/calendar/matches?from=2026-06-11&to=2026-07-20&language=en&idCompetition=17&count=200","https://api.fifa.com/api/v3/calendar/matches?from=2026-06-11&to=2026-07-20&language=en&idCompetition=17&count=200","2026-08-11"
"GD04","wc2026",2,0,2,0,FALSE,FALSE,32,"400021462","2026-06-19","USA","Australia","43921","43976","43921",1,,,"FIFA calendar score (regulation time)","https://api.fifa.com/api/v3/calendar/matches?from=2026-06-11&to=2026-07-20&language=en&idCompetition=17&count=200","https://api.fifa.com/api/v3/calendar/matches?from=2026-06-11&to=2026-07-20&language=en&idCompetition=17&count=200","2026-08-11"
"GE03","wc2026",2,1,2,1,FALSE,FALSE,33,"400021469","2026-06-20","Germany","Côte d'Ivoire","43948","43854","43948",1,,,"FIFA calendar score (regulation time)","https://api.fifa.com/api/v3/calendar/matches?from=2026-06-11&to=2026-07-20&language=en&idCompetition=17&count=200","https://api.fifa.com/api/v3/calendar/matches?from=2026-06-11&to=2026-07-20&language=en&idCompetition=17&count=200","2026-08-11"
"GE04","wc2026",0,0,0,0,FALSE,FALSE,34,"400021465","2026-06-21","Ecuador","Curaçao","43927","1895293",,1,,,"FIFA calendar score (regulation time)","https://api.fifa.com/api/v3/calendar/matches?from=2026-06-11&to=2026-07-20&language=en&idCompetition=17&count=200","https://api.fifa.com/api/v3/calendar/matches?from=2026-06-11&to=2026-07-20&language=en&idCompetition=17&count=200","2026-08-11"
"GF03","wc2026",5,1,5,1,FALSE,FALSE,35,"400021472","2026-06-20","Netherlands","Sweden","43960","43970","43960",1,,,"FIFA calendar score (regulation time)","https://api.fifa.com/api/v3/calendar/matches?from=2026-06-11&to=2026-07-20&language=en&idCompetition=17&count=200","https://api.fifa.com/api/v3/calendar/matches?from=2026-06-11&to=2026-07-20&language=en&idCompetition=17&count=200","2026-08-11"
"GF04","wc2026",0,4,0,4,FALSE,FALSE,36,"400021475","2026-06-21","Tunisia","Japan","43888","43819","43819",1,,,"FIFA calendar score (regulation time)","https://api.fifa.com/api/v3/calendar/matches?from=2026-06-11&to=2026-07-20&language=en&idCompetition=17&count=200","https://api.fifa.com/api/v3/calendar/matches?from=2026-06-11&to=2026-07-20&language=en&idCompetition=17&count=200","2026-08-11"
"GH03","wc2026",2,2,2,2,FALSE,FALSE,37,"400021487","2026-06-21","Uruguay","Cabo Verde","43930","43850",,1,,,"FIFA calendar score (regulation time)","https://api.fifa.com/api/v3/calendar/matches?from=2026-06-11&to=2026-07-20&language=en&idCompetition=17&count=200","https://api.fifa.com/api/v3/calendar/matches?from=2026-06-11&to=2026-07-20&language=en&idCompetition=17&count=200","2026-08-11"
"GH04","wc2026",4,0,4,0,FALSE,FALSE,38,"400021483","2026-06-21","Spain","Saudi Arabia","43969","43835","43969",1,,,"FIFA calendar score (regulation time)","https://api.fifa.com/api/v3/calendar/matches?from=2026-06-11&to=2026-07-20&language=en&idCompetition=17&count=200","https://api.fifa.com/api/v3/calendar/matches?from=2026-06-11&to=2026-07-20&language=en&idCompetition=17&count=200","2026-08-11"
"GG03","wc2026",0,0,0,0,FALSE,FALSE,39,"400021477","2026-06-21","Belgium","IR Iran","43935","43817",,1,,,"FIFA calendar score (regulation time)","https://api.fifa.com/api/v3/calendar/matches?from=2026-06-11&to=2026-07-20&language=en&idCompetition=17&count=200","https://api.fifa.com/api/v3/calendar/matches?from=2026-06-11&to=2026-07-20&language=en&idCompetition=17&count=200","2026-08-11"
"GG04","wc2026",1,3,1,3,FALSE,FALSE,40,"400021480","2026-06-22","New Zealand","Egypt","43978","43855","43855",1,,,"FIFA calendar score (regulation time)","https://api.fifa.com/api/v3/calendar/matches?from=2026-06-11&to=2026-07-20&language=en&idCompetition=17&count=200","https://api.fifa.com/api/v3/calendar/matches?from=2026-06-11&to=2026-07-20&language=en&idCompetition=17&count=200","2026-08-11"
"GI03","wc2026",3,2,3,2,FALSE,FALSE,41,"400021491","2026-06-23","Norway","Senegal","43961","43879","43961",1,,,"FIFA calendar score (regulation time)","https://api.fifa.com/api/v3/calendar/matches?from=2026-06-11&to=2026-07-20&language=en&idCompetition=17&count=200","https://api.fifa.com/api/v3/calendar/matches?from=2026-06-11&to=2026-07-20&language=en&idCompetition=17&count=200","2026-08-11"
"GI04","wc2026",3,0,3,0,FALSE,FALSE,42,"400021492","2026-06-22","France","Iraq","43946","43818","43946",1,,,"FIFA calendar score (regulation time)","https://api.fifa.com/api/v3/calendar/matches?from=2026-06-11&to=2026-07-20&language=en&idCompetition=17&count=200","https://api.fifa.com/api/v3/calendar/matches?from=2026-06-11&to=2026-07-20&language=en&idCompetition=17&count=200","2026-08-11"
"GJ03","wc2026",2,0,2,0,FALSE,FALSE,43,"400021494","2026-06-22","Argentina","Austria","43922","43934","43922",1,,,"FIFA calendar score (regulation time)","https://api.fifa.com/api/v3/calendar/matches?from=2026-06-11&to=2026-07-20&language=en&idCompetition=17&count=200","https://api.fifa.com/api/v3/calendar/matches?from=2026-06-11&to=2026-07-20&language=en&idCompetition=17&count=200","2026-08-11"
"GJ04","wc2026",1,2,1,2,FALSE,FALSE,44,"400021499","2026-06-23","Jordan","Algeria","43820","43843","43843",1,,,"FIFA calendar score (regulation time)","https://api.fifa.com/api/v3/calendar/matches?from=2026-06-11&to=2026-07-20&language=en&idCompetition=17&count=200","https://api.fifa.com/api/v3/calendar/matches?from=2026-06-11&to=2026-07-20&language=en&idCompetition=17&count=200","2026-08-11"
"GL03","wc2026",0,0,0,0,FALSE,FALSE,45,"400021506","2026-06-23","England","Ghana","43942","43860",,1,,,"FIFA calendar score (regulation time)","https://api.fifa.com/api/v3/calendar/matches?from=2026-06-11&to=2026-07-20&language=en&idCompetition=17&count=200","https://api.fifa.com/api/v3/calendar/matches?from=2026-06-11&to=2026-07-20&language=en&idCompetition=17&count=200","2026-08-11"
"GL04","wc2026",0,1,0,1,FALSE,FALSE,46,"400021511","2026-06-23","Panama","Croatia","43914","43938","43938",1,,,"FIFA calendar score (regulation time)","https://api.fifa.com/api/v3/calendar/matches?from=2026-06-11&to=2026-07-20&language=en&idCompetition=17&count=200","https://api.fifa.com/api/v3/calendar/matches?from=2026-06-11&to=2026-07-20&language=en&idCompetition=17&count=200","2026-08-11"
"GK03","wc2026",5,0,5,0,FALSE,FALSE,47,"400021503","2026-06-23","Portugal","Uzbekistan","43963","44005","43963",1,,,"FIFA calendar score (regulation time)","https://api.fifa.com/api/v3/calendar/matches?from=2026-06-11&to=2026-07-20&language=en&idCompetition=17&count=200","https://api.fifa.com/api/v3/calendar/matches?from=2026-06-11&to=2026-07-20&language=en&idCompetition=17&count=200","2026-08-11"
"GK04","wc2026",1,0,1,0,FALSE,FALSE,48,"400021501","2026-06-24","Colombia","Congo DR","43926","20014","43926",1,,,"FIFA calendar score (regulation time)","https://api.fifa.com/api/v3/calendar/matches?from=2026-06-11&to=2026-07-20&language=en&idCompetition=17&count=200","https://api.fifa.com/api/v3/calendar/matches?from=2026-06-11&to=2026-07-20&language=en&idCompetition=17&count=200","2026-08-11"
"GC05","wc2026",0,3,0,3,FALSE,FALSE,49,"400021455","2026-06-24","Scotland","Brazil","43967","43924","43924",1,,,"FIFA calendar score (regulation time)","https://api.fifa.com/api/v3/calendar/matches?from=2026-06-11&to=2026-07-20&language=en&idCompetition=17&count=200","https://api.fifa.com/api/v3/calendar/matches?from=2026-06-11&to=2026-07-20&language=en&idCompetition=17&count=200","2026-08-11"
"GC06","wc2026",4,2,4,2,FALSE,FALSE,50,"400021452","2026-06-24","Morocco","Haiti","43872","43908","43872",1,,,"FIFA calendar score (regulation time)","https://api.fifa.com/api/v3/calendar/matches?from=2026-06-11&to=2026-07-20&language=en&idCompetition=17&count=200","https://api.fifa.com/api/v3/calendar/matches?from=2026-06-11&to=2026-07-20&language=en&idCompetition=17&count=200","2026-08-11"
"GB05","wc2026",2,1,2,1,FALSE,FALSE,51,"400021451","2026-06-24","Switzerland","Canada","43971","43899","43971",1,,,"FIFA calendar score (regulation time)","https://api.fifa.com/api/v3/calendar/matches?from=2026-06-11&to=2026-07-20&language=en&idCompetition=17&count=200","https://api.fifa.com/api/v3/calendar/matches?from=2026-06-11&to=2026-07-20&language=en&idCompetition=17&count=200","2026-08-11"
"GB06","wc2026",3,1,3,1,FALSE,FALSE,52,"400021448","2026-06-24","Bosnia and Herzegovina","Qatar","44037","43834","44037",1,,,"FIFA calendar score (regulation time)","https://api.fifa.com/api/v3/calendar/matches?from=2026-06-11&to=2026-07-20&language=en&idCompetition=17&count=200","https://api.fifa.com/api/v3/calendar/matches?from=2026-06-11&to=2026-07-20&language=en&idCompetition=17&count=200","2026-08-11"
"GA05","wc2026",0,3,0,3,FALSE,FALSE,53,"400021444","2026-06-25","Czechia","Mexico","43995","43911","43911",1,,,"FIFA calendar score (regulation time)","https://api.fifa.com/api/v3/calendar/matches?from=2026-06-11&to=2026-07-20&language=en&idCompetition=17&count=200","https://api.fifa.com/api/v3/calendar/matches?from=2026-06-11&to=2026-07-20&language=en&idCompetition=17&count=200","2026-08-11"
"GA06","wc2026",1,0,1,0,FALSE,FALSE,54,"400021445","2026-06-25","South Africa","Korea Republic","43883","43822","43883",1,,,"FIFA calendar score (regulation time)","https://api.fifa.com/api/v3/calendar/matches?from=2026-06-11&to=2026-07-20&language=en&idCompetition=17&count=200","https://api.fifa.com/api/v3/calendar/matches?from=2026-06-11&to=2026-07-20&language=en&idCompetition=17&count=200","2026-08-11"
"GE05","wc2026",0,2,0,2,FALSE,FALSE,55,"400021468","2026-06-25","Curaçao","Côte d'Ivoire","1895293","43854","43854",1,,,"FIFA calendar score (regulation time)","https://api.fifa.com/api/v3/calendar/matches?from=2026-06-11&to=2026-07-20&language=en&idCompetition=17&count=200","https://api.fifa.com/api/v3/calendar/matches?from=2026-06-11&to=2026-07-20&language=en&idCompetition=17&count=200","2026-08-11"
"GE06","wc2026",2,1,2,1,FALSE,FALSE,56,"400021466","2026-06-25","Ecuador","Germany","43927","43948","43927",1,,,"FIFA calendar score (regulation time)","https://api.fifa.com/api/v3/calendar/matches?from=2026-06-11&to=2026-07-20&language=en&idCompetition=17&count=200","https://api.fifa.com/api/v3/calendar/matches?from=2026-06-11&to=2026-07-20&language=en&idCompetition=17&count=200","2026-08-11"
"GF05","wc2026",1,1,1,1,FALSE,FALSE,57,"400021471","2026-06-25","Japan","Sweden","43819","43970",,1,,,"FIFA calendar score (regulation time)","https://api.fifa.com/api/v3/calendar/matches?from=2026-06-11&to=2026-07-20&language=en&idCompetition=17&count=200","https://api.fifa.com/api/v3/calendar/matches?from=2026-06-11&to=2026-07-20&language=en&idCompetition=17&count=200","2026-08-11"
"GF06","wc2026",1,3,1,3,FALSE,FALSE,58,"400021473","2026-06-25","Tunisia","Netherlands","43888","43960","43960",1,,,"FIFA calendar score (regulation time)","https://api.fifa.com/api/v3/calendar/matches?from=2026-06-11&to=2026-07-20&language=en&idCompetition=17&count=200","https://api.fifa.com/api/v3/calendar/matches?from=2026-06-11&to=2026-07-20&language=en&idCompetition=17&count=200","2026-08-11"
"GD05","wc2026",3,2,3,2,FALSE,FALSE,59,"400021459","2026-06-26","Türkiye","USA","43972","43921","43972",1,,,"FIFA calendar score (regulation time)","https://api.fifa.com/api/v3/calendar/matches?from=2026-06-11&to=2026-07-20&language=en&idCompetition=17&count=200","https://api.fifa.com/api/v3/calendar/matches?from=2026-06-11&to=2026-07-20&language=en&idCompetition=17&count=200","2026-08-11"
"GD06","wc2026",0,0,0,0,FALSE,FALSE,60,"400021461","2026-06-26","Paraguay","Australia","43928","43976",,1,,,"FIFA calendar score (regulation time)","https://api.fifa.com/api/v3/calendar/matches?from=2026-06-11&to=2026-07-20&language=en&idCompetition=17&count=200","https://api.fifa.com/api/v3/calendar/matches?from=2026-06-11&to=2026-07-20&language=en&idCompetition=17&count=200","2026-08-11"
"GI05","wc2026",1,4,1,4,FALSE,FALSE,61,"400021489","2026-06-26","Norway","France","43961","43946","43946",1,,,"FIFA calendar score (regulation time)","https://api.fifa.com/api/v3/calendar/matches?from=2026-06-11&to=2026-07-20&language=en&idCompetition=17&count=200","https://api.fifa.com/api/v3/calendar/matches?from=2026-06-11&to=2026-07-20&language=en&idCompetition=17&count=200","2026-08-11"
"GI06","wc2026",5,0,5,0,FALSE,FALSE,62,"400021493","2026-06-26","Senegal","Iraq","43879","43818","43879",1,,,"FIFA calendar score (regulation time)","https://api.fifa.com/api/v3/calendar/matches?from=2026-06-11&to=2026-07-20&language=en&idCompetition=17&count=200","https://api.fifa.com/api/v3/calendar/matches?from=2026-06-11&to=2026-07-20&language=en&idCompetition=17&count=200","2026-08-11"
"GG05","wc2026",1,1,1,1,FALSE,FALSE,63,"400021479","2026-06-27","Egypt","IR Iran","43855","43817",,1,,,"FIFA calendar score (regulation time)","https://api.fifa.com/api/v3/calendar/matches?from=2026-06-11&to=2026-07-20&language=en&idCompetition=17&count=200","https://api.fifa.com/api/v3/calendar/matches?from=2026-06-11&to=2026-07-20&language=en&idCompetition=17&count=200","2026-08-11"
"GG06","wc2026",1,5,1,5,FALSE,FALSE,64,"400021481","2026-06-27","New Zealand","Belgium","43978","43935","43935",1,,,"FIFA calendar score (regulation time)","https://api.fifa.com/api/v3/calendar/matches?from=2026-06-11&to=2026-07-20&language=en&idCompetition=17&count=200","https://api.fifa.com/api/v3/calendar/matches?from=2026-06-11&to=2026-07-20&language=en&idCompetition=17&count=200","2026-08-11"
"GH05","wc2026",0,0,0,0,FALSE,FALSE,65,"400021485","2026-06-27","Cabo Verde","Saudi Arabia","43850","43835",,1,,,"FIFA calendar score (regulation time)","https://api.fifa.com/api/v3/calendar/matches?from=2026-06-11&to=2026-07-20&language=en&idCompetition=17&count=200","https://api.fifa.com/api/v3/calendar/matches?from=2026-06-11&to=2026-07-20&language=en&idCompetition=17&count=200","2026-08-11"
"GH06","wc2026",0,1,0,1,FALSE,FALSE,66,"400021484","2026-06-27","Uruguay","Spain","43930","43969","43969",1,,,"FIFA calendar score (regulation time)","https://api.fifa.com/api/v3/calendar/matches?from=2026-06-11&to=2026-07-20&language=en&idCompetition=17&count=200","https://api.fifa.com/api/v3/calendar/matches?from=2026-06-11&to=2026-07-20&language=en&idCompetition=17&count=200","2026-08-11"
"GL05","wc2026",0,2,0,2,FALSE,FALSE,67,"400021508","2026-06-27","Panama","England","43914","43942","43942",1,,,"FIFA calendar score (regulation time)","https://api.fifa.com/api/v3/calendar/matches?from=2026-06-11&to=2026-07-20&language=en&idCompetition=17&count=200","https://api.fifa.com/api/v3/calendar/matches?from=2026-06-11&to=2026-07-20&language=en&idCompetition=17&count=200","2026-08-11"
"GL06","wc2026",2,1,2,1,FALSE,FALSE,68,"400021509","2026-06-27","Croatia","Ghana","43938","43860","43938",1,,,"FIFA calendar score (regulation time)","https://api.fifa.com/api/v3/calendar/matches?from=2026-06-11&to=2026-07-20&language=en&idCompetition=17&count=200","https://api.fifa.com/api/v3/calendar/matches?from=2026-06-11&to=2026-07-20&language=en&idCompetition=17&count=200","2026-08-11"
"GJ05","wc2026",3,3,3,3,FALSE,FALSE,69,"400021497","2026-06-28","Algeria","Austria","43843","43934",,1,,,"FIFA calendar score (regulation time)","https://api.fifa.com/api/v3/calendar/matches?from=2026-06-11&to=2026-07-20&language=en&idCompetition=17&count=200","https://api.fifa.com/api/v3/calendar/matches?from=2026-06-11&to=2026-07-20&language=en&idCompetition=17&count=200","2026-08-11"
"GJ06","wc2026",1,3,1,3,FALSE,FALSE,70,"400021495","2026-06-28","Jordan","Argentina","43820","43922","43922",1,,,"FIFA calendar score (regulation time)","https://api.fifa.com/api/v3/calendar/matches?from=2026-06-11&to=2026-07-20&language=en&idCompetition=17&count=200","https://api.fifa.com/api/v3/calendar/matches?from=2026-06-11&to=2026-07-20&language=en&idCompetition=17&count=200","2026-08-11"
"GK05","wc2026",0,0,0,0,FALSE,FALSE,71,"400021505","2026-06-27","Colombia","Portugal","43926","43963",,1,,,"FIFA calendar score (regulation time)","https://api.fifa.com/api/v3/calendar/matches?from=2026-06-11&to=2026-07-20&language=en&idCompetition=17&count=200","https://api.fifa.com/api/v3/calendar/matches?from=2026-06-11&to=2026-07-20&language=en&idCompetition=17&count=200","2026-08-11"
"GK06","wc2026",3,1,3,1,FALSE,FALSE,72,"400021500","2026-06-27","Congo DR","Uzbekistan","20014","44005","20014",1,,,"FIFA calendar score (regulation time)","https://api.fifa.com/api/v3/calendar/matches?from=2026-06-11&to=2026-07-20&language=en&idCompetition=17&count=200","https://api.fifa.com/api/v3/calendar/matches?from=2026-06-11&to=2026-07-20&language=en&idCompetition=17&count=200","2026-08-11"
"M73","wc2026",0,1,0,1,FALSE,FALSE,73,"400021518","2026-06-28","South Africa","Canada","43883","43899","43899",1,,,"FIFA calendar score (regulation time)","https://api.fifa.com/api/v3/calendar/matches?from=2026-06-11&to=2026-07-20&language=en&idCompetition=17&count=200","https://api.fifa.com/api/v3/calendar/matches?from=2026-06-11&to=2026-07-20&language=en&idCompetition=17&count=200","2026-08-11"
"M74","wc2026",1,1,1,1,TRUE,TRUE,74,"400021513","2026-06-29","Germany","Paraguay","43948","43928","43928",2,3,4,"FIFA calendar score before penalty shootout","https://api.fifa.com/api/v3/calendar/matches?from=2026-06-11&to=2026-07-20&language=en&idCompetition=17&count=200","https://www.fifatrainingcentre.com/media/native/tournaments/fifa-world-cup/2026/PMSR-M74-GER-V-PAR.pdf","2026-08-11"
"M75","wc2026",1,1,1,1,TRUE,TRUE,75,"400021522","2026-06-30","Netherlands","Morocco","43960","43872","43872",2,2,3,"FIFA calendar score before penalty shootout","https://api.fifa.com/api/v3/calendar/matches?from=2026-06-11&to=2026-07-20&language=en&idCompetition=17&count=200","https://www.fifatrainingcentre.com/media/native/tournaments/fifa-world-cup/2026/PMSR-M75-NED-V-MAR.pdf","2026-08-11"
"M76","wc2026",2,1,2,1,FALSE,FALSE,76,"400021516","2026-06-29","Brazil","Japan","43924","43819","43924",1,,,"FIFA calendar score (regulation time)","https://api.fifa.com/api/v3/calendar/matches?from=2026-06-11&to=2026-07-20&language=en&idCompetition=17&count=200","https://api.fifa.com/api/v3/calendar/matches?from=2026-06-11&to=2026-07-20&language=en&idCompetition=17&count=200","2026-08-11"
"M77","wc2026",3,0,3,0,FALSE,FALSE,77,"400021523","2026-06-30","France","Sweden","43946","43970","43946",1,,,"FIFA calendar score (regulation time)","https://api.fifa.com/api/v3/calendar/matches?from=2026-06-11&to=2026-07-20&language=en&idCompetition=17&count=200","https://api.fifa.com/api/v3/calendar/matches?from=2026-06-11&to=2026-07-20&language=en&idCompetition=17&count=200","2026-08-11"
"M78","wc2026",1,2,1,2,FALSE,FALSE,78,"400021514","2026-06-30","Côte d'Ivoire","Norway","43854","43961","43961",1,,,"FIFA calendar score (regulation time)","https://api.fifa.com/api/v3/calendar/matches?from=2026-06-11&to=2026-07-20&language=en&idCompetition=17&count=200","https://api.fifa.com/api/v3/calendar/matches?from=2026-06-11&to=2026-07-20&language=en&idCompetition=17&count=200","2026-08-11"
"M79","wc2026",2,0,2,0,FALSE,FALSE,79,"400021520","2026-07-01","Mexico","Ecuador","43911","43927","43911",1,,,"FIFA calendar score (regulation time)","https://api.fifa.com/api/v3/calendar/matches?from=2026-06-11&to=2026-07-20&language=en&idCompetition=17&count=200","https://api.fifa.com/api/v3/calendar/matches?from=2026-06-11&to=2026-07-20&language=en&idCompetition=17&count=200","2026-08-11"
"M80","wc2026",2,1,2,1,FALSE,FALSE,80,"400021512","2026-07-01","England","Congo DR","43942","20014","43942",1,,,"FIFA calendar score (regulation time)","https://api.fifa.com/api/v3/calendar/matches?from=2026-06-11&to=2026-07-20&language=en&idCompetition=17&count=200","https://api.fifa.com/api/v3/calendar/matches?from=2026-06-11&to=2026-07-20&language=en&idCompetition=17&count=200","2026-08-11"
"M81","wc2026",2,0,2,0,FALSE,FALSE,81,"400021524","2026-07-02","USA","Bosnia and Herzegovina","43921","44037","43921",1,,,"FIFA calendar score (regulation time)","https://api.fifa.com/api/v3/calendar/matches?from=2026-06-11&to=2026-07-20&language=en&idCompetition=17&count=200","https://api.fifa.com/api/v3/calendar/matches?from=2026-06-11&to=2026-07-20&language=en&idCompetition=17&count=200","2026-08-11"
"M82","wc2026",2,2,3,2,TRUE,FALSE,82,"400021525","2026-07-01","Belgium","Senegal","43935","43879","43935",3,,,"FIFA official post-match report goal timeline before extra time","https://api.fifa.com/api/v3/calendar/matches?from=2026-06-11&to=2026-07-20&language=en&idCompetition=17&count=200","https://www.fifatrainingcentre.com/media/native/tournaments/fifa-world-cup/2026/PMSR-M82-BEL-V-SEN.pdf","2026-08-11"
"M83","wc2026",2,1,2,1,FALSE,FALSE,83,"400021526","2026-07-02","Portugal","Croatia","43963","43938","43963",1,,,"FIFA calendar score (regulation time)","https://api.fifa.com/api/v3/calendar/matches?from=2026-06-11&to=2026-07-20&language=en&idCompetition=17&count=200","https://api.fifa.com/api/v3/calendar/matches?from=2026-06-11&to=2026-07-20&language=en&idCompetition=17&count=200","2026-08-11"
"M84","wc2026",3,0,3,0,FALSE,FALSE,84,"400021519","2026-07-02","Spain","Austria","43969","43934","43969",1,,,"FIFA calendar score (regulation time)","https://api.fifa.com/api/v3/calendar/matches?from=2026-06-11&to=2026-07-20&language=en&idCompetition=17&count=200","https://api.fifa.com/api/v3/calendar/matches?from=2026-06-11&to=2026-07-20&language=en&idCompetition=17&count=200","2026-08-11"
"M85","wc2026",2,0,2,0,FALSE,FALSE,85,"400021527","2026-07-03","Switzerland","Algeria","43971","43843","43971",1,,,"FIFA calendar score (regulation time)","https://api.fifa.com/api/v3/calendar/matches?from=2026-06-11&to=2026-07-20&language=en&idCompetition=17&count=200","https://api.fifa.com/api/v3/calendar/matches?from=2026-06-11&to=2026-07-20&language=en&idCompetition=17&count=200","2026-08-11"
"M86","wc2026",1,1,3,2,TRUE,FALSE,86,"400021521","2026-07-03","Argentina","Cabo Verde","43922","43850","43922",3,,,"FIFA official post-match report goal timeline before extra time","https://api.fifa.com/api/v3/calendar/matches?from=2026-06-11&to=2026-07-20&language=en&idCompetition=17&count=200","https://www.fifatrainingcentre.com/media/native/tournaments/fifa-world-cup/2026/PMSR-M86-ARG-V-CPV.pdf","2026-08-11"
"M87","wc2026",1,0,1,0,FALSE,FALSE,87,"400021517","2026-07-04","Colombia","Ghana","43926","43860","43926",1,,,"FIFA calendar score (regulation time)","https://api.fifa.com/api/v3/calendar/matches?from=2026-06-11&to=2026-07-20&language=en&idCompetition=17&count=200","https://api.fifa.com/api/v3/calendar/matches?from=2026-06-11&to=2026-07-20&language=en&idCompetition=17&count=200","2026-08-11"
"M88","wc2026",1,1,1,1,TRUE,TRUE,88,"400021515","2026-07-03","Australia","Egypt","43976","43855","43855",2,2,4,"FIFA calendar score before penalty shootout","https://api.fifa.com/api/v3/calendar/matches?from=2026-06-11&to=2026-07-20&language=en&idCompetition=17&count=200","https://www.fifatrainingcentre.com/media/native/tournaments/fifa-world-cup/2026/PMSR-M88-AUS-V-EGY.pdf","2026-08-11"
"M89","wc2026",0,1,0,1,FALSE,FALSE,89,"400021533","2026-07-04","Paraguay","France","43928","43946","43946",1,,,"FIFA calendar score (regulation time)","https://api.fifa.com/api/v3/calendar/matches?from=2026-06-11&to=2026-07-20&language=en&idCompetition=17&count=200","https://api.fifa.com/api/v3/calendar/matches?from=2026-06-11&to=2026-07-20&language=en&idCompetition=17&count=200","2026-08-11"
"M90","wc2026",0,3,0,3,FALSE,FALSE,90,"400021530","2026-07-04","Canada","Morocco","43899","43872","43872",1,,,"FIFA calendar score (regulation time)","https://api.fifa.com/api/v3/calendar/matches?from=2026-06-11&to=2026-07-20&language=en&idCompetition=17&count=200","https://api.fifa.com/api/v3/calendar/matches?from=2026-06-11&to=2026-07-20&language=en&idCompetition=17&count=200","2026-08-11"
"M91","wc2026",1,2,1,2,FALSE,FALSE,91,"400021532","2026-07-05","Brazil","Norway","43924","43961","43961",1,,,"FIFA calendar score (regulation time)","https://api.fifa.com/api/v3/calendar/matches?from=2026-06-11&to=2026-07-20&language=en&idCompetition=17&count=200","https://api.fifa.com/api/v3/calendar/matches?from=2026-06-11&to=2026-07-20&language=en&idCompetition=17&count=200","2026-08-11"
"M92","wc2026",2,3,2,3,FALSE,FALSE,92,"400021531","2026-07-06","Mexico","England","43911","43942","43942",1,,,"FIFA calendar score (regulation time)","https://api.fifa.com/api/v3/calendar/matches?from=2026-06-11&to=2026-07-20&language=en&idCompetition=17&count=200","https://api.fifa.com/api/v3/calendar/matches?from=2026-06-11&to=2026-07-20&language=en&idCompetition=17&count=200","2026-08-11"
"M93","wc2026",0,1,0,1,FALSE,FALSE,93,"400021529","2026-07-06","Portugal","Spain","43963","43969","43969",1,,,"FIFA calendar score (regulation time)","https://api.fifa.com/api/v3/calendar/matches?from=2026-06-11&to=2026-07-20&language=en&idCompetition=17&count=200","https://api.fifa.com/api/v3/calendar/matches?from=2026-06-11&to=2026-07-20&language=en&idCompetition=17&count=200","2026-08-11"
"M94","wc2026",1,4,1,4,FALSE,FALSE,94,"400021534","2026-07-07","USA","Belgium","43921","43935","43935",1,,,"FIFA calendar score (regulation time)","https://api.fifa.com/api/v3/calendar/matches?from=2026-06-11&to=2026-07-20&language=en&idCompetition=17&count=200","https://api.fifa.com/api/v3/calendar/matches?from=2026-06-11&to=2026-07-20&language=en&idCompetition=17&count=200","2026-08-11"
"M95","wc2026",3,2,3,2,FALSE,FALSE,95,"400021528","2026-07-07","Argentina","Egypt","43922","43855","43922",1,,,"FIFA calendar score (regulation time)","https://api.fifa.com/api/v3/calendar/matches?from=2026-06-11&to=2026-07-20&language=en&idCompetition=17&count=200","https://api.fifa.com/api/v3/calendar/matches?from=2026-06-11&to=2026-07-20&language=en&idCompetition=17&count=200","2026-08-11"
"M96","wc2026",0,0,0,0,TRUE,TRUE,96,"400021535","2026-07-07","Switzerland","Colombia","43971","43926","43971",2,4,3,"FIFA calendar score before penalty shootout","https://api.fifa.com/api/v3/calendar/matches?from=2026-06-11&to=2026-07-20&language=en&idCompetition=17&count=200","https://www.fifatrainingcentre.com/media/native/tournaments/fifa-world-cup/2026/PMSR-M96-SUI-V-COL.pdf","2026-08-11"
"M97","wc2026",2,0,2,0,FALSE,FALSE,97,"400021536","2026-07-09","France","Morocco","43946","43872","43946",1,,,"FIFA calendar score (regulation time)","https://api.fifa.com/api/v3/calendar/matches?from=2026-06-11&to=2026-07-20&language=en&idCompetition=17&count=200","https://api.fifa.com/api/v3/calendar/matches?from=2026-06-11&to=2026-07-20&language=en&idCompetition=17&count=200","2026-08-11"
"M98","wc2026",2,1,2,1,FALSE,FALSE,98,"400021538","2026-07-10","Spain","Belgium","43969","43935","43969",1,,,"FIFA calendar score (regulation time)","https://api.fifa.com/api/v3/calendar/matches?from=2026-06-11&to=2026-07-20&language=en&idCompetition=17&count=200","https://api.fifa.com/api/v3/calendar/matches?from=2026-06-11&to=2026-07-20&language=en&idCompetition=17&count=200","2026-08-11"
"M99","wc2026",1,1,1,2,TRUE,FALSE,99,"400021539","2026-07-11","Norway","England","43961","43942","43942",3,,,"FIFA official post-match report goal timeline before extra time","https://api.fifa.com/api/v3/calendar/matches?from=2026-06-11&to=2026-07-20&language=en&idCompetition=17&count=200","https://www.fifatrainingcentre.com/media/native/tournaments/fifa-world-cup/2026/PMSR-M99-NOR-V-ENG.pdf","2026-08-11"
"M100","wc2026",1,1,3,1,TRUE,FALSE,100,"400021537","2026-07-12","Argentina","Switzerland","43922","43971","43922",3,,,"FIFA official post-match report goal timeline before extra time","https://api.fifa.com/api/v3/calendar/matches?from=2026-06-11&to=2026-07-20&language=en&idCompetition=17&count=200","https://www.fifatrainingcentre.com/media/native/tournaments/fifa-world-cup/2026/PMSR-M100-ARG-V-SUI.pdf","2026-08-11"
"M101","wc2026",0,2,0,2,FALSE,FALSE,101,"400021541","2026-07-14","France","Spain","43946","43969","43969",1,,,"FIFA calendar score (regulation time)","https://api.fifa.com/api/v3/calendar/matches?from=2026-06-11&to=2026-07-20&language=en&idCompetition=17&count=200","https://api.fifa.com/api/v3/calendar/matches?from=2026-06-11&to=2026-07-20&language=en&idCompetition=17&count=200","2026-08-11"
"M102","wc2026",1,2,1,2,FALSE,FALSE,102,"400021540","2026-07-15","England","Argentina","43942","43922","43922",1,,,"FIFA calendar score (regulation time)","https://api.fifa.com/api/v3/calendar/matches?from=2026-06-11&to=2026-07-20&language=en&idCompetition=17&count=200","https://api.fifa.com/api/v3/calendar/matches?from=2026-06-11&to=2026-07-20&language=en&idCompetition=17&count=200","2026-08-11"
"M103","wc2026",4,6,4,6,FALSE,FALSE,103,"400021542","2026-07-18","France","England","43946","43942","43942",1,,,"FIFA calendar score (regulation time)","https://api.fifa.com/api/v3/calendar/matches?from=2026-06-11&to=2026-07-20&language=en&idCompetition=17&count=200","https://api.fifa.com/api/v3/calendar/matches?from=2026-06-11&to=2026-07-20&language=en&idCompetition=17&count=200","2026-08-11"
"M104","wc2026",0,0,1,0,TRUE,FALSE,104,"400021543","2026-07-19","Spain","Argentina","43969","43922","43969",3,,,"FIFA official post-match report goal timeline before extra time","https://api.fifa.com/api/v3/calendar/matches?from=2026-06-11&to=2026-07-20&language=en&idCompetition=17&count=200","https://www.fifatrainingcentre.com/media/native/tournaments/fifa-world-cup/2026/PMSR-M104-ESP-V-ARG.pdf","2026-08-11"
