"edition_id","team_id","form_scope","window_type","window_size","window_span","sample_count","eligible_sample_count","result_sequence","competition_type","feature_cutoff_utc","latest_evidence_completed_at_utc","latest_evidence_date","latest_evidence_precision","contributing_match_ids","contributing_match_hashes","contributing_source_lineages","xgf","xga","xgd","xgf_ewma","xga_ewma","xgd_ewma","availability_status","availability_reason","source_id","source_scope","evidence_basis","row_sha256","canonical_row_sha256","table_sha256","canonical_table_sha256"
"uefa_nations_league_2026_27","team_cze","national_team_xg","ewma",12,12,0,0,,,"2026-09-24T15:59:59Z",,,"missing",,,,,,,,,,"unavailable","no_accepted_national_team_xg_source",,"senior_mens_national_team","shot_derived","cd66c760ae105dc1a4faf55eaf61eb9384e810508f4b032dab3b136a133d1a56","cd66c760ae105dc1a4faf55eaf61eb9384e810508f4b032dab3b136a133d1a56","6946c90bfb364175b505bfc2069b1a1ecd548e7f0d2f8892025739232ca9b296","6946c90bfb364175b505bfc2069b1a1ecd548e7f0d2f8892025739232ca9b296"
"uefa_nations_league_2026_27","team_tur","national_team_xg","ewma",12,12,0,0,,,"2026-09-24T15:59:59Z",,,"missing",,,,,,,,,,"unavailable","no_accepted_national_team_xg_source",,"senior_mens_national_team","shot_derived","b025ceb9248227098ed8fa2cc0375d89ddbad0b3cf8f5f37efece51939aed28e","b025ceb9248227098ed8fa2cc0375d89ddbad0b3cf8f5f37efece51939aed28e","6946c90bfb364175b505bfc2069b1a1ecd548e7f0d2f8892025739232ca9b296","6946c90bfb364175b505bfc2069b1a1ecd548e7f0d2f8892025739232ca9b296"
"uefa_nations_league_2026_27","team_alb","national_team_xg","ewma",12,12,0,0,,,"2026-09-24T15:59:59Z",,,"missing",,,,,,,,,,"unavailable","no_accepted_national_team_xg_source",,"senior_mens_national_team","shot_derived","87d3c8031fb2d6ebb40e8ea8871b2a257c023488293d377ecbfca065f24ea02c","87d3c8031fb2d6ebb40e8ea8871b2a257c023488293d377ecbfca065f24ea02c","6946c90bfb364175b505bfc2069b1a1ecd548e7f0d2f8892025739232ca9b296","6946c90bfb364175b505bfc2069b1a1ecd548e7f0d2f8892025739232ca9b296"
"uefa_nations_league_2026_27","team_mne","national_team_xg","ewma",12,12,0,0,,,"2026-09-24T15:59:59Z",,,"missing",,,,,,,,,,"unavailable","no_accepted_national_team_xg_source",,"senior_mens_national_team","shot_derived","61ae9e81577c35b5f4413d878a80f8cfd84967501faba17a4eab9d75660ea562","61ae9e81577c35b5f4413d878a80f8cfd84967501faba17a4eab9d75660ea562","6946c90bfb364175b505bfc2069b1a1ecd548e7f0d2f8892025739232ca9b296","6946c90bfb364175b505bfc2069b1a1ecd548e7f0d2f8892025739232ca9b296"
"uefa_nations_league_2026_27","team_arm","national_team_xg","ewma",12,12,0,0,,,"2026-09-24T15:59:59Z",,,"missing",,,,,,,,,,"unavailable","no_accepted_national_team_xg_source",,"senior_mens_national_team","shot_derived","a20f03b8f1a3217788ddac2a4fc0e36baefbfb6419361d55a30f95fca5ba920f","a20f03b8f1a3217788ddac2a4fc0e36baefbfb6419361d55a30f95fca5ba920f","6946c90bfb364175b505bfc2069b1a1ecd548e7f0d2f8892025739232ca9b296","6946c90bfb364175b505bfc2069b1a1ecd548e7f0d2f8892025739232ca9b296"
"uefa_nations_league_2026_27","team_smr","national_team_xg","ewma",12,12,0,0,,,"2026-09-24T15:59:59Z",,,"missing",,,,,,,,,,"unavailable","no_accepted_national_team_xg_source",,"senior_mens_national_team","shot_derived","e2ba4e596ca44c8d8bfd990b8a0d4f9eba78220785d14e88d29609923eafc3df","e2ba4e596ca44c8d8bfd990b8a0d4f9eba78220785d14e88d29609923eafc3df","6946c90bfb364175b505bfc2069b1a1ecd548e7f0d2f8892025739232ca9b296","6946c90bfb364175b505bfc2069b1a1ecd548e7f0d2f8892025739232ca9b296"
"uefa_nations_league_2026_27","team_ita","national_team_xg","ewma",12,12,0,0,,,"2026-09-24T15:59:59Z",,,"missing",,,,,,,,,,"unavailable","no_accepted_national_team_xg_source",,"senior_mens_national_team","shot_derived","b515ae92671a6d5eebc6213c5d3314dfb99c93b9e07d750e833617570af176d7","b515ae92671a6d5eebc6213c5d3314dfb99c93b9e07d750e833617570af176d7","6946c90bfb364175b505bfc2069b1a1ecd548e7f0d2f8892025739232ca9b296","6946c90bfb364175b505bfc2069b1a1ecd548e7f0d2f8892025739232ca9b296"
"uefa_nations_league_2026_27","team_eng","national_team_xg","ewma",12,12,0,0,,,"2026-09-24T15:59:59Z",,,"missing",,,,,,,,,,"unavailable","no_accepted_national_team_xg_source",,"senior_mens_national_team","shot_derived","0a3da5a5e73fd86375c10a9f6f1a87ddb777c9074944ee2137637f08a240bf72","0a3da5a5e73fd86375c10a9f6f1a87ddb777c9074944ee2137637f08a240bf72","6946c90bfb364175b505bfc2069b1a1ecd548e7f0d2f8892025739232ca9b296","6946c90bfb364175b505bfc2069b1a1ecd548e7f0d2f8892025739232ca9b296"
"uefa_nations_league_2026_27","team_svk","national_team_xg","ewma",12,12,0,0,,,"2026-09-24T15:59:59Z",,,"missing",,,,,,,,,,"unavailable","no_accepted_national_team_xg_source",,"senior_mens_national_team","shot_derived","d453f5c95552ade91cdc362ae5713f8fb7577c83558ea22f04ffb3b4baa047f9","d453f5c95552ade91cdc362ae5713f8fb7577c83558ea22f04ffb3b4baa047f9","6946c90bfb364175b505bfc2069b1a1ecd548e7f0d2f8892025739232ca9b296","6946c90bfb364175b505bfc2069b1a1ecd548e7f0d2f8892025739232ca9b296"
"uefa_nations_league_2026_27","team_lux","national_team_xg","ewma",12,12,0,0,,,"2026-09-24T15:59:59Z",,,"missing",,,,,,,,,,"unavailable","no_accepted_national_team_xg_source",,"senior_mens_national_team","shot_derived","aed5367f6ca09fe5b1ffc909f7e58b0fa32486ffb0a01633862bc7d1a5c39b6b","aed5367f6ca09fe5b1ffc909f7e58b0fa32486ffb0a01633862bc7d1a5c39b6b","6946c90bfb364175b505bfc2069b1a1ecd548e7f0d2f8892025739232ca9b296","6946c90bfb364175b505bfc2069b1a1ecd548e7f0d2f8892025739232ca9b296"
"uefa_nations_league_2026_27","team_bul","national_team_xg","ewma",12,12,0,0,,,"2026-09-24T15:59:59Z",,,"missing",,,,,,,,,,"unavailable","no_accepted_national_team_xg_source",,"senior_mens_national_team","shot_derived","2c6aa0eb2b1f59b82f05bb0b4d9251d5c2994bb323358119ce9ff80f98e30445","2c6aa0eb2b1f59b82f05bb0b4d9251d5c2994bb323358119ce9ff80f98e30445","6946c90bfb364175b505bfc2069b1a1ecd548e7f0d2f8892025739232ca9b296","6946c90bfb364175b505bfc2069b1a1ecd548e7f0d2f8892025739232ca9b296"
"uefa_nations_league_2026_27","team_mda","national_team_xg","ewma",12,12,0,0,,,"2026-09-24T15:59:59Z",,,"missing",,,,,,,,,,"unavailable","no_accepted_national_team_xg_source",,"senior_mens_national_team","shot_derived","aac70a91a4196a912940aba226ab6ff1acd0a306d05a9e9f87c2f88f0ad01726","aac70a91a4196a912940aba226ab6ff1acd0a306d05a9e9f87c2f88f0ad01726","6946c90bfb364175b505bfc2069b1a1ecd548e7f0d2f8892025739232ca9b296","6946c90bfb364175b505bfc2069b1a1ecd548e7f0d2f8892025739232ca9b296"
"uefa_nations_league_2026_27","team_and","national_team_xg","ewma",12,12,0,0,,,"2026-09-24T15:59:59Z",,,"missing",,,,,,,,,,"unavailable","no_accepted_national_team_xg_source",,"senior_mens_national_team","shot_derived","ee3fcfd917842f4820f6c0801cdd0e55920eb982817ebbd9c033f44c031ccf37","ee3fcfd917842f4820f6c0801cdd0e55920eb982817ebbd9c033f44c031ccf37","6946c90bfb364175b505bfc2069b1a1ecd548e7f0d2f8892025739232ca9b296","6946c90bfb364175b505bfc2069b1a1ecd548e7f0d2f8892025739232ca9b296"
"uefa_nations_league_2026_27","team_lie","national_team_xg","ewma",12,12,0,0,,,"2026-09-24T15:59:59Z",,,"missing",,,,,,,,,,"unavailable","no_accepted_national_team_xg_source",,"senior_mens_national_team","shot_derived","a48a930221cc5ab646e1e99e4afdc9bada41d51aa5e584d73d97181d856a42de","a48a930221cc5ab646e1e99e4afdc9bada41d51aa5e584d73d97181d856a42de","6946c90bfb364175b505bfc2069b1a1ecd548e7f0d2f8892025739232ca9b296","6946c90bfb364175b505bfc2069b1a1ecd548e7f0d2f8892025739232ca9b296"
"uefa_nations_league_2026_27","team_ned","national_team_xg","ewma",12,12,0,0,,,"2026-09-24T15:59:59Z",,,"missing",,,,,,,,,,"unavailable","no_accepted_national_team_xg_source",,"senior_mens_national_team","shot_derived","097a2d4d1ced826fb00cbb29dbfbea9b9b33407f8104b270e726121dc67ba6c3","097a2d4d1ced826fb00cbb29dbfbea9b9b33407f8104b270e726121dc67ba6c3","6946c90bfb364175b505bfc2069b1a1ecd548e7f0d2f8892025739232ca9b296","6946c90bfb364175b505bfc2069b1a1ecd548e7f0d2f8892025739232ca9b296"
"uefa_nations_league_2026_27","team_srb","national_team_xg","ewma",12,12,0,0,,,"2026-09-24T15:59:59Z",,,"missing",,,,,,,,,,"unavailable","no_accepted_national_team_xg_source",,"senior_mens_national_team","shot_derived","0cc17df38906498f1ba727ff3047e5e06098a673801b421b5bf0643dbabe6c26","0cc17df38906498f1ba727ff3047e5e06098a673801b421b5bf0643dbabe6c26","6946c90bfb364175b505bfc2069b1a1ecd548e7f0d2f8892025739232ca9b296","6946c90bfb364175b505bfc2069b1a1ecd548e7f0d2f8892025739232ca9b296"
"uefa_nations_league_2026_27","team_scotland","national_team_xg","ewma",12,12,0,0,,,"2026-09-24T15:59:59Z",,,"missing",,,,,,,,,,"unavailable","no_accepted_national_team_xg_source",,"senior_mens_national_team","shot_derived","5791da49e43443559c722786aafd5dbc5551ffecb2c6219084f1378a1e38ea87","5791da49e43443559c722786aafd5dbc5551ffecb2c6219084f1378a1e38ea87","6946c90bfb364175b505bfc2069b1a1ecd548e7f0d2f8892025739232ca9b296","6946c90bfb364175b505bfc2069b1a1ecd548e7f0d2f8892025739232ca9b296"
"uefa_nations_league_2026_27","team_svn","national_team_xg","ewma",12,12,0,0,,,"2026-09-24T15:59:59Z",,,"missing",,,,,,,,,,"unavailable","no_accepted_national_team_xg_source",,"senior_mens_national_team","shot_derived","e8a04429ff2213ff51411441bc201b1292693f5c82a726858efda5d0fe1083b6","e8a04429ff2213ff51411441bc201b1292693f5c82a726858efda5d0fe1083b6","6946c90bfb364175b505bfc2069b1a1ecd548e7f0d2f8892025739232ca9b296","6946c90bfb364175b505bfc2069b1a1ecd548e7f0d2f8892025739232ca9b296"
"uefa_nations_league_2026_27","team_swe","national_team_xg","ewma",12,12,0,0,,,"2026-09-24T15:59:59Z",,,"missing",,,,,,,,,,"unavailable","no_accepted_national_team_xg_source",,"senior_mens_national_team","shot_derived","3f0d9499d0daf00bdc085cc40f89cdf843b39887af397930ccd5e275a5e69bce","3f0d9499d0daf00bdc085cc40f89cdf843b39887af397930ccd5e275a5e69bce","6946c90bfb364175b505bfc2069b1a1ecd548e7f0d2f8892025739232ca9b296","6946c90bfb364175b505bfc2069b1a1ecd548e7f0d2f8892025739232ca9b296"
"uefa_nations_league_2026_27","team_rou","national_team_xg","ewma",12,12,0,0,,,"2026-09-24T15:59:59Z",,,"missing",,,,,,,,,,"unavailable","no_accepted_national_team_xg_source",,"senior_mens_national_team","shot_derived","0389509dd92b247e2b29f761ee78e73982dffbf5d8ad799bc62cca0688c7fd5a","0389509dd92b247e2b29f761ee78e73982dffbf5d8ad799bc62cca0688c7fd5a","6946c90bfb364175b505bfc2069b1a1ecd548e7f0d2f8892025739232ca9b296","6946c90bfb364175b505bfc2069b1a1ecd548e7f0d2f8892025739232ca9b296"
"uefa_nations_league_2026_27","team_por","national_team_xg","ewma",12,12,0,0,,,"2026-09-24T15:59:59Z",,,"missing",,,,,,,,,,"unavailable","no_accepted_national_team_xg_source",,"senior_mens_national_team","shot_derived","7cb6384db495770e3b54a3c8484da81af039f99ffcc67c5d03c66d39a311e4da","7cb6384db495770e3b54a3c8484da81af039f99ffcc67c5d03c66d39a311e4da","6946c90bfb364175b505bfc2069b1a1ecd548e7f0d2f8892025739232ca9b296","6946c90bfb364175b505bfc2069b1a1ecd548e7f0d2f8892025739232ca9b296"
"uefa_nations_league_2026_27","team_nor","national_team_xg","ewma",12,12,0,0,,,"2026-09-24T15:59:59Z",,,"missing",,,,,,,,,,"unavailable","no_accepted_national_team_xg_source",,"senior_mens_national_team","shot_derived","a077a93531ed5e68fb5ad7f7883c2a2cfd5795cfb1ce4efc33a4ab6c52f6d99b","a077a93531ed5e68fb5ad7f7883c2a2cfd5795cfb1ce4efc33a4ab6c52f6d99b","6946c90bfb364175b505bfc2069b1a1ecd548e7f0d2f8892025739232ca9b296","6946c90bfb364175b505bfc2069b1a1ecd548e7f0d2f8892025739232ca9b296"
"uefa_nations_league_2026_27","team_aut","national_team_xg","ewma",12,12,0,0,,,"2026-09-24T15:59:59Z",,,"missing",,,,,,,,,,"unavailable","no_accepted_national_team_xg_source",,"senior_mens_national_team","shot_derived","15d4f207252fda6c41ea9544d36a506094c2b0337e651b320005b7414621c2d6","15d4f207252fda6c41ea9544d36a506094c2b0337e651b320005b7414621c2d6","6946c90bfb364175b505bfc2069b1a1ecd548e7f0d2f8892025739232ca9b296","6946c90bfb364175b505bfc2069b1a1ecd548e7f0d2f8892025739232ca9b296"
"uefa_nations_league_2026_27","team_geo","national_team_xg","ewma",12,12,0,0,,,"2026-09-24T15:59:59Z",,,"missing",,,,,,,,,,"unavailable","no_accepted_national_team_xg_source",,"senior_mens_national_team","shot_derived","9d81fda5a7dca1b1574b009703d69aa57e845efd58a2e0d749a4e2c54716b860","9d81fda5a7dca1b1574b009703d69aa57e845efd58a2e0d749a4e2c54716b860","6946c90bfb364175b505bfc2069b1a1ecd548e7f0d2f8892025739232ca9b296","6946c90bfb364175b505bfc2069b1a1ecd548e7f0d2f8892025739232ca9b296"
"uefa_nations_league_2026_27","team_kvx","national_team_xg","ewma",12,12,0,0,,,"2026-09-24T15:59:59Z",,,"missing",,,,,,,,,,"unavailable","no_accepted_national_team_xg_source",,"senior_mens_national_team","shot_derived","fa8c1d88daa8f2a3294d6149d42fec1b63a665ddf7507c62e2b267ad91b22d81","fa8c1d88daa8f2a3294d6149d42fec1b63a665ddf7507c62e2b267ad91b22d81","6946c90bfb364175b505bfc2069b1a1ecd548e7f0d2f8892025739232ca9b296","6946c90bfb364175b505bfc2069b1a1ecd548e7f0d2f8892025739232ca9b296"
"uefa_nations_league_2026_27","team_nir","national_team_xg","ewma",12,12,0,0,,,"2026-09-24T15:59:59Z",,,"missing",,,,,,,,,,"unavailable","no_accepted_national_team_xg_source",,"senior_mens_national_team","shot_derived","3b020a9fd17df0907dfad31061c597aaccd1a6158da4fde5d0f475d2b53d42e7","3b020a9fd17df0907dfad31061c597aaccd1a6158da4fde5d0f475d2b53d42e7","6946c90bfb364175b505bfc2069b1a1ecd548e7f0d2f8892025739232ca9b296","6946c90bfb364175b505bfc2069b1a1ecd548e7f0d2f8892025739232ca9b296"
"uefa_nations_league_2026_27","team_fra","national_team_xg","ewma",12,12,0,0,,,"2026-09-24T15:59:59Z",,,"missing",,,,,,,,,,"unavailable","no_accepted_national_team_xg_source",,"senior_mens_national_team","shot_derived","723202321b3c56e1858ba35c4448f7e8ec2c47c7e5add14ffc0ad98ddf6fad93","723202321b3c56e1858ba35c4448f7e8ec2c47c7e5add14ffc0ad98ddf6fad93","6946c90bfb364175b505bfc2069b1a1ecd548e7f0d2f8892025739232ca9b296","6946c90bfb364175b505bfc2069b1a1ecd548e7f0d2f8892025739232ca9b296"
"uefa_nations_league_2026_27","team_lva","national_team_xg","ewma",12,12,0,0,,,"2026-09-24T15:59:59Z",,,"missing",,,,,,,,,,"unavailable","no_accepted_national_team_xg_source",,"senior_mens_national_team","shot_derived","1b57d1a54642e25ef5582168020462f182e9d720643e0431663ca18f2e7ffdd6","1b57d1a54642e25ef5582168020462f182e9d720643e0431663ca18f2e7ffdd6","6946c90bfb364175b505bfc2069b1a1ecd548e7f0d2f8892025739232ca9b296","6946c90bfb364175b505bfc2069b1a1ecd548e7f0d2f8892025739232ca9b296"
"uefa_nations_league_2026_27","team_bel","national_team_xg","ewma",12,12,0,0,,,"2026-09-24T15:59:59Z",,,"missing",,,,,,,,,,"unavailable","no_accepted_national_team_xg_source",,"senior_mens_national_team","shot_derived","6b3834092017adadba24f899521d0c0380ffc1f501bc12f6e0972d1dab88e9f5","6b3834092017adadba24f899521d0c0380ffc1f501bc12f6e0972d1dab88e9f5","6946c90bfb364175b505bfc2069b1a1ecd548e7f0d2f8892025739232ca9b296","6946c90bfb364175b505bfc2069b1a1ecd548e7f0d2f8892025739232ca9b296"
"uefa_nations_league_2026_27","team_fin","national_team_xg","ewma",12,12,0,0,,,"2026-09-24T15:59:59Z",,,"missing",,,,,,,,,,"unavailable","no_accepted_national_team_xg_source",,"senior_mens_national_team","shot_derived","26fde23e2bd7acf6e72282fd614ba6534140d0510c2ec764a5cc82966fabcbce","26fde23e2bd7acf6e72282fd614ba6534140d0510c2ec764a5cc82966fabcbce","6946c90bfb364175b505bfc2069b1a1ecd548e7f0d2f8892025739232ca9b296","6946c90bfb364175b505bfc2069b1a1ecd548e7f0d2f8892025739232ca9b296"
"uefa_nations_league_2026_27","team_cro","national_team_xg","ewma",12,12,0,0,,,"2026-09-24T15:59:59Z",,,"missing",,,,,,,,,,"unavailable","no_accepted_national_team_xg_source",,"senior_mens_national_team","shot_derived","673fa751c827bcdf51a7a568063983c23ed8aa035552643ab10e2e88331f15a9","673fa751c827bcdf51a7a568063983c23ed8aa035552643ab10e2e88331f15a9","6946c90bfb364175b505bfc2069b1a1ecd548e7f0d2f8892025739232ca9b296","6946c90bfb364175b505bfc2069b1a1ecd548e7f0d2f8892025739232ca9b296"
"uefa_nations_league_2026_27","team_cyp","national_team_xg","ewma",12,12,0,0,,,"2026-09-24T15:59:59Z",,,"missing",,,,,,,,,,"unavailable","no_accepted_national_team_xg_source",,"senior_mens_national_team","shot_derived","9b5cff2527e08a6dad135aa50dbc5401ce2f290dcb11011cb3491c235bad1565","9b5cff2527e08a6dad135aa50dbc5401ce2f290dcb11011cb3491c235bad1565","6946c90bfb364175b505bfc2069b1a1ecd548e7f0d2f8892025739232ca9b296","6946c90bfb364175b505bfc2069b1a1ecd548e7f0d2f8892025739232ca9b296"
"uefa_nations_league_2026_27","team_esp","national_team_xg","ewma",12,12,0,0,,,"2026-09-24T15:59:59Z",,,"missing",,,,,,,,,,"unavailable","no_accepted_national_team_xg_source",,"senior_mens_national_team","shot_derived","11ef07c9ac82a23737a1e0daf3ff621c637d38dac2de2b3e8b893c079e1c24c5","11ef07c9ac82a23737a1e0daf3ff621c637d38dac2de2b3e8b893c079e1c24c5","6946c90bfb364175b505bfc2069b1a1ecd548e7f0d2f8892025739232ca9b296","6946c90bfb364175b505bfc2069b1a1ecd548e7f0d2f8892025739232ca9b296"
"uefa_nations_league_2026_27","team_blr","national_team_xg","ewma",12,12,0,0,,,"2026-09-24T15:59:59Z",,,"missing",,,,,,,,,,"unavailable","no_accepted_national_team_xg_source",,"senior_mens_national_team","shot_derived","5cf44964be7c3172b455e5d8252ea59827461784042afee7ed4fb86c21494331","5cf44964be7c3172b455e5d8252ea59827461784042afee7ed4fb86c21494331","6946c90bfb364175b505bfc2069b1a1ecd548e7f0d2f8892025739232ca9b296","6946c90bfb364175b505bfc2069b1a1ecd548e7f0d2f8892025739232ca9b296"
"uefa_nations_league_2026_27","team_isl","national_team_xg","ewma",12,12,0,0,,,"2026-09-24T15:59:59Z",,,"missing",,,,,,,,,,"unavailable","no_accepted_national_team_xg_source",,"senior_mens_national_team","shot_derived","4efe9fa0ab7c589820ee1ef834f3017e2f6243c9357006175984e1ed59a987f5","4efe9fa0ab7c589820ee1ef834f3017e2f6243c9357006175984e1ed59a987f5","6946c90bfb364175b505bfc2069b1a1ecd548e7f0d2f8892025739232ca9b296","6946c90bfb364175b505bfc2069b1a1ecd548e7f0d2f8892025739232ca9b296"
"uefa_nations_league_2026_27","team_est","national_team_xg","ewma",12,12,0,0,,,"2026-09-24T15:59:59Z",,,"missing",,,,,,,,,,"unavailable","no_accepted_national_team_xg_source",,"senior_mens_national_team","shot_derived","03ea2207d3ea7051d39e1af3606009608c13ae6805cb3ceec3392483ce2a3022","03ea2207d3ea7051d39e1af3606009608c13ae6805cb3ceec3392483ce2a3022","6946c90bfb364175b505bfc2069b1a1ecd548e7f0d2f8892025739232ca9b296","6946c90bfb364175b505bfc2069b1a1ecd548e7f0d2f8892025739232ca9b296"
"uefa_nations_league_2026_27","team_gibraltar","national_team_xg","ewma",12,12,0,0,,,"2026-09-24T15:59:59Z",,,"missing",,,,,,,,,,"unavailable","no_accepted_national_team_xg_source",,"senior_mens_national_team","shot_derived","25c4b46d143a040ab76512282206890172c0bdfb398c5445103d705add5a8058","25c4b46d143a040ab76512282206890172c0bdfb398c5445103d705add5a8058","6946c90bfb364175b505bfc2069b1a1ecd548e7f0d2f8892025739232ca9b296","6946c90bfb364175b505bfc2069b1a1ecd548e7f0d2f8892025739232ca9b296"
"uefa_nations_league_2026_27","team_deu","national_team_xg","ewma",12,12,0,0,,,"2026-09-24T15:59:59Z",,,"missing",,,,,,,,,,"unavailable","no_accepted_national_team_xg_source",,"senior_mens_national_team","shot_derived","f0a1c2df76327d4759cf544f890cd977e56a79caccee6e2707f445630a40f14a","f0a1c2df76327d4759cf544f890cd977e56a79caccee6e2707f445630a40f14a","6946c90bfb364175b505bfc2069b1a1ecd548e7f0d2f8892025739232ca9b296","6946c90bfb364175b505bfc2069b1a1ecd548e7f0d2f8892025739232ca9b296"
"uefa_nations_league_2026_27","team_fro","national_team_xg","ewma",12,12,0,0,,,"2026-09-24T15:59:59Z",,,"missing",,,,,,,,,,"unavailable","no_accepted_national_team_xg_source",,"senior_mens_national_team","shot_derived","a64f1cda95b7d31ce0eb11e5abb7c718ef1cd0a421dfbaba0b805be5edfaac6b","a64f1cda95b7d31ce0eb11e5abb7c718ef1cd0a421dfbaba0b805be5edfaac6b","6946c90bfb364175b505bfc2069b1a1ecd548e7f0d2f8892025739232ca9b296","6946c90bfb364175b505bfc2069b1a1ecd548e7f0d2f8892025739232ca9b296"
"uefa_nations_league_2026_27","team_ltu","national_team_xg","ewma",12,12,0,0,,,"2026-09-24T15:59:59Z",,,"missing",,,,,,,,,,"unavailable","no_accepted_national_team_xg_source",,"senior_mens_national_team","shot_derived","9cf5184d41cae2d37c0d0115348c30bca761cac6cbd500dbeed0236d09b82f4c","9cf5184d41cae2d37c0d0115348c30bca761cac6cbd500dbeed0236d09b82f4c","6946c90bfb364175b505bfc2069b1a1ecd548e7f0d2f8892025739232ca9b296","6946c90bfb364175b505bfc2069b1a1ecd548e7f0d2f8892025739232ca9b296"
"uefa_nations_league_2026_27","team_gre","national_team_xg","ewma",12,12,0,0,,,"2026-09-24T15:59:59Z",,,"missing",,,,,,,,,,"unavailable","no_accepted_national_team_xg_source",,"senior_mens_national_team","shot_derived","76e3e779591e909f22161d6edec66d3f812617c27b7769289e85d0df0e7352a8","76e3e779591e909f22161d6edec66d3f812617c27b7769289e85d0df0e7352a8","6946c90bfb364175b505bfc2069b1a1ecd548e7f0d2f8892025739232ca9b296","6946c90bfb364175b505bfc2069b1a1ecd548e7f0d2f8892025739232ca9b296"
"uefa_nations_league_2026_27","team_kaz","national_team_xg","ewma",12,12,0,0,,,"2026-09-24T15:59:59Z",,,"missing",,,,,,,,,,"unavailable","no_accepted_national_team_xg_source",,"senior_mens_national_team","shot_derived","3da434848afa54c74b816a7bef6fbda555c5cd015456672835122b493dc14388","3da434848afa54c74b816a7bef6fbda555c5cd015456672835122b493dc14388","6946c90bfb364175b505bfc2069b1a1ecd548e7f0d2f8892025739232ca9b296","6946c90bfb364175b505bfc2069b1a1ecd548e7f0d2f8892025739232ca9b296"
"uefa_nations_league_2026_27","team_sui","national_team_xg","ewma",12,12,0,0,,,"2026-09-24T15:59:59Z",,,"missing",,,,,,,,,,"unavailable","no_accepted_national_team_xg_source",,"senior_mens_national_team","shot_derived","bd419d91268000b338f717c418d37eef2f3f41a843ef93869c0ef24a959a9d1e","bd419d91268000b338f717c418d37eef2f3f41a843ef93869c0ef24a959a9d1e","6946c90bfb364175b505bfc2069b1a1ecd548e7f0d2f8892025739232ca9b296","6946c90bfb364175b505bfc2069b1a1ecd548e7f0d2f8892025739232ca9b296"
"uefa_nations_league_2026_27","team_mkd","national_team_xg","ewma",12,12,0,0,,,"2026-09-24T15:59:59Z",,,"missing",,,,,,,,,,"unavailable","no_accepted_national_team_xg_source",,"senior_mens_national_team","shot_derived","ec251f96d8c94e1ae31556f89a5543b3825a4183ecb234ed51ad3b964df2571a","ec251f96d8c94e1ae31556f89a5543b3825a4183ecb234ed51ad3b964df2571a","6946c90bfb364175b505bfc2069b1a1ecd548e7f0d2f8892025739232ca9b296","6946c90bfb364175b505bfc2069b1a1ecd548e7f0d2f8892025739232ca9b296"
"uefa_nations_league_2026_27","team_isr","national_team_xg","ewma",12,12,0,0,,,"2026-09-24T15:59:59Z",,,"missing",,,,,,,,,,"unavailable","no_accepted_national_team_xg_source",,"senior_mens_national_team","shot_derived","2117921e05a21127d19c43addb6c39ea59a3d4e325fb45995873ca267e848553","2117921e05a21127d19c43addb6c39ea59a3d4e325fb45995873ca267e848553","6946c90bfb364175b505bfc2069b1a1ecd548e7f0d2f8892025739232ca9b296","6946c90bfb364175b505bfc2069b1a1ecd548e7f0d2f8892025739232ca9b296"
"uefa_nations_league_2026_27","team_bih","national_team_xg","ewma",12,12,0,0,,,"2026-09-24T15:59:59Z",,,"missing",,,,,,,,,,"unavailable","no_accepted_national_team_xg_source",,"senior_mens_national_team","shot_derived","1fafaf9e242023a3b2689dfb68bf58c8b4401dbc163b8d9a76470eb46b49eba6","1fafaf9e242023a3b2689dfb68bf58c8b4401dbc163b8d9a76470eb46b49eba6","6946c90bfb364175b505bfc2069b1a1ecd548e7f0d2f8892025739232ca9b296","6946c90bfb364175b505bfc2069b1a1ecd548e7f0d2f8892025739232ca9b296"
"uefa_nations_league_2026_27","team_ukr","national_team_xg","ewma",12,12,0,0,,,"2026-09-24T15:59:59Z",,,"missing",,,,,,,,,,"unavailable","no_accepted_national_team_xg_source",,"senior_mens_national_team","shot_derived","60d8c700d4371a6c413fd2e767aa8248b6a72fe9b80b859c0a9d29dc1e29697b","60d8c700d4371a6c413fd2e767aa8248b6a72fe9b80b859c0a9d29dc1e29697b","6946c90bfb364175b505bfc2069b1a1ecd548e7f0d2f8892025739232ca9b296","6946c90bfb364175b505bfc2069b1a1ecd548e7f0d2f8892025739232ca9b296"
"uefa_nations_league_2026_27","team_den","national_team_xg","ewma",12,12,0,0,,,"2026-09-24T15:59:59Z",,,"missing",,,,,,,,,,"unavailable","no_accepted_national_team_xg_source",,"senior_mens_national_team","shot_derived","f370f9ebe172e828f16a926c33a4d182f87d9f795ad5e538e503eb5487f44f17","f370f9ebe172e828f16a926c33a4d182f87d9f795ad5e538e503eb5487f44f17","6946c90bfb364175b505bfc2069b1a1ecd548e7f0d2f8892025739232ca9b296","6946c90bfb364175b505bfc2069b1a1ecd548e7f0d2f8892025739232ca9b296"
"uefa_nations_league_2026_27","team_wal","national_team_xg","ewma",12,12,0,0,,,"2026-09-24T15:59:59Z",,,"missing",,,,,,,,,,"unavailable","no_accepted_national_team_xg_source",,"senior_mens_national_team","shot_derived","f2172e837b1e4a02fa893a9098d63b9b257fdbcd6f9c2c607cbe2ead3e5e4850","f2172e837b1e4a02fa893a9098d63b9b257fdbcd6f9c2c607cbe2ead3e5e4850","6946c90bfb364175b505bfc2069b1a1ecd548e7f0d2f8892025739232ca9b296","6946c90bfb364175b505bfc2069b1a1ecd548e7f0d2f8892025739232ca9b296"
"uefa_nations_league_2026_27","team_hun","national_team_xg","ewma",12,12,0,0,,,"2026-09-24T15:59:59Z",,,"missing",,,,,,,,,,"unavailable","no_accepted_national_team_xg_source",,"senior_mens_national_team","shot_derived","f45be89e0e8cefad98edee4bf9dedea47b54890053278b95d0ad3e72424a65bf","f45be89e0e8cefad98edee4bf9dedea47b54890053278b95d0ad3e72424a65bf","6946c90bfb364175b505bfc2069b1a1ecd548e7f0d2f8892025739232ca9b296","6946c90bfb364175b505bfc2069b1a1ecd548e7f0d2f8892025739232ca9b296"
"uefa_nations_league_2026_27","team_pol","national_team_xg","ewma",12,12,0,0,,,"2026-09-24T15:59:59Z",,,"missing",,,,,,,,,,"unavailable","no_accepted_national_team_xg_source",,"senior_mens_national_team","shot_derived","7c404582fc4237748489fd26906eb5b39e1060076deb40fa3ecce7a96248ac90","7c404582fc4237748489fd26906eb5b39e1060076deb40fa3ecce7a96248ac90","6946c90bfb364175b505bfc2069b1a1ecd548e7f0d2f8892025739232ca9b296","6946c90bfb364175b505bfc2069b1a1ecd548e7f0d2f8892025739232ca9b296"
"uefa_nations_league_2026_27","team_republic_of_ireland","national_team_xg","ewma",12,12,0,0,,,"2026-09-24T15:59:59Z",,,"missing",,,,,,,,,,"unavailable","no_accepted_national_team_xg_source",,"senior_mens_national_team","shot_derived","d98cf1d6050e8223f4033b1fa07244fe86b1c7b56aa234df1cdcb0c8e7098203","d98cf1d6050e8223f4033b1fa07244fe86b1c7b56aa234df1cdcb0c8e7098203","6946c90bfb364175b505bfc2069b1a1ecd548e7f0d2f8892025739232ca9b296","6946c90bfb364175b505bfc2069b1a1ecd548e7f0d2f8892025739232ca9b296"
"uefa_nations_league_2026_27","team_mlt","national_team_xg","ewma",12,12,0,0,,,"2026-09-24T15:59:59Z",,,"missing",,,,,,,,,,"unavailable","no_accepted_national_team_xg_source",,"senior_mens_national_team","shot_derived","31ae053d1ed4328b3bfb596a40df7f7d3a54fd6036644cb7edebaa5d65fbf626","31ae053d1ed4328b3bfb596a40df7f7d3a54fd6036644cb7edebaa5d65fbf626","6946c90bfb364175b505bfc2069b1a1ecd548e7f0d2f8892025739232ca9b296","6946c90bfb364175b505bfc2069b1a1ecd548e7f0d2f8892025739232ca9b296"
"uefa_nations_league_2026_27","team_aze","national_team_xg","ewma",12,12,0,0,,,"2026-09-24T15:59:59Z",,,"missing",,,,,,,,,,"unavailable","no_accepted_national_team_xg_source",,"senior_mens_national_team","shot_derived","5943799770cda4667a55ce0af339553e1cc0f729bcd83b9b55e80e96e53f1f7f","5943799770cda4667a55ce0af339553e1cc0f729bcd83b9b55e80e96e53f1f7f","6946c90bfb364175b505bfc2069b1a1ecd548e7f0d2f8892025739232ca9b296","6946c90bfb364175b505bfc2069b1a1ecd548e7f0d2f8892025739232ca9b296"
