"challenger_id","incumbent_id","panel_id","track_id","metric","edition_id","challenger_estimate","incumbent_estimate","delta","paired_fixture_count","competition_id","improved","regression_limit_pass","diagnostic","bootstrap_lower","bootstrap_upper"
"elo_goal_nb","open_nb_incumbent","open_core","frozen","rps","euro2004",0.207432586511803,0.20662400857162,0.000808577940182922,31,"euro",FALSE,TRUE,"fold",-0.00262546233697692,0.00126544016209263
"elo_goal_nb","open_nb_incumbent","open_core","frozen","rps","euro2004",,,-0.000947370728711376,630,"all",TRUE,TRUE,"leave_one_out",,
"elo_goal_nb","open_nb_incumbent","open_core","frozen","rps","euro2008",0.227565017482987,0.233089752424003,-0.00552473494101585,31,"euro",TRUE,TRUE,"fold",-0.00262546233697692,0.00126544016209263
"elo_goal_nb","open_nb_incumbent","open_core","frozen","rps","euro2008",,,-0.000371615012238761,630,"all",TRUE,TRUE,"leave_one_out",,
"elo_goal_nb","open_nb_incumbent","open_core","frozen","rps","euro2012",0.242627431108916,0.247874705456687,-0.00524727434777096,31,"euro",TRUE,TRUE,"fold",-0.00262546233697692,0.00126544016209263
"elo_goal_nb","open_nb_incumbent","open_core","frozen","rps","euro2012",,,-0.00039683870253375,630,"all",TRUE,TRUE,"leave_one_out",,
"elo_goal_nb","open_nb_incumbent","open_core","frozen","rps","euro2016",0.219593542336172,0.220295779324557,-0.00070223698838589,51,"euro",TRUE,TRUE,"fold",-0.00262546233697692,0.00126544016209263
"elo_goal_nb","open_nb_incumbent","open_core","frozen","rps","euro2016",,,-0.000810023917023302,630,"all",TRUE,TRUE,"leave_one_out",,
"elo_goal_nb","open_nb_incumbent","open_core","frozen","rps","euro2020",0.219131862392331,0.220127698702643,-0.00099583631031201,51,"euro",TRUE,TRUE,"fold",-0.00262546233697692,0.00126544016209263
"elo_goal_nb","open_nb_incumbent","open_core","frozen","rps","euro2020",,,-0.000783333069575473,630,"all",TRUE,TRUE,"leave_one_out",,
"elo_goal_nb","open_nb_incumbent","open_core","frozen","rps","euro2024",0.208894772377195,0.20928124815214,-0.000386475774944307,51,"euro",TRUE,TRUE,"fold",-0.00262546233697692,0.00126544016209263
"elo_goal_nb","open_nb_incumbent","open_core","frozen","rps","euro2024",,,-0.000838729481881628,630,"all",TRUE,TRUE,"leave_one_out",,
"elo_goal_nb","open_nb_incumbent","open_core","frozen","rps","headline",,,-0.000801041672970185,630,"all",TRUE,TRUE,"headline",-0.00262546233697692,0.00126544016209263
"elo_goal_nb","open_nb_incumbent","open_core","frozen","rps","wc2002",0.22286228257362,0.219913445140191,0.00294883743342876,64,"world_cup",FALSE,TRUE,"fold",-0.00262546233697692,0.00126544016209263
"elo_goal_nb","open_nb_incumbent","open_core","frozen","rps","wc2002",,,-0.00114193977355191,630,"all",TRUE,TRUE,"leave_one_out",,
"elo_goal_nb","open_nb_incumbent","open_core","frozen","rps","wc2006",0.212144929195862,0.204940508014914,0.00720442118094781,64,"world_cup",FALSE,TRUE,"fold",-0.00262546233697692,0.00126544016209263
"elo_goal_nb","open_nb_incumbent","open_core","frozen","rps","wc2006",,,-0.00152881102332637,630,"all",TRUE,TRUE,"leave_one_out",,
"elo_goal_nb","open_nb_incumbent","open_core","frozen","rps","wc2010",0.22821501416497,0.230807108032634,-0.00259209386766391,64,"world_cup",TRUE,TRUE,"fold",-0.00262546233697692,0.00126544016209263
"elo_goal_nb","open_nb_incumbent","open_core","frozen","rps","wc2010",,,-0.000638218746179846,630,"all",TRUE,TRUE,"leave_one_out",,
"elo_goal_nb","open_nb_incumbent","open_core","frozen","rps","wc2014",0.223316208416854,0.2258272417331,-0.00251103331624575,64,"world_cup",TRUE,TRUE,"fold",-0.00262546233697692,0.00126544016209263
"elo_goal_nb","open_nb_incumbent","open_core","frozen","rps","wc2014",,,-0.000645587887217861,630,"all",TRUE,TRUE,"leave_one_out",,
"elo_goal_nb","open_nb_incumbent","open_core","frozen","rps","wc2018",0.230619947484092,0.234575823914353,-0.00395587643026101,64,"world_cup",TRUE,TRUE,"fold",-0.00262546233697692,0.00126544016209263
"elo_goal_nb","open_nb_incumbent","open_core","frozen","rps","wc2018",,,-0.000514238513216473,630,"all",TRUE,TRUE,"leave_one_out",,
"elo_goal_nb","open_nb_incumbent","open_core","frozen","rps","wc2022",0.227460034050359,0.226118808703961,0.00134122534639798,64,"world_cup",FALSE,TRUE,"fold",-0.00262546233697692,0.00126544016209263
"elo_goal_nb","open_nb_incumbent","open_core","frozen","rps","wc2022",,,-0.000995793220185473,630,"all",TRUE,TRUE,"leave_one_out",,
"elo_goal_nb","open_nb_incumbent","open_core","updating","rps","euro2004",0.197820059462055,0.195865014321776,0.00195504514027906,31,"euro",FALSE,TRUE,"fold",-0.0029825019759649,0.000239523968796261
"elo_goal_nb","open_nb_incumbent","open_core","updating","rps","euro2004",,,-0.00176671262094174,630,"all",TRUE,TRUE,"leave_one_out",,
"elo_goal_nb","open_nb_incumbent","open_core","updating","rps","euro2008",0.206407675123159,0.210305556677262,-0.0038978815541029,31,"euro",TRUE,TRUE,"fold",-0.0029825019759649,0.000239523968796261
"elo_goal_nb","open_nb_incumbent","open_core","updating","rps","euro2008",,,-0.00123462837599793,630,"all",TRUE,TRUE,"leave_one_out",,
"elo_goal_nb","open_nb_incumbent","open_core","updating","rps","euro2012",0.22138880600295,0.227104724300039,-0.00571591829708882,31,"euro",TRUE,TRUE,"fold",-0.0029825019759649,0.000239523968796261
"elo_goal_nb","open_nb_incumbent","open_core","updating","rps","euro2012",,,-0.00106935230845375,630,"all",TRUE,TRUE,"leave_one_out",,
"elo_goal_nb","open_nb_incumbent","open_core","updating","rps","euro2016",0.217661436270615,0.219949777099601,-0.00228834082898671,51,"euro",TRUE,TRUE,"fold",-0.0029825019759649,0.000239523968796261
"elo_goal_nb","open_nb_incumbent","open_core","updating","rps","euro2016",,,-0.0013809502600994,630,"all",TRUE,TRUE,"leave_one_out",,
"elo_goal_nb","open_nb_incumbent","open_core","updating","rps","euro2020",0.186749893915214,0.189838248406632,-0.00308835449141844,51,"euro",TRUE,TRUE,"fold",-0.0029825019759649,0.000239523968796261
"elo_goal_nb","open_nb_incumbent","open_core","updating","rps","euro2020",,,-0.00130822174533288,630,"all",TRUE,TRUE,"leave_one_out",,
"elo_goal_nb","open_nb_incumbent","open_core","updating","rps","euro2024",0.198729036829663,0.199838110521063,-0.00110907369140009,51,"euro",TRUE,TRUE,"fold",-0.0029825019759649,0.000239523968796261
"elo_goal_nb","open_nb_incumbent","open_core","updating","rps","euro2024",,,-0.00148815636351637,630,"all",TRUE,TRUE,"leave_one_out",,
"elo_goal_nb","open_nb_incumbent","open_core","updating","rps","headline",,,-0.00145656614084001,630,"all",TRUE,TRUE,"headline",-0.0029825019759649,0.000239523968796261
"elo_goal_nb","open_nb_incumbent","open_core","updating","rps","wc2002",0.213813189554407,0.213262045445768,0.000551144108639852,64,"world_cup",FALSE,TRUE,"fold",-0.0029825019759649,0.000239523968796261
"elo_goal_nb","open_nb_incumbent","open_core","updating","rps","wc2002",,,-0.00163908525442909,630,"all",TRUE,TRUE,"leave_one_out",,
"elo_goal_nb","open_nb_incumbent","open_core","updating","rps","wc2006",0.176875218107772,0.172063371721106,0.00481184638666552,64,"world_cup",FALSE,TRUE,"fold",-0.0029825019759649,0.000239523968796261
"elo_goal_nb","open_nb_incumbent","open_core","updating","rps","wc2006",,,-0.0020264218251587,630,"all",TRUE,TRUE,"leave_one_out",,
"elo_goal_nb","open_nb_incumbent","open_core","updating","rps","wc2010",0.190682324027093,0.193443758892585,-0.00276143486549207,64,"world_cup",TRUE,TRUE,"fold",-0.0029825019759649,0.000239523968796261
"elo_goal_nb","open_nb_incumbent","open_core","updating","rps","wc2010",,,-0.00133794171132619,630,"all",TRUE,TRUE,"leave_one_out",,
"elo_goal_nb","open_nb_incumbent","open_core","updating","rps","wc2014",0.207213265548892,0.209795309826597,-0.00258204427770474,64,"world_cup",TRUE,TRUE,"fold",-0.0029825019759649,0.000239523968796261
"elo_goal_nb","open_nb_incumbent","open_core","updating","rps","wc2014",,,-0.00135424994657958,630,"all",TRUE,TRUE,"leave_one_out",,
"elo_goal_nb","open_nb_incumbent","open_core","updating","rps","wc2018",0.200189175461847,0.204377635947404,-0.00418846048555702,64,"world_cup",TRUE,TRUE,"fold",-0.0029825019759649,0.000239523968796261
"elo_goal_nb","open_nb_incumbent","open_core","updating","rps","wc2018",,,-0.0012082121095021,630,"all",TRUE,TRUE,"leave_one_out",,
"elo_goal_nb","open_nb_incumbent","open_core","updating","rps","wc2022",0.212154600252407,0.211319921086321,0.000834679166086245,64,"world_cup",FALSE,TRUE,"fold",-0.0029825019759649,0.000239523968796261
"elo_goal_nb","open_nb_incumbent","open_core","updating","rps","wc2022",,,-0.0016648611687424,630,"all",TRUE,TRUE,"leave_one_out",,
"expanding_1x2","open_nb_incumbent","open_core","frozen","rps","euro2004",0.220590545460224,0.20662400857162,0.0139665368886035,31,"euro",FALSE,TRUE,"fold",0.00886058289571146,0.0157200676414802
"expanding_1x2","open_nb_incumbent","open_core","frozen","rps","euro2004",,,0.0117165551330004,630,"all",FALSE,TRUE,"leave_one_out",,
"expanding_1x2","open_nb_incumbent","open_core","frozen","rps","euro2008",0.26180962201498,0.233089752424003,0.0287198695909769,31,"euro",FALSE,FALSE,"fold",0.00886058289571146,0.0157200676414802
"expanding_1x2","open_nb_incumbent","open_core","frozen","rps","euro2008",,,0.0103753430691483,630,"all",FALSE,TRUE,"leave_one_out",,
"expanding_1x2","open_nb_incumbent","open_core","frozen","rps","euro2012",0.253869302014132,0.247874705456687,0.0059945965574452,31,"euro",FALSE,TRUE,"fold",0.00886058289571146,0.0157200676414802
"expanding_1x2","open_nb_incumbent","open_core","frozen","rps","euro2012",,,0.0124412769812875,630,"all",FALSE,TRUE,"leave_one_out",,
"expanding_1x2","open_nb_incumbent","open_core","frozen","rps","euro2016",0.227261591509116,0.220295779324557,0.00696581218455835,51,"euro",FALSE,TRUE,"fold",0.00886058289571146,0.0157200676414802
"expanding_1x2","open_nb_incumbent","open_core","frozen","rps","euro2016",,,0.01235298465155,630,"all",FALSE,TRUE,"leave_one_out",,
"expanding_1x2","open_nb_incumbent","open_core","frozen","rps","euro2020",0.230797681507235,0.220127698702643,0.0106699828045919,51,"euro",FALSE,TRUE,"fold",0.00886058289571146,0.0157200676414802
"expanding_1x2","open_nb_incumbent","open_core","frozen","rps","euro2020",,,0.0120162418679106,630,"all",FALSE,TRUE,"leave_one_out",,
"expanding_1x2","open_nb_incumbent","open_core","frozen","rps","euro2024",0.225207595460973,0.20928124815214,0.015926347308834,51,"euro",FALSE,FALSE,"fold",0.00886058289571146,0.0157200676414802
"expanding_1x2","open_nb_incumbent","open_core","frozen","rps","euro2024",,,0.0115383905493431,630,"all",FALSE,TRUE,"leave_one_out",,
"expanding_1x2","open_nb_incumbent","open_core","frozen","rps","headline",,,0.011904053612634,630,"all",FALSE,FALSE,"headline",0.00886058289571146,0.0157200676414802
"expanding_1x2","open_nb_incumbent","open_core","frozen","rps","wc2002",0.225824157415433,0.219913445140191,0.00591071227524179,64,"world_cup",FALSE,TRUE,"fold",0.00886058289571146,0.0157200676414802
"expanding_1x2","open_nb_incumbent","open_core","frozen","rps","wc2002",,,0.0124489028251242,630,"all",FALSE,TRUE,"leave_one_out",,
"expanding_1x2","open_nb_incumbent","open_core","frozen","rps","wc2006",0.215752355003328,0.204940508014914,0.010811846988414,64,"world_cup",FALSE,TRUE,"fold",0.00886058289571146,0.0157200676414802
"expanding_1x2","open_nb_incumbent","open_core","frozen","rps","wc2006",,,0.0120033451239267,630,"all",FALSE,TRUE,"leave_one_out",,
"expanding_1x2","open_nb_incumbent","open_core","frozen","rps","wc2010",0.237998093302875,0.230807108032634,0.00719098527024124,64,"world_cup",FALSE,TRUE,"fold",0.00886058289571146,0.0157200676414802
"expanding_1x2","open_nb_incumbent","open_core","frozen","rps","wc2010",,,0.0123325143710333,630,"all",FALSE,TRUE,"leave_one_out",,
"expanding_1x2","open_nb_incumbent","open_core","frozen","rps","wc2014",0.237827219026287,0.2258272417331,0.0119999772931869,64,"world_cup",FALSE,TRUE,"fold",0.00886058289571146,0.0157200676414802
"expanding_1x2","open_nb_incumbent","open_core","frozen","rps","wc2014",,,0.0118953332780383,630,"all",FALSE,TRUE,"leave_one_out",,
"expanding_1x2","open_nb_incumbent","open_core","frozen","rps","wc2018",0.250073689586583,0.234575823914353,0.0154978656722298,64,"world_cup",FALSE,FALSE,"fold",0.00886058289571146,0.0157200676414802
"expanding_1x2","open_nb_incumbent","open_core","frozen","rps","wc2018",,,0.011577343425398,630,"all",FALSE,TRUE,"leave_one_out",,
"expanding_1x2","open_nb_incumbent","open_core","frozen","rps","wc2022",0.235312919221245,0.226118808703961,0.00919411051728452,64,"world_cup",FALSE,TRUE,"fold",0.00886058289571146,0.0157200676414802
"expanding_1x2","open_nb_incumbent","open_core","frozen","rps","wc2022",,,0.0121504120758476,630,"all",FALSE,TRUE,"leave_one_out",,
"expanding_1x2","open_nb_incumbent","open_core","updating","rps","euro2004",0.220715691178044,0.195865014321776,0.0248506768562685,31,"euro",FALSE,FALSE,"fold",0.0236079544662121,0.0386026259936752
"expanding_1x2","open_nb_incumbent","open_core","updating","rps","euro2004",,,0.0317953797992058,630,"all",FALSE,FALSE,"leave_one_out",,
"expanding_1x2","open_nb_incumbent","open_core","updating","rps","euro2008",0.261110264571922,0.210305556677262,0.0508047078946599,31,"euro",FALSE,FALSE,"fold",0.0236079544662121,0.0386026259936752
"expanding_1x2","open_nb_incumbent","open_core","updating","rps","euro2008",,,0.0294359224320793,630,"all",FALSE,FALSE,"leave_one_out",,
"expanding_1x2","open_nb_incumbent","open_core","updating","rps","euro2012",0.253759356367876,0.227104724300039,0.0266546320678364,31,"euro",FALSE,FALSE,"fold",0.0236079544662121,0.0386026259936752
"expanding_1x2","open_nb_incumbent","open_core","updating","rps","euro2012",,,0.0316313838708814,630,"all",FALSE,FALSE,"leave_one_out",,
"expanding_1x2","open_nb_incumbent","open_core","updating","rps","euro2016",0.227348903289467,0.219949777099601,0.00739912618986561,51,"euro",FALSE,TRUE,"fold",0.0236079544662121,0.0386026259936752
"expanding_1x2","open_nb_incumbent","open_core","updating","rps","euro2016",,,0.0333818844052424,630,"all",FALSE,FALSE,"leave_one_out",,
"expanding_1x2","open_nb_incumbent","open_core","updating","rps","euro2020",0.230982895569659,0.189838248406632,0.041144647163027,51,"euro",FALSE,FALSE,"fold",0.0236079544662121,0.0386026259936752
"expanding_1x2","open_nb_incumbent","open_core","updating","rps","euro2020",,,0.0303141097713186,630,"all",FALSE,FALSE,"leave_one_out",,
"expanding_1x2","open_nb_incumbent","open_core","updating","rps","euro2024",0.22526830092061,0.199838110521063,0.0254301903995467,51,"euro",FALSE,FALSE,"fold",0.0236079544662121,0.0386026259936752
"expanding_1x2","open_nb_incumbent","open_core","updating","rps","euro2024",,,0.0317426967498168,630,"all",FALSE,FALSE,"leave_one_out",,
"expanding_1x2","open_nb_incumbent","open_core","updating","rps","headline",,,0.031216654553961,630,"all",FALSE,FALSE,"headline",0.0236079544662121,0.0386026259936752
"expanding_1x2","open_nb_incumbent","open_core","updating","rps","wc2002",0.225861316572284,0.213262045445768,0.0125992711265168,64,"world_cup",FALSE,TRUE,"fold",0.0236079544662121,0.0386026259936752
"expanding_1x2","open_nb_incumbent","open_core","updating","rps","wc2002",,,0.0329091439564559,630,"all",FALSE,FALSE,"leave_one_out",,
"expanding_1x2","open_nb_incumbent","open_core","updating","rps","wc2006",0.215788469082983,0.172063371721106,0.043725097361877,64,"world_cup",FALSE,FALSE,"fold",0.0236079544662121,0.0386026259936752
"expanding_1x2","open_nb_incumbent","open_core","updating","rps","wc2006",,,0.030079523389605,630,"all",FALSE,FALSE,"leave_one_out",,
"expanding_1x2","open_nb_incumbent","open_core","updating","rps","wc2010",0.237873343461482,0.193443758892585,0.0444295845688966,64,"world_cup",FALSE,FALSE,"fold",0.0236079544662121,0.0386026259936752
"expanding_1x2","open_nb_incumbent","open_core","updating","rps","wc2010",,,0.0300154790980578,630,"all",FALSE,FALSE,"leave_one_out",,
"expanding_1x2","open_nb_incumbent","open_core","updating","rps","wc2014",0.23785716685019,0.209795309826597,0.0280618570235931,64,"world_cup",FALSE,FALSE,"fold",0.0236079544662121,0.0386026259936752
"expanding_1x2","open_nb_incumbent","open_core","updating","rps","wc2014",,,0.031503454329449,630,"all",FALSE,FALSE,"leave_one_out",,
"expanding_1x2","open_nb_incumbent","open_core","updating","rps","wc2018",0.249904094958613,0.204377635947404,0.0455264590112094,64,"world_cup",FALSE,FALSE,"fold",0.0236079544662121,0.0386026259936752
"expanding_1x2","open_nb_incumbent","open_core","updating","rps","wc2018",,,0.0299157632396657,630,"all",FALSE,FALSE,"leave_one_out",,
"expanding_1x2","open_nb_incumbent","open_core","updating","rps","wc2022",0.235293526070556,0.211319921086321,0.0239736049842349,64,"world_cup",FALSE,FALSE,"fold",0.0236079544662121,0.0386026259936752
"expanding_1x2","open_nb_incumbent","open_core","updating","rps","wc2022",,,0.0318751136057543,630,"all",FALSE,FALSE,"leave_one_out",,
"open_nb_incumbent","open_nb_incumbent","open_core","frozen","rps","euro2004",0.20662400857162,0.20662400857162,0,31,"euro",FALSE,TRUE,"fold",0,0
"open_nb_incumbent","open_nb_incumbent","open_core","frozen","rps","euro2004",,,0,630,"all",FALSE,TRUE,"leave_one_out",,
"open_nb_incumbent","open_nb_incumbent","open_core","frozen","rps","euro2008",0.233089752424003,0.233089752424003,0,31,"euro",FALSE,TRUE,"fold",0,0
"open_nb_incumbent","open_nb_incumbent","open_core","frozen","rps","euro2008",,,0,630,"all",FALSE,TRUE,"leave_one_out",,
"open_nb_incumbent","open_nb_incumbent","open_core","frozen","rps","euro2012",0.247874705456687,0.247874705456687,0,31,"euro",FALSE,TRUE,"fold",0,0
"open_nb_incumbent","open_nb_incumbent","open_core","frozen","rps","euro2012",,,0,630,"all",FALSE,TRUE,"leave_one_out",,
"open_nb_incumbent","open_nb_incumbent","open_core","frozen","rps","euro2016",0.220295779324557,0.220295779324557,0,51,"euro",FALSE,TRUE,"fold",0,0
"open_nb_incumbent","open_nb_incumbent","open_core","frozen","rps","euro2016",,,0,630,"all",FALSE,TRUE,"leave_one_out",,
"open_nb_incumbent","open_nb_incumbent","open_core","frozen","rps","euro2020",0.220127698702643,0.220127698702643,0,51,"euro",FALSE,TRUE,"fold",0,0
"open_nb_incumbent","open_nb_incumbent","open_core","frozen","rps","euro2020",,,0,630,"all",FALSE,TRUE,"leave_one_out",,
"open_nb_incumbent","open_nb_incumbent","open_core","frozen","rps","euro2024",0.20928124815214,0.20928124815214,0,51,"euro",FALSE,TRUE,"fold",0,0
"open_nb_incumbent","open_nb_incumbent","open_core","frozen","rps","euro2024",,,0,630,"all",FALSE,TRUE,"leave_one_out",,
"open_nb_incumbent","open_nb_incumbent","open_core","frozen","rps","headline",,,0,630,"all",FALSE,TRUE,"headline",0,0
"open_nb_incumbent","open_nb_incumbent","open_core","frozen","rps","wc2002",0.219913445140191,0.219913445140191,0,64,"world_cup",FALSE,TRUE,"fold",0,0
"open_nb_incumbent","open_nb_incumbent","open_core","frozen","rps","wc2002",,,0,630,"all",FALSE,TRUE,"leave_one_out",,
"open_nb_incumbent","open_nb_incumbent","open_core","frozen","rps","wc2006",0.204940508014914,0.204940508014914,0,64,"world_cup",FALSE,TRUE,"fold",0,0
"open_nb_incumbent","open_nb_incumbent","open_core","frozen","rps","wc2006",,,0,630,"all",FALSE,TRUE,"leave_one_out",,
"open_nb_incumbent","open_nb_incumbent","open_core","frozen","rps","wc2010",0.230807108032634,0.230807108032634,0,64,"world_cup",FALSE,TRUE,"fold",0,0
"open_nb_incumbent","open_nb_incumbent","open_core","frozen","rps","wc2010",,,0,630,"all",FALSE,TRUE,"leave_one_out",,
"open_nb_incumbent","open_nb_incumbent","open_core","frozen","rps","wc2014",0.2258272417331,0.2258272417331,0,64,"world_cup",FALSE,TRUE,"fold",0,0
"open_nb_incumbent","open_nb_incumbent","open_core","frozen","rps","wc2014",,,0,630,"all",FALSE,TRUE,"leave_one_out",,
"open_nb_incumbent","open_nb_incumbent","open_core","frozen","rps","wc2018",0.234575823914353,0.234575823914353,0,64,"world_cup",FALSE,TRUE,"fold",0,0
"open_nb_incumbent","open_nb_incumbent","open_core","frozen","rps","wc2018",,,0,630,"all",FALSE,TRUE,"leave_one_out",,
"open_nb_incumbent","open_nb_incumbent","open_core","frozen","rps","wc2022",0.226118808703961,0.226118808703961,0,64,"world_cup",FALSE,TRUE,"fold",0,0
"open_nb_incumbent","open_nb_incumbent","open_core","frozen","rps","wc2022",,,0,630,"all",FALSE,TRUE,"leave_one_out",,
"open_nb_incumbent","open_nb_incumbent","open_core","updating","rps","euro2004",0.195865014321776,0.195865014321776,0,31,"euro",FALSE,TRUE,"fold",0,0
"open_nb_incumbent","open_nb_incumbent","open_core","updating","rps","euro2004",,,0,630,"all",FALSE,TRUE,"leave_one_out",,
"open_nb_incumbent","open_nb_incumbent","open_core","updating","rps","euro2008",0.210305556677262,0.210305556677262,0,31,"euro",FALSE,TRUE,"fold",0,0
"open_nb_incumbent","open_nb_incumbent","open_core","updating","rps","euro2008",,,0,630,"all",FALSE,TRUE,"leave_one_out",,
"open_nb_incumbent","open_nb_incumbent","open_core","updating","rps","euro2012",0.227104724300039,0.227104724300039,0,31,"euro",FALSE,TRUE,"fold",0,0
"open_nb_incumbent","open_nb_incumbent","open_core","updating","rps","euro2012",,,0,630,"all",FALSE,TRUE,"leave_one_out",,
"open_nb_incumbent","open_nb_incumbent","open_core","updating","rps","euro2016",0.219949777099601,0.219949777099601,0,51,"euro",FALSE,TRUE,"fold",0,0
"open_nb_incumbent","open_nb_incumbent","open_core","updating","rps","euro2016",,,0,630,"all",FALSE,TRUE,"leave_one_out",,
"open_nb_incumbent","open_nb_incumbent","open_core","updating","rps","euro2020",0.189838248406632,0.189838248406632,0,51,"euro",FALSE,TRUE,"fold",0,0
"open_nb_incumbent","open_nb_incumbent","open_core","updating","rps","euro2020",,,0,630,"all",FALSE,TRUE,"leave_one_out",,
"open_nb_incumbent","open_nb_incumbent","open_core","updating","rps","euro2024",0.199838110521063,0.199838110521063,0,51,"euro",FALSE,TRUE,"fold",0,0
"open_nb_incumbent","open_nb_incumbent","open_core","updating","rps","euro2024",,,0,630,"all",FALSE,TRUE,"leave_one_out",,
"open_nb_incumbent","open_nb_incumbent","open_core","updating","rps","headline",,,0,630,"all",FALSE,TRUE,"headline",0,0
"open_nb_incumbent","open_nb_incumbent","open_core","updating","rps","wc2002",0.213262045445768,0.213262045445768,0,64,"world_cup",FALSE,TRUE,"fold",0,0
"open_nb_incumbent","open_nb_incumbent","open_core","updating","rps","wc2002",,,0,630,"all",FALSE,TRUE,"leave_one_out",,
"open_nb_incumbent","open_nb_incumbent","open_core","updating","rps","wc2006",0.172063371721106,0.172063371721106,0,64,"world_cup",FALSE,TRUE,"fold",0,0
"open_nb_incumbent","open_nb_incumbent","open_core","updating","rps","wc2006",,,0,630,"all",FALSE,TRUE,"leave_one_out",,
"open_nb_incumbent","open_nb_incumbent","open_core","updating","rps","wc2010",0.193443758892585,0.193443758892585,0,64,"world_cup",FALSE,TRUE,"fold",0,0
"open_nb_incumbent","open_nb_incumbent","open_core","updating","rps","wc2010",,,0,630,"all",FALSE,TRUE,"leave_one_out",,
"open_nb_incumbent","open_nb_incumbent","open_core","updating","rps","wc2014",0.209795309826597,0.209795309826597,0,64,"world_cup",FALSE,TRUE,"fold",0,0
"open_nb_incumbent","open_nb_incumbent","open_core","updating","rps","wc2014",,,0,630,"all",FALSE,TRUE,"leave_one_out",,
"open_nb_incumbent","open_nb_incumbent","open_core","updating","rps","wc2018",0.204377635947404,0.204377635947404,0,64,"world_cup",FALSE,TRUE,"fold",0,0
"open_nb_incumbent","open_nb_incumbent","open_core","updating","rps","wc2018",,,0,630,"all",FALSE,TRUE,"leave_one_out",,
"open_nb_incumbent","open_nb_incumbent","open_core","updating","rps","wc2022",0.211319921086321,0.211319921086321,0,64,"world_cup",FALSE,TRUE,"fold",0,0
"open_nb_incumbent","open_nb_incumbent","open_core","updating","rps","wc2022",,,0,630,"all",FALSE,TRUE,"leave_one_out",,
"production_hybrid_nb","production_hybrid_nb","feature_rich","frozen","rps","euro2004",0.201390384066637,0.201390384066637,0,31,"euro",FALSE,TRUE,"fold",0,0
"production_hybrid_nb","production_hybrid_nb","feature_rich","frozen","rps","euro2004",,,0,609,"all",FALSE,TRUE,"leave_one_out",,
"production_hybrid_nb","production_hybrid_nb","feature_rich","frozen","rps","euro2008",0.228028515914912,0.228028515914912,0,31,"euro",FALSE,TRUE,"fold",0,0
"production_hybrid_nb","production_hybrid_nb","feature_rich","frozen","rps","euro2008",,,0,609,"all",FALSE,TRUE,"leave_one_out",,
"production_hybrid_nb","production_hybrid_nb","feature_rich","frozen","rps","euro2012",0.253610006851323,0.253610006851323,0,28,"euro",FALSE,TRUE,"fold",0,0
"production_hybrid_nb","production_hybrid_nb","feature_rich","frozen","rps","euro2012",,,0,609,"all",FALSE,TRUE,"leave_one_out",,
"production_hybrid_nb","production_hybrid_nb","feature_rich","frozen","rps","euro2016",0.214818839474437,0.214818839474437,0,43,"euro",FALSE,TRUE,"fold",0,0
"production_hybrid_nb","production_hybrid_nb","feature_rich","frozen","rps","euro2016",,,0,609,"all",FALSE,TRUE,"leave_one_out",,
"production_hybrid_nb","production_hybrid_nb","feature_rich","frozen","rps","euro2020",0.217175879889846,0.217175879889846,0,48,"euro",FALSE,TRUE,"fold",0,0
"production_hybrid_nb","production_hybrid_nb","feature_rich","frozen","rps","euro2020",,,0,609,"all",FALSE,TRUE,"leave_one_out",,
"production_hybrid_nb","production_hybrid_nb","feature_rich","frozen","rps","euro2024",0.204097904839805,0.204097904839805,0,51,"euro",FALSE,TRUE,"fold",0,0
"production_hybrid_nb","production_hybrid_nb","feature_rich","frozen","rps","euro2024",,,0,609,"all",FALSE,TRUE,"leave_one_out",,
"production_hybrid_nb","production_hybrid_nb","feature_rich","frozen","rps","headline",,,0,609,"all",FALSE,TRUE,"headline",0,0
"production_hybrid_nb","production_hybrid_nb","feature_rich","frozen","rps","wc2002",0.210637313011104,0.210637313011104,0,60,"world_cup",FALSE,TRUE,"fold",0,0
"production_hybrid_nb","production_hybrid_nb","feature_rich","frozen","rps","wc2002",,,0,609,"all",FALSE,TRUE,"leave_one_out",,
"production_hybrid_nb","production_hybrid_nb","feature_rich","frozen","rps","wc2006",0.188463269228388,0.188463269228388,0,64,"world_cup",FALSE,TRUE,"fold",0,0
"production_hybrid_nb","production_hybrid_nb","feature_rich","frozen","rps","wc2006",,,0,609,"all",FALSE,TRUE,"leave_one_out",,
"production_hybrid_nb","production_hybrid_nb","feature_rich","frozen","rps","wc2010",0.231714769293689,0.231714769293689,0,61,"world_cup",FALSE,TRUE,"fold",0,0
"production_hybrid_nb","production_hybrid_nb","feature_rich","frozen","rps","wc2010",,,0,609,"all",FALSE,TRUE,"leave_one_out",,
"production_hybrid_nb","production_hybrid_nb","feature_rich","frozen","rps","wc2014",0.22086092111402,0.22086092111402,0,64,"world_cup",FALSE,TRUE,"fold",0,0
"production_hybrid_nb","production_hybrid_nb","feature_rich","frozen","rps","wc2014",,,0,609,"all",FALSE,TRUE,"leave_one_out",,
"production_hybrid_nb","production_hybrid_nb","feature_rich","frozen","rps","wc2018",0.22724105810526,0.22724105810526,0,64,"world_cup",FALSE,TRUE,"fold",0,0
"production_hybrid_nb","production_hybrid_nb","feature_rich","frozen","rps","wc2018",,,0,609,"all",FALSE,TRUE,"leave_one_out",,
"production_hybrid_nb","production_hybrid_nb","feature_rich","frozen","rps","wc2022",0.222906942893562,0.222906942893562,0,64,"world_cup",FALSE,TRUE,"fold",0,0
"production_hybrid_nb","production_hybrid_nb","feature_rich","frozen","rps","wc2022",,,0,609,"all",FALSE,TRUE,"leave_one_out",,
"production_hybrid_nb","production_hybrid_nb","feature_rich","updating","rps","euro2004",0.19427801853155,0.19427801853155,0,31,"euro",FALSE,TRUE,"fold",0,0
"production_hybrid_nb","production_hybrid_nb","feature_rich","updating","rps","euro2004",,,0,609,"all",FALSE,TRUE,"leave_one_out",,
"production_hybrid_nb","production_hybrid_nb","feature_rich","updating","rps","euro2008",0.214490326573508,0.214490326573508,0,31,"euro",FALSE,TRUE,"fold",0,0
"production_hybrid_nb","production_hybrid_nb","feature_rich","updating","rps","euro2008",,,0,609,"all",FALSE,TRUE,"leave_one_out",,
"production_hybrid_nb","production_hybrid_nb","feature_rich","updating","rps","euro2012",0.234600469568812,0.234600469568812,0,28,"euro",FALSE,TRUE,"fold",0,0
"production_hybrid_nb","production_hybrid_nb","feature_rich","updating","rps","euro2012",,,0,609,"all",FALSE,TRUE,"leave_one_out",,
"production_hybrid_nb","production_hybrid_nb","feature_rich","updating","rps","euro2016",0.217593946752168,0.217593946752168,0,43,"euro",FALSE,TRUE,"fold",0,0
"production_hybrid_nb","production_hybrid_nb","feature_rich","updating","rps","euro2016",,,0,609,"all",FALSE,TRUE,"leave_one_out",,
"production_hybrid_nb","production_hybrid_nb","feature_rich","updating","rps","euro2020",0.197183259920055,0.197183259920055,0,48,"euro",FALSE,TRUE,"fold",0,0
"production_hybrid_nb","production_hybrid_nb","feature_rich","updating","rps","euro2020",,,0,609,"all",FALSE,TRUE,"leave_one_out",,
"production_hybrid_nb","production_hybrid_nb","feature_rich","updating","rps","euro2024",0.199220209587878,0.199220209587878,0,51,"euro",FALSE,TRUE,"fold",0,0
"production_hybrid_nb","production_hybrid_nb","feature_rich","updating","rps","euro2024",,,0,609,"all",FALSE,TRUE,"leave_one_out",,
"production_hybrid_nb","production_hybrid_nb","feature_rich","updating","rps","headline",,,0,609,"all",FALSE,TRUE,"headline",0,0
"production_hybrid_nb","production_hybrid_nb","feature_rich","updating","rps","wc2002",0.203404008345614,0.203404008345614,0,60,"world_cup",FALSE,TRUE,"fold",0,0
"production_hybrid_nb","production_hybrid_nb","feature_rich","updating","rps","wc2002",,,0,609,"all",FALSE,TRUE,"leave_one_out",,
"production_hybrid_nb","production_hybrid_nb","feature_rich","updating","rps","wc2006",0.16156832841848,0.16156832841848,0,64,"world_cup",FALSE,TRUE,"fold",0,0
"production_hybrid_nb","production_hybrid_nb","feature_rich","updating","rps","wc2006",,,0,609,"all",FALSE,TRUE,"leave_one_out",,
"production_hybrid_nb","production_hybrid_nb","feature_rich","updating","rps","wc2010",0.209082524600923,0.209082524600923,0,61,"world_cup",FALSE,TRUE,"fold",0,0
"production_hybrid_nb","production_hybrid_nb","feature_rich","updating","rps","wc2010",,,0,609,"all",FALSE,TRUE,"leave_one_out",,
"production_hybrid_nb","production_hybrid_nb","feature_rich","updating","rps","wc2014",0.214461937090911,0.214461937090911,0,64,"world_cup",FALSE,TRUE,"fold",0,0
"production_hybrid_nb","production_hybrid_nb","feature_rich","updating","rps","wc2014",,,0,609,"all",FALSE,TRUE,"leave_one_out",,
"production_hybrid_nb","production_hybrid_nb","feature_rich","updating","rps","wc2018",0.205303028816949,0.205303028816949,0,64,"world_cup",FALSE,TRUE,"fold",0,0
"production_hybrid_nb","production_hybrid_nb","feature_rich","updating","rps","wc2018",,,0,609,"all",FALSE,TRUE,"leave_one_out",,
"production_hybrid_nb","production_hybrid_nb","feature_rich","updating","rps","wc2022",0.211818751596759,0.211818751596759,0,64,"world_cup",FALSE,TRUE,"fold",0,0
"production_hybrid_nb","production_hybrid_nb","feature_rich","updating","rps","wc2022",,,0,609,"all",FALSE,TRUE,"leave_one_out",,
"uniform_1x2","open_nb_incumbent","open_core","frozen","rps","euro2004",0.218637992831542,0.20662400857162,0.012013984259922,31,"euro",FALSE,TRUE,"fold",0.00375917655588486,0.0130363106521842
"uniform_1x2","open_nb_incumbent","open_core","frozen","rps","euro2004",,,0.00779342086406869,630,"all",FALSE,TRUE,"leave_one_out",,
"uniform_1x2","open_nb_incumbent","open_core","frozen","rps","euro2008",0.245519713261648,0.233089752424003,0.0124299608376451,31,"euro",FALSE,TRUE,"fold",0.00375917655588486,0.0130363106521842
"uniform_1x2","open_nb_incumbent","open_core","frozen","rps","euro2008",,,0.00775560481154841,630,"all",FALSE,TRUE,"leave_one_out",,
"uniform_1x2","open_nb_incumbent","open_core","frozen","rps","euro2012",0.240143369175627,0.247874705456687,-0.00773133628106002,31,"euro",TRUE,TRUE,"fold",0.00375917655588486,0.0130363106521842
"uniform_1x2","open_nb_incumbent","open_core","frozen","rps","euro2012",,,0.00958845000415796,630,"all",FALSE,TRUE,"leave_one_out",,
"uniform_1x2","open_nb_incumbent","open_core","frozen","rps","euro2016",0.22549019607843,0.220295779324557,0.00519441675387246,51,"euro",FALSE,TRUE,"fold",0.00375917655588486,0.0130363106521842
"uniform_1x2","open_nb_incumbent","open_core","frozen","rps","euro2016",,,0.00841338154643683,630,"all",FALSE,TRUE,"leave_one_out",,
"uniform_1x2","open_nb_incumbent","open_core","frozen","rps","euro2020",0.225490196078431,0.220127698702643,0.00536249737578776,51,"euro",FALSE,TRUE,"fold",0.00375917655588486,0.0130363106521842
"uniform_1x2","open_nb_incumbent","open_core","frozen","rps","euro2020",,,0.00839810148989907,630,"all",FALSE,TRUE,"leave_one_out",,
"uniform_1x2","open_nb_incumbent","open_core","frozen","rps","euro2024",0.215686274509803,0.20928124815214,0.00640502635766379,51,"euro",FALSE,TRUE,"fold",0.00375917655588486,0.0130363106521842
"uniform_1x2","open_nb_incumbent","open_core","frozen","rps","euro2024",,,0.00830332612791034,630,"all",FALSE,TRUE,"leave_one_out",,
"uniform_1x2","open_nb_incumbent","open_core","frozen","rps","headline",,,0.0081451344803898,630,"all",FALSE,FALSE,"headline",0.00375917655588486,0.0130363106521842
"uniform_1x2","open_nb_incumbent","open_core","frozen","rps","wc2002",0.228298611111114,0.219913445140191,0.00838516597092251,64,"world_cup",FALSE,TRUE,"fold",0.00375917655588486,0.0130363106521842
"uniform_1x2","open_nb_incumbent","open_core","frozen","rps","wc2002",,,0.00812331343579592,630,"all",FALSE,TRUE,"leave_one_out",,
"uniform_1x2","open_nb_incumbent","open_core","frozen","rps","wc2006",0.23350694444444,0.204940508014914,0.0285664364295255,64,"world_cup",FALSE,FALSE,"fold",0.00375917655588486,0.0130363106521842
"uniform_1x2","open_nb_incumbent","open_core","frozen","rps","wc2006",,,0.00628865248501383,630,"all",FALSE,TRUE,"leave_one_out",,
"uniform_1x2","open_nb_incumbent","open_core","frozen","rps","wc2010",0.230902777777778,0.230807108032634,9.5669745143589e-05,64,"world_cup",FALSE,TRUE,"fold",0.00375917655588486,0.0130363106521842
"uniform_1x2","open_nb_incumbent","open_core","frozen","rps","wc2010",,,0.00887690400177582,630,"all",FALSE,TRUE,"leave_one_out",,
"uniform_1x2","open_nb_incumbent","open_core","frozen","rps","wc2014",0.233506944444445,0.2258272417331,0.00767970271134475,64,"world_cup",FALSE,TRUE,"fold",0.00375917655588486,0.0130363106521842
"uniform_1x2","open_nb_incumbent","open_core","frozen","rps","wc2014",,,0.00818744645939389,630,"all",FALSE,TRUE,"leave_one_out",,
"uniform_1x2","open_nb_incumbent","open_core","frozen","rps","wc2018",0.241319444444445,0.234575823914353,0.0067436205300919,64,"world_cup",FALSE,TRUE,"fold",0.00375917655588486,0.0130363106521842
"uniform_1x2","open_nb_incumbent","open_core","frozen","rps","wc2018",,,0.00827254483950779,630,"all",FALSE,TRUE,"leave_one_out",,
"uniform_1x2","open_nb_incumbent","open_core","frozen","rps","wc2022",0.238715277777779,0.226118808703961,0.0125964690738183,64,"world_cup",FALSE,TRUE,"fold",0.00375917655588486,0.0130363106521842
"uniform_1x2","open_nb_incumbent","open_core","frozen","rps","wc2022",,,0.00774046769916902,630,"all",FALSE,TRUE,"leave_one_out",,
"uniform_1x2","open_nb_incumbent","open_core","updating","rps","euro2004",0.218637992831541,0.195865014321776,0.0227729785097655,31,"euro",FALSE,FALSE,"fold",0.0195857887391654,0.036227872854519
"uniform_1x2","open_nb_incumbent","open_core","updating","rps","euro2004",,,0.0279346626526872,630,"all",FALSE,FALSE,"leave_one_out",,
"uniform_1x2","open_nb_incumbent","open_core","updating","rps","euro2008",0.245519713261649,0.210305556677262,0.0352141565843872,31,"euro",FALSE,FALSE,"fold",0.0195857887391654,0.036227872854519
"uniform_1x2","open_nb_incumbent","open_core","updating","rps","euro2008",,,0.0268036464640853,630,"all",FALSE,FALSE,"leave_one_out",,
"uniform_1x2","open_nb_incumbent","open_core","updating","rps","euro2012",0.240143369175628,0.227104724300039,0.0130386448755883,31,"euro",FALSE,TRUE,"fold",0.0195857887391654,0.036227872854519
"uniform_1x2","open_nb_incumbent","open_core","updating","rps","euro2012",,,0.0288196020739761,630,"all",FALSE,FALSE,"leave_one_out",,
"uniform_1x2","open_nb_incumbent","open_core","updating","rps","euro2016",0.225490196078429,0.219949777099601,0.00554041897882799,51,"euro",FALSE,TRUE,"fold",0.0195857887391654,0.036227872854519
"uniform_1x2","open_nb_incumbent","open_core","updating","rps","euro2016",,,0.0295012589736816,630,"all",FALSE,FALSE,"leave_one_out",,
"uniform_1x2","open_nb_incumbent","open_core","updating","rps","euro2020",0.22549019607843,0.189838248406632,0.0356519476717981,51,"euro",FALSE,FALSE,"fold",0.0195857887391654,0.036227872854519
"uniform_1x2","open_nb_incumbent","open_core","updating","rps","euro2020",,,0.0267638472743206,630,"all",FALSE,FALSE,"leave_one_out",,
"uniform_1x2","open_nb_incumbent","open_core","updating","rps","euro2024",0.215686274509804,0.199838110521063,0.0158481639887408,51,"euro",FALSE,FALSE,"fold",0.0195857887391654,0.036227872854519
"uniform_1x2","open_nb_incumbent","open_core","updating","rps","euro2024",,,0.0285641912455077,630,"all",FALSE,FALSE,"leave_one_out",,
"uniform_1x2","open_nb_incumbent","open_core","updating","rps","headline",,,0.0275045223074438,630,"all",FALSE,FALSE,"headline",0.0195857887391654,0.036227872854519
"uniform_1x2","open_nb_incumbent","open_core","updating","rps","wc2002",0.228298611111111,0.213262045445768,0.0150365656653435,64,"world_cup",FALSE,FALSE,"fold",0.0195857887391654,0.036227872854519
"uniform_1x2","open_nb_incumbent","open_core","updating","rps","wc2002",,,0.0286379729112711,630,"all",FALSE,FALSE,"leave_one_out",,
"uniform_1x2","open_nb_incumbent","open_core","updating","rps","wc2006",0.233506944444443,0.172063371721106,0.0614435727233366,64,"world_cup",FALSE,FALSE,"fold",0.0195857887391654,0.036227872854519
"uniform_1x2","open_nb_incumbent","open_core","updating","rps","wc2006",,,0.0244191540878171,630,"all",FALSE,FALSE,"leave_one_out",,
"uniform_1x2","open_nb_incumbent","open_core","updating","rps","wc2010",0.230902777777778,0.193443758892585,0.0374590188851927,64,"world_cup",FALSE,FALSE,"fold",0.0195857887391654,0.036227872854519
"uniform_1x2","open_nb_incumbent","open_core","updating","rps","wc2010",,,0.026599568073103,630,"all",FALSE,FALSE,"leave_one_out",,
"uniform_1x2","open_nb_incumbent","open_core","updating","rps","wc2014",0.233506944444444,0.209795309826597,0.0237116346178469,64,"world_cup",FALSE,FALSE,"fold",0.0195857887391654,0.036227872854519
"uniform_1x2","open_nb_incumbent","open_core","updating","rps","wc2014",,,0.0278493302792253,630,"all",FALSE,FALSE,"leave_one_out",,
"uniform_1x2","open_nb_incumbent","open_core","updating","rps","wc2018",0.241319444444444,0.204377635947404,0.0369418084970399,64,"world_cup",FALSE,FALSE,"fold",0.0195857887391654,0.036227872854519
"uniform_1x2","open_nb_incumbent","open_core","updating","rps","wc2018",,,0.0266465871992987,630,"all",FALSE,FALSE,"leave_one_out",,
"uniform_1x2","open_nb_incumbent","open_core","updating","rps","wc2022",0.238715277777779,0.211319921086321,0.0273953566914577,64,"world_cup",FALSE,FALSE,"fold",0.0195857887391654,0.036227872854519
"uniform_1x2","open_nb_incumbent","open_core","updating","rps","wc2022",,,0.0275144464543516,630,"all",FALSE,FALSE,"leave_one_out",,
