"home_goals","away_goals","scoreline","outcome","count","probability"
0,0,"0-0","draw",9761,0.19522
1,0,"1-0","home_win",5875,0.1175
0,1,"0-1","away_win",4762,0.09524
2,0,"2-0","home_win",3792,0.07584
1,1,"1-1","draw",2973,0.05946
0,2,"0-2","away_win",2340,0.0468
3,0,"3-0","home_win",2261,0.04522
2,1,"2-1","home_win",1808,0.03616
1,2,"1-2","away_win",1441,0.02882
4,0,"4-0","home_win",1404,0.02808
0,3,"0-3","away_win",1178,0.02356
3,1,"3-1","home_win",1106,0.02212
5,0,"5-0","home_win",890,0.0178
2,2,"2-2","draw",878,0.01756
1,3,"1-3","away_win",723,0.01446
4,1,"4-1","home_win",717,0.01434
3,2,"3-2","home_win",558,0.01116
0,4,"0-4","away_win",552,0.01104
6,0,"6-0","home_win",523,0.01046
5,1,"5-1","home_win",436,0.00872
2,3,"2-3","away_win",402,0.00804
4,2,"4-2","home_win",377,0.00754
1,4,"1-4","away_win",367,0.00734
7,0,"7-0","home_win",332,0.00664
0,5,"0-5","away_win",295,0.0059
3,3,"3-3","draw",260,0.0052
6,1,"6-1","home_win",238,0.00476
2,4,"2-4","away_win",219,0.00438
5,2,"5-2","home_win",214,0.00428
8,0,"8-0","home_win",200,0.004
1,5,"1-5","away_win",190,0.0038
4,3,"4-3","home_win",160,0.0032
7,1,"7-1","home_win",153,0.00306
0,6,"0-6","away_win",138,0.00276
6,2,"6-2","home_win",137,0.00274
3,4,"3-4","away_win",120,0.0024
8,1,"8-1","home_win",108,0.00216
9,0,"9-0","home_win",107,0.00214
2,5,"2-5","away_win",103,0.00206
4,4,"4-4","draw",88,0.00176
5,3,"5-3","home_win",85,0.0017
10,0,"10-0","home_win",84,0.00168
1,6,"1-6","away_win",78,0.00156
7,2,"7-2","home_win",75,0.0015
0,7,"0-7","away_win",74,0.00148
3,5,"3-5","away_win",71,0.00142
6,3,"6-3","home_win",65,0.0013
9,1,"9-1","home_win",58,0.00116
2,6,"2-6","away_win",57,0.00114
1,7,"1-7","away_win",55,0.0011
5,4,"5-4","home_win",52,0.00104
8,2,"8-2","home_win",45,9e-04
11,0,"11-0","home_win",44,0.00088
2,7,"2-7","away_win",40,8e-04
0,8,"0-8","away_win",38,0.00076
4,5,"4-5","away_win",38,0.00076
1,8,"1-8","away_win",36,0.00072
3,6,"3-6","away_win",35,7e-04
10,1,"10-1","home_win",35,7e-04
7,3,"7-3","home_win",34,0.00068
5,5,"5-5","draw",32,0.00064
6,4,"6-4","home_win",32,0.00064
9,2,"9-2","home_win",32,0.00064
12,0,"12-0","home_win",31,0.00062
4,6,"4-6","away_win",28,0.00056
11,1,"11-1","home_win",28,0.00056
8,3,"8-3","home_win",25,5e-04
7,4,"7-4","home_win",21,0.00042
13,0,"13-0","home_win",21,0.00042
0,9,"0-9","away_win",20,4e-04
12,1,"12-1","home_win",18,0.00036
1,9,"1-9","away_win",17,0.00034
8,4,"8-4","home_win",17,0.00034
10,2,"10-2","home_win",17,0.00034
11,3,"11-3","home_win",16,0.00032
5,6,"5-6","away_win",15,3e-04
6,6,"6-6","draw",15,3e-04
9,3,"9-3","home_win",15,3e-04
3,7,"3-7","away_win",14,0.00028
2,9,"2-9","away_win",13,0.00026
2,8,"2-8","away_win",12,0.00024
6,5,"6-5","home_win",12,0.00024
3,8,"3-8","away_win",11,0.00022
13,1,"13-1","home_win",11,0.00022
9,4,"9-4","home_win",10,2e-04
11,2,"11-2","home_win",10,2e-04
15,0,"15-0","home_win",10,2e-04
0,11,"0-11","away_win",9,0.00018
14,0,"14-0","home_win",9,0.00018
4,7,"4-7","away_win",8,0.00016
7,5,"7-5","home_win",8,0.00016
8,5,"8-5","home_win",8,0.00016
0,10,"0-10","away_win",7,0.00014
4,8,"4-8","away_win",7,0.00014
5,7,"5-7","away_win",7,0.00014
10,3,"10-3","home_win",7,0.00014
7,6,"7-6","home_win",6,0.00012
1,10,"1-10","away_win",5,1e-04
12,2,"12-2","home_win",5,1e-04
14,1,"14-1","home_win",5,1e-04
16,0,"16-0","home_win",5,1e-04
2,11,"2-11","away_win",4,8e-05
6,7,"6-7","away_win",4,8e-05
12,3,"12-3","home_win",4,8e-05
0,12,"0-12","away_win",3,6e-05
3,9,"3-9","away_win",3,6e-05
3,10,"3-10","away_win",3,6e-05
5,8,"5-8","away_win",3,6e-05
3,11,"3-11","away_win",3,6e-05
8,6,"8-6","home_win",3,6e-05
10,4,"10-4","home_win",3,6e-05
7,8,"7-8","away_win",3,6e-05
10,5,"10-5","home_win",3,6e-05
10,6,"10-6","home_win",3,6e-05
14,2,"14-2","home_win",3,6e-05
17,0,"17-0","home_win",3,6e-05
15,3,"15-3","home_win",3,6e-05
2,10,"2-10","away_win",2,4e-05
4,9,"4-9","away_win",2,4e-05
5,9,"5-9","away_win",2,4e-05
6,8,"6-8","away_win",2,4e-05
7,7,"7-7","draw",2,4e-05
9,5,"9-5","home_win",2,4e-05
9,6,"9-6","home_win",2,4e-05
11,4,"11-4","home_win",2,4e-05
13,2,"13-2","home_win",2,4e-05
13,3,"13-3","home_win",2,4e-05
16,1,"16-1","home_win",2,4e-05
12,6,"12-6","home_win",2,4e-05
16,2,"16-2","home_win",2,4e-05
18,0,"18-0","home_win",2,4e-05
18,3,"18-3","home_win",2,4e-05
1,11,"1-11","away_win",1,2e-05
0,13,"0-13","away_win",1,2e-05
1,12,"1-12","away_win",1,2e-05
1,13,"1-13","away_win",1,2e-05
0,15,"0-15","away_win",1,2e-05
2,13,"2-13","away_win",1,2e-05
6,9,"6-9","away_win",1,2e-05
2,14,"2-14","away_win",1,2e-05
6,10,"6-10","away_win",1,2e-05
12,4,"12-4","home_win",1,2e-05
15,1,"15-1","home_win",1,2e-05
3,14,"3-14","away_win",1,2e-05
5,12,"5-12","away_win",1,2e-05
6,11,"6-11","away_win",1,2e-05
12,5,"12-5","home_win",1,2e-05
14,3,"14-3","home_win",1,2e-05
15,2,"15-2","home_win",1,2e-05
9,9,"9-9","draw",1,2e-05
14,4,"14-4","home_win",1,2e-05
17,1,"17-1","home_win",1,2e-05
11,8,"11-8","home_win",1,2e-05
15,4,"15-4","home_win",1,2e-05
19,0,"19-0","home_win",1,2e-05
19,1,"19-1","home_win",1,2e-05
20,0,"20-0","home_win",1,2e-05
9,12,"9-12","away_win",1,2e-05
16,5,"16-5","home_win",1,2e-05
20,1,"20-1","home_win",1,2e-05
18,4,"18-4","home_win",1,2e-05
19,3,"19-3","home_win",1,2e-05
19,4,"19-4","home_win",1,2e-05
22,1,"22-1","home_win",1,2e-05
15,9,"15-9","home_win",1,2e-05
24,0,"24-0","home_win",1,2e-05
25,0,"25-0","home_win",1,2e-05
