"schema_version","candidate_id","track_id","score_status","primary_probability_view","calibration_promoted","reason_codes","reason_count","calibration_support_valid","fixture_identity_match","edition_identity_match","track_identity_match","score_distribution_identity_match","auxiliary_market_identity_match","prediction_status_identity_match","score_distribution_unchanged","coverage_numerator","coverage_denominator","expected_fixture_count","observed_fixture_count","run_id","panel_id","raw_headline_rps","calibrated_headline_rps","rps_delta","raw_headline_brier","calibrated_headline_brier","brier_relative_change","raw_headline_log_loss","calibrated_headline_log_loss","log_loss_relative_change","raw_tournament_rps","calibrated_tournament_rps","raw_tournament_brier","calibrated_tournament_brier","raw_tournament_log_loss","calibrated_tournament_log_loss","raw_calibration_error","calibrated_calibration_error","calibration_error_delta","raw_home_calibration_error","calibrated_home_calibration_error","raw_draw_calibration_error","calibrated_draw_calibration_error","raw_away_calibration_error","calibrated_away_calibration_error","fold_rps_delta","fold_rps_ci_lower","fold_rps_ci_upper","fold_stability_max_regression","expected_editions","expected_fixture_ids_sha256","freeze_id","freeze_self_sha256","recipe_sha256","score_support_g"
"phase12-calibration-gate-v1","phase11_rf_dynamic_elo_context_drop_host_open","updating","no_score","raw_1x2",FALSE,"calibration_artifact_unavailable",1,FALSE,FALSE,FALSE,FALSE,FALSE,FALSE,FALSE,FALSE,0,0,0,0,,,,,,,,,,,,,,,,,,,,,,,,,,,,,,,,,,,,
"phase12-calibration-gate-v1","phase11_rf_dynamic_elo_context_drop_neutral_open","updating","no_score","raw_1x2",FALSE,"calibration_artifact_unavailable",1,FALSE,FALSE,FALSE,FALSE,FALSE,FALSE,FALSE,FALSE,0,0,0,0,,,,,,,,,,,,,,,,,,,,,,,,,,,,,,,,,,,,
"phase12-calibration-gate-v1","phase11_rf_dynamic_elo_context_drop_rest_open","updating","no_score","raw_1x2",FALSE,"calibration_artifact_unavailable",1,FALSE,FALSE,FALSE,FALSE,FALSE,FALSE,FALSE,FALSE,0,0,0,0,,,,,,,,,,,,,,,,,,,,,,,,,,,,,,,,,,,,
"phase12-calibration-gate-v1","phase11_rf_dynamic_elo_context_drop_stage_open","updating","no_score","raw_1x2",FALSE,"calibration_artifact_unavailable",1,FALSE,FALSE,FALSE,FALSE,FALSE,FALSE,FALSE,FALSE,0,0,0,0,,,,,,,,,,,,,,,,,,,,,,,,,,,,,,,,,,,,
"phase12-calibration-gate-v1","phase11_rf_dynamic_elo_context_drop_travel_open","updating","no_score","raw_1x2",FALSE,"calibration_artifact_unavailable",1,FALSE,FALSE,FALSE,FALSE,FALSE,FALSE,FALSE,FALSE,0,0,0,0,,,,,,,,,,,,,,,,,,,,,,,,,,,,,,,,,,,,
"phase12-calibration-gate-v1","phase11_rf_dynamic_elo_context_open","updating","no_score","raw_1x2",FALSE,"calibration_artifact_unavailable",1,FALSE,FALSE,FALSE,FALSE,FALSE,FALSE,FALSE,FALSE,0,0,0,0,,,,,,,,,,,,,,,,,,,,,,,,,,,,,,,,,,,,
"phase12-calibration-gate-v1","phase11_rf_dynamic_elo_context_xg_gated_open","updating","no_score","raw_1x2",FALSE,"calibration_artifact_unavailable",1,FALSE,FALSE,FALSE,FALSE,FALSE,FALSE,FALSE,FALSE,0,0,0,0,,,,,,,,,,,,,,,,,,,,,,,,,,,,,,,,,,,,
"phase12-calibration-gate-v1","phase11_rf_dynamic_elo_open","updating","scored","calibrated_1x2",TRUE,"",0,TRUE,TRUE,TRUE,TRUE,TRUE,TRUE,TRUE,TRUE,12,12,12,12,"phase12_synthetic_gate","open_core",0.18,0.045,-0.135,0.54,0.135,-0.75,0.916290731874155,0.356674943938732,-0.610740421646305,"euro2004=0.22500000000000001|euro2008=0.089999999999999997|euro2012=0.22500000000000001|euro2016=0.22500000000000001|euro2020=0.089999999999999997|euro2024=0.22500000000000001|wc2002=0.22500000000000001|wc2006=0.089999999999999997|wc2010=0.22500000000000001|wc2014=0.22500000000000001|wc2018=0.089999999999999997|wc2022=0.22500000000000001","euro2004=0.056250000000000001|euro2008=0.022499999999999999|euro2012=0.056250000000000001|euro2016=0.056250000000000001|euro2020=0.022499999999999999|euro2024=0.056250000000000001|wc2002=0.056250000000000001|wc2006=0.022499999999999999|wc2010=0.056250000000000001|wc2014=0.056250000000000001|wc2018=0.022499999999999999|wc2022=0.056250000000000001","euro2004=0.54000000000000004|euro2008=0.54000000000000004|euro2012=0.54000000000000004|euro2016=0.54000000000000004|euro2020=0.54000000000000004|euro2024=0.54000000000000004|wc2002=0.54000000000000004|wc2006=0.54000000000000004|wc2010=0.54000000000000004|wc2014=0.54000000000000004|wc2018=0.54000000000000004|wc2022=0.54000000000000004","euro2004=0.13500000000000001|euro2008=0.13500000000000001|euro2012=0.13500000000000001|euro2016=0.13500000000000001|euro2020=0.13500000000000001|euro2024=0.13500000000000001|wc2002=0.13500000000000001|wc2006=0.13500000000000001|wc2010=0.13500000000000001|wc2014=0.13500000000000001|wc2018=0.13500000000000001|wc2022=0.13500000000000001","euro2004= 0.916290731874155|euro2008= 0.916290731874155|euro2012= 0.916290731874155|euro2016= 0.916290731874155|euro2020= 0.916290731874155|euro2024= 0.916290731874155|wc2002= 0.916290731874155|wc2006= 0.916290731874155|wc2010= 0.916290731874155|wc2014= 0.916290731874155|wc2018= 0.916290731874155|wc2022= 0.916290731874155","euro2004= 0.356674943938732|euro2008= 0.356674943938732|euro2012= 0.356674943938732|euro2016= 0.356674943938732|euro2020= 0.356674943938732|euro2024= 0.356674943938732|wc2002= 0.356674943938732|wc2006= 0.356674943938732|wc2010= 0.356674943938732|wc2014= 0.356674943938732|wc2018= 0.356674943938732|wc2022= 0.356674943938732",0.4,0.2,-0.2,0.4,0.2,0.4,0.2,0.4,0.2,-0.135,-0.1603125,-0.1096875,0,"wc2002|wc2006|wc2010|wc2014|wc2018|wc2022|euro2004|euro2008|euro2012|euro2016|euro2020|euro2024","f32146cf8fe4de5d82cb24d61cecf4391c361c58e30a622e895596ef7f15c495","phase12_freeze_v1","e7c16db9084b45f79075e76fbd4a3f4da921fdcdcb354e93470bc6a1aa9caba7","7b9cecc347e49965a317af22b6febcf31feb9becbfebe65582d51a36b1e8ff21",40
"phase12-calibration-gate-v1","phase11_structural_sparse_prior_open","updating","no_score","raw_1x2",FALSE,"calibration_artifact_unavailable",1,FALSE,FALSE,FALSE,FALSE,FALSE,FALSE,FALSE,FALSE,0,0,0,0,,,,,,,,,,,,,,,,,,,,,,,,,,,,,,,,,,,,
