"schema_version","boundary_id","edition_id","sequence","track","assessment_date","evidence_cutoff_exclusive","prior_boundary_id","fixture_count","completed_input_count","status","boundary_sha256"
"1.0","wc2002__frozen","wc2002",0,"frozen",2002-05-31,2002-05-31,"",64,0,"frozen","c48917aff0456fb73f7e50663f5a9e93066b63276f478566489eea995d6302bb"
"1.0","wc2006__frozen","wc2006",0,"frozen",2006-06-09,2006-06-09,"",64,0,"frozen","86574ffa02202c7d0876c92a652083207d76fb85a3447597318c4bfeb1cbeede"
"1.0","wc2010__frozen","wc2010",0,"frozen",2010-06-11,2010-06-11,"",64,0,"frozen","4f2ec2d229c5c34f63f0ef95ab8d5aaf82c17541f423466eddb0e1f98baa2a52"
"1.0","wc2014__frozen","wc2014",0,"frozen",2014-06-12,2014-06-12,"",64,0,"frozen","0e5671ce544e32d278491211425ba74a2080cfb0e4e1ac2575f71c2c47e773fe"
"1.0","wc2018__frozen","wc2018",0,"frozen",2018-06-14,2018-06-14,"",64,0,"frozen","6c63a36d8ad6ceb596ffe8b9ddbfb8beba2d38b1c355446a9531ddad60643e8d"
"1.0","wc2022__frozen","wc2022",0,"frozen",2022-11-20,2022-11-20,"",64,0,"frozen","d3ae9d478ca7066daba20e93e6106973c49d7bbe9f5f3628bc2b88ac6646abe1"
"1.0","euro2004__frozen","euro2004",0,"frozen",2004-06-12,2004-06-12,"",31,0,"frozen","390f6255680184d1923cb1699e56adc69c28b4678770e9ca6ccfc5878a5a54ac"
"1.0","euro2008__frozen","euro2008",0,"frozen",2008-06-07,2008-06-07,"",31,0,"frozen","8cc7fb179f8f6d12ad4cc39248fcb1664435797f594be6f353330449c599488e"
"1.0","euro2012__frozen","euro2012",0,"frozen",2012-06-08,2012-06-08,"",31,0,"frozen","8a0d1decd6019201b1df10a365d715163ed792059dceb3883bff6aecc14b1754"
"1.0","euro2016__frozen","euro2016",0,"frozen",2016-06-10,2016-06-10,"",51,0,"frozen","e075a7ddd0c2e05220ec1bf511b87c873a480604438444ae4400fae12a2cb1a5"
"1.0","euro2020__frozen","euro2020",0,"frozen",2021-06-11,2021-06-11,"",51,0,"frozen","70f0b0989983b5ed2ba94415bfb4fc9b01e6ef8f49c485d3fb61326c383c05b3"
"1.0","euro2024__frozen","euro2024",0,"frozen",2024-06-14,2024-06-14,"",51,0,"frozen","cf21a4887cbc0b01973d12f7868899f2b26a0e736ae0dee02a4e4c4925d7ada0"
"1.0","wc2002__2002-05-31","wc2002",1,"updating",2002-05-31,2002-05-31,"",1,0,"frozen","4d2dc65eec986a02fb52ae1eabdd386cc199fbc10c91aac733c7bd0075ea915d"
"1.0","wc2002__2002-06-01","wc2002",2,"updating",2002-06-01,2002-06-01,"wc2002__2002-05-31",3,1,"frozen","33f8024d33e07796f9f890683fa322af529e3f29dbd5eed9ed6b78104cd61b3f"
"1.0","wc2002__2002-06-02","wc2002",3,"updating",2002-06-02,2002-06-02,"wc2002__2002-06-01",4,4,"frozen","9075269a8abf6660f7c6d3e11d7f1a91074b9d8d301eda0877ccab8a8e29df7b"
"1.0","wc2002__2002-06-03","wc2002",4,"updating",2002-06-03,2002-06-03,"wc2002__2002-06-02",3,8,"frozen","b9c0062dfabe21b55b14e9ddb50ff4147ae2d45f87244604fa44eb4ff227b68b"
"1.0","wc2002__2002-06-04","wc2002",5,"updating",2002-06-04,2002-06-04,"wc2002__2002-06-03",3,11,"frozen","5ab889419b9c8c3960b9b12269ef654aa271059895fec3e0640aab5aa246fdba"
"1.0","wc2002__2002-06-05","wc2002",6,"updating",2002-06-05,2002-06-05,"wc2002__2002-06-04",3,14,"frozen","8a43007a56c586adfca50a12c0443a6d0b7829881f2846a1083c74cc177f3eff"
"1.0","wc2002__2002-06-06","wc2002",7,"updating",2002-06-06,2002-06-06,"wc2002__2002-06-05",3,17,"frozen","d1585765992552b99fdc5100a84fdb19eb4c4f6ea3ce48efba871af55c432bdb"
"1.0","wc2002__2002-06-07","wc2002",8,"updating",2002-06-07,2002-06-07,"wc2002__2002-06-06",3,20,"frozen","0abdb3d400142399e6b5ee94e0163187a061a78d6a33095274735d1e4eb21357"
"1.0","wc2002__2002-06-08","wc2002",9,"updating",2002-06-08,2002-06-08,"wc2002__2002-06-07",3,23,"frozen","5c303437f223cde550953f43aad5b328f952e57a717e6ce13809b4c8cfbec646"
"1.0","wc2002__2002-06-09","wc2002",10,"updating",2002-06-09,2002-06-09,"wc2002__2002-06-08",3,26,"frozen","86dd4731d6269ce6a0202b443970ee939594f2a42bcdb6f3b13a3749f5603449"
"1.0","wc2002__2002-06-10","wc2002",11,"updating",2002-06-10,2002-06-10,"wc2002__2002-06-09",3,29,"frozen","06929f271a08eefa01296286b27d4f0983f5a34ae6f430be4c67367eb1538722"
"1.0","wc2002__2002-06-11","wc2002",12,"updating",2002-06-11,2002-06-11,"wc2002__2002-06-10",4,32,"frozen","d2be38dd7fc1764fce1c28e5f74b3b48272c4386190fec47d72ce4df028fd84e"
"1.0","wc2002__2002-06-12","wc2002",13,"updating",2002-06-12,2002-06-12,"wc2002__2002-06-11",4,36,"frozen","4624e1f5d013429de18e0700f0544b4d4ed8667b7d18aaad68c7b2a921371525"
"1.0","wc2002__2002-06-13","wc2002",14,"updating",2002-06-13,2002-06-13,"wc2002__2002-06-12",4,40,"frozen","17daea178cd1bc8e361b8a532b7a32136b753d599433a1dffa448838ccd65f09"
"1.0","wc2002__2002-06-14","wc2002",15,"updating",2002-06-14,2002-06-14,"wc2002__2002-06-13",4,44,"frozen","057aaf125946eda4c402f45936e9467979465c07c9d7223697369aa5df4350e1"
"1.0","wc2002__2002-06-15","wc2002",16,"updating",2002-06-15,2002-06-15,"wc2002__2002-06-14",2,48,"frozen","581a63b91f91397a4e704b742f9d3b073ff46b1c8287d8dacd47329d3f6283ce"
"1.0","wc2002__2002-06-16","wc2002",17,"updating",2002-06-16,2002-06-16,"wc2002__2002-06-15",2,50,"frozen","0dbd84041667de8a89a834e3127fe65d5517701fd6afe44d48ae92f617bf99cf"
"1.0","wc2002__2002-06-17","wc2002",18,"updating",2002-06-17,2002-06-17,"wc2002__2002-06-16",2,52,"frozen","9946516c18e94deee83cddf1120d712d0130dd172a5e4e9827412eb440589a12"
"1.0","wc2002__2002-06-18","wc2002",19,"updating",2002-06-18,2002-06-18,"wc2002__2002-06-17",2,54,"frozen","535f28b80599bc507d9e02ee139f653cf1925685ca0608cb4c3a2ae0fcb7200b"
"1.0","wc2002__2002-06-21","wc2002",20,"updating",2002-06-21,2002-06-21,"wc2002__2002-06-18",2,56,"frozen","59ca4588d98a1d5271a18736a11378ea8929d61daba6a9f9f8284d9b0cb7f6aa"
"1.0","wc2002__2002-06-22","wc2002",21,"updating",2002-06-22,2002-06-22,"wc2002__2002-06-21",2,58,"frozen","42312bfe1626622600eef673d5e3a37c5752923bd06d7073ff226b0dadd71bcf"
"1.0","wc2002__2002-06-25","wc2002",22,"updating",2002-06-25,2002-06-25,"wc2002__2002-06-22",1,60,"frozen","56b2c1fdcf48c998dcd2a63bbe90b0f023b26677d1e8fb32175d8dc8eb4438b1"
"1.0","wc2002__2002-06-26","wc2002",23,"updating",2002-06-26,2002-06-26,"wc2002__2002-06-25",1,61,"frozen","8fe9dd1ecda3ca4ae9c0b3b61f3292e701886256e77d0c98524746700784cc5f"
"1.0","wc2002__2002-06-29","wc2002",24,"updating",2002-06-29,2002-06-29,"wc2002__2002-06-26",1,62,"frozen","9ea2cbaf0b61d6759ed40195babde057f457528d417ea8e2daefb00acfafacc1"
"1.0","wc2002__2002-06-30","wc2002",25,"updating",2002-06-30,2002-06-30,"wc2002__2002-06-29",1,63,"frozen","3e8804cca61b25fb2057bedd90da21ff3bcceda03403cb212a44a709596b44c0"
"1.0","wc2006__2006-06-09","wc2006",1,"updating",2006-06-09,2006-06-09,"",2,0,"frozen","c3cc6faeb273bba8953347d7b285b63769b1551aa055fe54ce9ce6472b72b207"
"1.0","wc2006__2006-06-10","wc2006",2,"updating",2006-06-10,2006-06-10,"wc2006__2006-06-09",3,2,"frozen","ef8a3ec6a7c3b97c92648dc3b9064ff1fe34d2b73c87311db0db3d7d5c41a5ed"
"1.0","wc2006__2006-06-11","wc2006",3,"updating",2006-06-11,2006-06-11,"wc2006__2006-06-10",3,5,"frozen","00e1558eb00c754257e4ea3d8943de8edd4642bc4eb583509881288693267177"
"1.0","wc2006__2006-06-12","wc2006",4,"updating",2006-06-12,2006-06-12,"wc2006__2006-06-11",3,8,"frozen","52c327605e0fde83cd7134e8854533dbec2ae353a955bc087b58e447a8c3af7e"
"1.0","wc2006__2006-06-13","wc2006",5,"updating",2006-06-13,2006-06-13,"wc2006__2006-06-12",3,11,"frozen","23a3069bf662803baf1f6d070d704b59a241d790d454475b54d9de3a76b4424c"
"1.0","wc2006__2006-06-14","wc2006",6,"updating",2006-06-14,2006-06-14,"wc2006__2006-06-13",3,14,"frozen","ea4604fcb409a0a8e290a13eca7cc67cb02f6f5f59bbcc1b05c33bb4829ad477"
"1.0","wc2006__2006-06-15","wc2006",7,"updating",2006-06-15,2006-06-15,"wc2006__2006-06-14",3,17,"frozen","28af23e19121afc416cb82335ea56013b33c2aa3d9ce15aef12400c330548fd2"
"1.0","wc2006__2006-06-16","wc2006",8,"updating",2006-06-16,2006-06-16,"wc2006__2006-06-15",3,20,"frozen","c4faae7175414719c541600d48599ebd390cc6d19874cdc270d6e5d181e0b524"
"1.0","wc2006__2006-06-17","wc2006",9,"updating",2006-06-17,2006-06-17,"wc2006__2006-06-16",3,23,"frozen","9039d5193e1bba0462469b975e4e88f52149c2a940ff8e15e1d18a4fd93e3067"
"1.0","wc2006__2006-06-18","wc2006",10,"updating",2006-06-18,2006-06-18,"wc2006__2006-06-17",3,26,"frozen","66a0750f2b959f2a6c958f9ec4443bbea8be47617fb16bb5366430fe05ac5404"
"1.0","wc2006__2006-06-19","wc2006",11,"updating",2006-06-19,2006-06-19,"wc2006__2006-06-18",3,29,"frozen","f3a0005975c1ceeb4ffa338078a346f376c341d621c2b79a3f0e650575886b79"
"1.0","wc2006__2006-06-20","wc2006",12,"updating",2006-06-20,2006-06-20,"wc2006__2006-06-19",4,32,"frozen","788d5453798e1337af90c667a2fac13577c90c892377201eb72d2207a38cf81c"
"1.0","wc2006__2006-06-21","wc2006",13,"updating",2006-06-21,2006-06-21,"wc2006__2006-06-20",4,36,"frozen","73acf6c7deb8c0abfb96bb2cc99f7a68bbe7c6ba7dba86328cdf267d3a278e88"
"1.0","wc2006__2006-06-22","wc2006",14,"updating",2006-06-22,2006-06-22,"wc2006__2006-06-21",4,40,"frozen","f333c748f3937f65efdf6210dfb6bc8baca64af2f1f91bb4a041370dbd930b26"
"1.0","wc2006__2006-06-23","wc2006",15,"updating",2006-06-23,2006-06-23,"wc2006__2006-06-22",4,44,"frozen","747e5f2681823be3980d50345e5749c5abbb3a95f5e6b0f47cf6fa6ce9fea066"
"1.0","wc2006__2006-06-24","wc2006",16,"updating",2006-06-24,2006-06-24,"wc2006__2006-06-23",2,48,"frozen","9027fd6c0efd3c6667c02afc9319c8187134b7cc1d2705662845c8508da94a24"
"1.0","wc2006__2006-06-25","wc2006",17,"updating",2006-06-25,2006-06-25,"wc2006__2006-06-24",2,50,"frozen","a8c22c41940ab3e4c0ff040d8068a5fd7c8be1c802a6c541a9826b303712c381"
"1.0","wc2006__2006-06-26","wc2006",18,"updating",2006-06-26,2006-06-26,"wc2006__2006-06-25",2,52,"frozen","2261b6c9c926fdf37cdb4f813f00c41ed9b2a31a3a0a95797d9053eade393e73"
"1.0","wc2006__2006-06-27","wc2006",19,"updating",2006-06-27,2006-06-27,"wc2006__2006-06-26",2,54,"frozen","2176a41e0609c505d41164379455132c1b929a1ed7c23a36e17bc830e85d0813"
"1.0","wc2006__2006-06-30","wc2006",20,"updating",2006-06-30,2006-06-30,"wc2006__2006-06-27",2,56,"frozen","be9075538a8424ecd4ba6cf54051e9a367afe864f74c8ce13bd1f86d0f25a314"
"1.0","wc2006__2006-07-01","wc2006",21,"updating",2006-07-01,2006-07-01,"wc2006__2006-06-30",2,58,"frozen","df77e0316a974da0361e5e2f65c04719060ff273fb29a104351b757ff83c1df7"
"1.0","wc2006__2006-07-04","wc2006",22,"updating",2006-07-04,2006-07-04,"wc2006__2006-07-01",1,60,"frozen","42fd834b8996343daac27741e6bc68a8e1e81da00d2623d40c6b458ac8101b63"
"1.0","wc2006__2006-07-05","wc2006",23,"updating",2006-07-05,2006-07-05,"wc2006__2006-07-04",1,61,"frozen","dd98c199fd56a5335db9a3271597238cc58ad4ee0a1cc7ace7a669ab777ba3d6"
"1.0","wc2006__2006-07-08","wc2006",24,"updating",2006-07-08,2006-07-08,"wc2006__2006-07-05",1,62,"frozen","34e97c90f2ab980571c482a75fb4d5c953aff833d7a656144eba4f8b5837fff7"
"1.0","wc2006__2006-07-09","wc2006",25,"updating",2006-07-09,2006-07-09,"wc2006__2006-07-08",1,63,"frozen","4bdaed478fad4ec5303c9083574a807ab09e61327608b36eae55e4bd28836710"
"1.0","wc2010__2010-06-11","wc2010",1,"updating",2010-06-11,2010-06-11,"",2,0,"frozen","4bb228be5ee9efb60f0a720bf08ee6bfcec8e33d73d4dd860fce5abf08959534"
"1.0","wc2010__2010-06-12","wc2010",2,"updating",2010-06-12,2010-06-12,"wc2010__2010-06-11",3,2,"frozen","0fa8aa874cdd797693c0e95ddf905eaecdd318cbf8194ebe107c283d38c9a578"
"1.0","wc2010__2010-06-13","wc2010",3,"updating",2010-06-13,2010-06-13,"wc2010__2010-06-12",3,5,"frozen","10289eaf6ccd109e31615ca9a166bc788b478ab390dae6be7b733eaf04af38e8"
"1.0","wc2010__2010-06-14","wc2010",4,"updating",2010-06-14,2010-06-14,"wc2010__2010-06-13",3,8,"frozen","8b0240ecc7f1bc099da3465a9b60072bdb06de11e087e31a3408ba3058846c6d"
"1.0","wc2010__2010-06-15","wc2010",5,"updating",2010-06-15,2010-06-15,"wc2010__2010-06-14",3,11,"frozen","fdbddd5d38c73ff7646a2e65235494a455cebc649a9a4a03d9f01ef0d87f9e77"
"1.0","wc2010__2010-06-16","wc2010",6,"updating",2010-06-16,2010-06-16,"wc2010__2010-06-15",3,14,"frozen","86041b4ce82fd7de92c90cb89dcf1f0d86f92c47c8a445f0ccdcdb4d790f2a1d"
"1.0","wc2010__2010-06-17","wc2010",7,"updating",2010-06-17,2010-06-17,"wc2010__2010-06-16",3,17,"frozen","2047814e0e20107cf6024ccf41a734c51304d7d803ee987d84b365b2d0cf3561"
"1.0","wc2010__2010-06-18","wc2010",8,"updating",2010-06-18,2010-06-18,"wc2010__2010-06-17",3,20,"frozen","7156b3a385b707447cb960ed4c7e0ac398761330c21b99f98b837258f440ede2"
"1.0","wc2010__2010-06-19","wc2010",9,"updating",2010-06-19,2010-06-19,"wc2010__2010-06-18",3,23,"frozen","406f027793d2768592d0aa9ded7f6b0853a578fb13288c6c9f0f796b1f2c325d"
"1.0","wc2010__2010-06-20","wc2010",10,"updating",2010-06-20,2010-06-20,"wc2010__2010-06-19",3,26,"frozen","6ea247227cf2f7d4b79725246fa00e172726d0ce0ad4e322389cc14f3a8ade9c"
"1.0","wc2010__2010-06-21","wc2010",11,"updating",2010-06-21,2010-06-21,"wc2010__2010-06-20",3,29,"frozen","1f2a0e88d98bddd69e263c150ca39ea795c04b678c568c20f3adde778356d485"
"1.0","wc2010__2010-06-22","wc2010",12,"updating",2010-06-22,2010-06-22,"wc2010__2010-06-21",4,32,"frozen","5ffdb780766550ec0e9600c2fbffda964ad22fceadc383a5d0256bb8caedcc64"
"1.0","wc2010__2010-06-23","wc2010",13,"updating",2010-06-23,2010-06-23,"wc2010__2010-06-22",4,36,"frozen","2738eef9917b7213090befd5ab537eb00971da7d022183ad299feda171675802"
"1.0","wc2010__2010-06-24","wc2010",14,"updating",2010-06-24,2010-06-24,"wc2010__2010-06-23",4,40,"frozen","dc03ab8bdac741aa797a40d295cfca938d89b5c48a15484451dacd29787ad007"
"1.0","wc2010__2010-06-25","wc2010",15,"updating",2010-06-25,2010-06-25,"wc2010__2010-06-24",4,44,"frozen","ee696ead3580d75c3c0d00b2d63f20f70b620cbec21eea3f536a52dfe541e07d"
"1.0","wc2010__2010-06-26","wc2010",16,"updating",2010-06-26,2010-06-26,"wc2010__2010-06-25",2,48,"frozen","e18413e7b49afecd5ae911b9ec57c8bf8ae3f913199bb7a0373a3b595615a049"
"1.0","wc2010__2010-06-27","wc2010",17,"updating",2010-06-27,2010-06-27,"wc2010__2010-06-26",2,50,"frozen","f5c2e757a2997c1138664126876aac611d36288a4b67fc91d92ac1ee09a20845"
"1.0","wc2010__2010-06-28","wc2010",18,"updating",2010-06-28,2010-06-28,"wc2010__2010-06-27",2,52,"frozen","6ac24c92a2f7e6450cf1983c7035f94b476fd7f3c0632759a026591a2e448309"
"1.0","wc2010__2010-06-29","wc2010",19,"updating",2010-06-29,2010-06-29,"wc2010__2010-06-28",2,54,"frozen","e9c4954578a36220b6537de815416d8fa00e128d2fc0592d58d4e7943f8dbd50"
"1.0","wc2010__2010-07-02","wc2010",20,"updating",2010-07-02,2010-07-02,"wc2010__2010-06-29",2,56,"frozen","b6eeb60abcc78db8872ae8634ccb9f463d9438a5a0496924c5db662b47bfcc88"
"1.0","wc2010__2010-07-03","wc2010",21,"updating",2010-07-03,2010-07-03,"wc2010__2010-07-02",2,58,"frozen","38990b372d9788c2b918e746aa7bfbb91b0f19c775490458d874aae33ddb81dd"
"1.0","wc2010__2010-07-06","wc2010",22,"updating",2010-07-06,2010-07-06,"wc2010__2010-07-03",1,60,"frozen","125b50eca4c464c5e75850f5ea72c56a1caa3a559ea58d2d4b1212b7b955668c"
"1.0","wc2010__2010-07-07","wc2010",23,"updating",2010-07-07,2010-07-07,"wc2010__2010-07-06",1,61,"frozen","00f4059a4a34fff44b34ab8d7f331548579a1eb9b5deed306a3953d3e6b9ab32"
"1.0","wc2010__2010-07-10","wc2010",24,"updating",2010-07-10,2010-07-10,"wc2010__2010-07-07",1,62,"frozen","5d9da8f733af531fa2dcf859d77c740432107dd0a4ee28d48bb81a840032213c"
"1.0","wc2010__2010-07-11","wc2010",25,"updating",2010-07-11,2010-07-11,"wc2010__2010-07-10",1,63,"frozen","e1a799e79a28d8847a051ac20607e4a5f226eaec7d95de9d851c316a2b14e29b"
"1.0","wc2014__2014-06-12","wc2014",1,"updating",2014-06-12,2014-06-12,"",1,0,"frozen","47ee168d2eae7866429c2aa8e1f0d06237c8391cbc6f835a800b66942c27249b"
"1.0","wc2014__2014-06-13","wc2014",2,"updating",2014-06-13,2014-06-13,"wc2014__2014-06-12",3,1,"frozen","0a1d81f2382b77705b7599f05350a7d5e08b17a4b6c1f1547be0228ad8aab192"
"1.0","wc2014__2014-06-14","wc2014",3,"updating",2014-06-14,2014-06-14,"wc2014__2014-06-13",4,4,"frozen","6d5c9e9b58a113d133e8ea045c9908943a1df935361609b096717577bc5cc8b3"
"1.0","wc2014__2014-06-15","wc2014",4,"updating",2014-06-15,2014-06-15,"wc2014__2014-06-14",3,8,"frozen","6f9bc15dd179d2c1ef78eabf3fff0688199cc31c698d4f54732a8740642ccd90"
"1.0","wc2014__2014-06-16","wc2014",5,"updating",2014-06-16,2014-06-16,"wc2014__2014-06-15",3,11,"frozen","1621d921e10447c9ba0c426ed15b2ca360a6c3ce3469fb9e2996a79e0992a518"
"1.0","wc2014__2014-06-17","wc2014",6,"updating",2014-06-17,2014-06-17,"wc2014__2014-06-16",3,14,"frozen","eb2fb17798dccf5392eaaff711d5f0b66a8a879195459ee41d99777bab4d9272"
"1.0","wc2014__2014-06-18","wc2014",7,"updating",2014-06-18,2014-06-18,"wc2014__2014-06-17",3,17,"frozen","6972cb66d5db976b0550d3bd5f800e57541e02ba562862585dc326d2bdfc9a5b"
"1.0","wc2014__2014-06-19","wc2014",8,"updating",2014-06-19,2014-06-19,"wc2014__2014-06-18",3,20,"frozen","f5383015d1525f8a009b5f33ce4b1a0899edde680794a965651fc0677c4d6d04"
"1.0","wc2014__2014-06-20","wc2014",9,"updating",2014-06-20,2014-06-20,"wc2014__2014-06-19",3,23,"frozen","dd30d28a7b96c5b4a8740e9ec9a3dd0560f8c72f894b0d5f73e37f7030f4ef13"
"1.0","wc2014__2014-06-21","wc2014",10,"updating",2014-06-21,2014-06-21,"wc2014__2014-06-20",3,26,"frozen","1172d58014647ec1a441d12af71420c1aa1c7c219ae460a2a44697fba55ba985"
"1.0","wc2014__2014-06-22","wc2014",11,"updating",2014-06-22,2014-06-22,"wc2014__2014-06-21",3,29,"frozen","3b6e3c386678ea2979097ed68e5b5987a20457c03855d38e2f381f900714870d"
"1.0","wc2014__2014-06-23","wc2014",12,"updating",2014-06-23,2014-06-23,"wc2014__2014-06-22",4,32,"frozen","21eb17c09ea614a90ff695cd26207cdd4647749ce5417e897e6b358f1f0695ea"
"1.0","wc2014__2014-06-24","wc2014",13,"updating",2014-06-24,2014-06-24,"wc2014__2014-06-23",4,36,"frozen","e6bdf5aa3fb27cc8e7ba65174fda4e9ef7dff160db6e490f23a28355e638eca0"
"1.0","wc2014__2014-06-25","wc2014",14,"updating",2014-06-25,2014-06-25,"wc2014__2014-06-24",4,40,"frozen","624778fc86bd4aa02dc2ac6e744a55c1f735d35c038c9c41422667f1485ac43b"
"1.0","wc2014__2014-06-26","wc2014",15,"updating",2014-06-26,2014-06-26,"wc2014__2014-06-25",4,44,"frozen","d7bf5b33f4856efeaee2423e356942ef4c941f6ad3ad96c43976c26fa4323ab5"
"1.0","wc2014__2014-06-28","wc2014",16,"updating",2014-06-28,2014-06-28,"wc2014__2014-06-26",2,48,"frozen","ede5ba273faeef09178f577843cfacde7091925bd8ba91c719529cc18a8673f8"
"1.0","wc2014__2014-06-29","wc2014",17,"updating",2014-06-29,2014-06-29,"wc2014__2014-06-28",2,50,"frozen","bfc0618142df62684f555ae78f843929e97bc021e4b5e609d12327b6eda384b8"
"1.0","wc2014__2014-06-30","wc2014",18,"updating",2014-06-30,2014-06-30,"wc2014__2014-06-29",2,52,"frozen","3b64bbc014c2aff72442c290cdf487a20f8fde3c765bdfe83a2faf9bbd933157"
"1.0","wc2014__2014-07-01","wc2014",19,"updating",2014-07-01,2014-07-01,"wc2014__2014-06-30",2,54,"frozen","018a93344a49971b15454de5c856f3858274a7dafee8bb37d79d8401de258f51"
"1.0","wc2014__2014-07-04","wc2014",20,"updating",2014-07-04,2014-07-04,"wc2014__2014-07-01",2,56,"frozen","c54af9d7aa36e4055223025b23f1415a1f2aeb4cdc9e819e4a923ebc03145264"
"1.0","wc2014__2014-07-05","wc2014",21,"updating",2014-07-05,2014-07-05,"wc2014__2014-07-04",2,58,"frozen","55d2941922296f408a0e0929e29f6093ea76668ed007528ae2c45c9c496d0e46"
"1.0","wc2014__2014-07-08","wc2014",22,"updating",2014-07-08,2014-07-08,"wc2014__2014-07-05",1,60,"frozen","ef19cde88dd51e24619434b0de561525ec8fe0829c6d49c22f0a6cd63fa74a4b"
"1.0","wc2014__2014-07-09","wc2014",23,"updating",2014-07-09,2014-07-09,"wc2014__2014-07-08",1,61,"frozen","2d0685d676a3bbdd0c57ac8ba47186dd5dde8fa6c6503e2c4e193472417a4c70"
"1.0","wc2014__2014-07-12","wc2014",24,"updating",2014-07-12,2014-07-12,"wc2014__2014-07-09",1,62,"frozen","217ad73de75f9067a46b7aff3ae395dea3b6afae3a0623c9adb4351c9b8b614b"
"1.0","wc2014__2014-07-13","wc2014",25,"updating",2014-07-13,2014-07-13,"wc2014__2014-07-12",1,63,"frozen","affff564fc144e096a0b7f509b7cb8587d652884b09c42f67a082fa9fd23d3dc"
"1.0","wc2018__2018-06-14","wc2018",1,"updating",2018-06-14,2018-06-14,"",1,0,"frozen","5b93fe6acd18933bbf11a74b961f1758e14510e2e165b12af54e22aa79e56a7c"
"1.0","wc2018__2018-06-15","wc2018",2,"updating",2018-06-15,2018-06-15,"wc2018__2018-06-14",3,1,"frozen","aeb8edc1ba5564112712db269aea87a9b2e28cf6bc383e4e6ec7ee14eb753d15"
"1.0","wc2018__2018-06-16","wc2018",3,"updating",2018-06-16,2018-06-16,"wc2018__2018-06-15",4,4,"frozen","3f7420b93632f372e66aebd7437f14b4980a9186c0a697527bdaea56c1fd0af0"
"1.0","wc2018__2018-06-17","wc2018",4,"updating",2018-06-17,2018-06-17,"wc2018__2018-06-16",3,8,"frozen","702192cd9ba38be02a3c4a477c6ec83f1a6c5b2c771ac8c6bff8aeb1597ff776"
"1.0","wc2018__2018-06-18","wc2018",5,"updating",2018-06-18,2018-06-18,"wc2018__2018-06-17",3,11,"frozen","df3bef231661ef7bdc0f16f0313c57024caf4273622b0afffeafacf8afae45f8"
"1.0","wc2018__2018-06-19","wc2018",6,"updating",2018-06-19,2018-06-19,"wc2018__2018-06-18",3,14,"frozen","4575a57104b7da8df8f2b7e82032c050eb9e2068f13a18b472d8479b309b5f3f"
"1.0","wc2018__2018-06-20","wc2018",7,"updating",2018-06-20,2018-06-20,"wc2018__2018-06-19",3,17,"frozen","bc37821c2ce7508582fdc62362c3cfd1a2c8267f73cce5d305c02ceff943dd37"
"1.0","wc2018__2018-06-21","wc2018",8,"updating",2018-06-21,2018-06-21,"wc2018__2018-06-20",3,20,"frozen","653a2efa8c6c00954c95bde78665be6172818570b94a53aa8718d6145968f5db"
"1.0","wc2018__2018-06-22","wc2018",9,"updating",2018-06-22,2018-06-22,"wc2018__2018-06-21",3,23,"frozen","4d4d1a77e09425b4179bc4dc4c4669d1e07f47627082fb7e8d1853b243a867ab"
"1.0","wc2018__2018-06-23","wc2018",10,"updating",2018-06-23,2018-06-23,"wc2018__2018-06-22",3,26,"frozen","7e415bf0ad55209e9739d760be7723960a158cc0d15c818613280eec0c7501f3"
"1.0","wc2018__2018-06-24","wc2018",11,"updating",2018-06-24,2018-06-24,"wc2018__2018-06-23",3,29,"frozen","8b698d6facd2b5d5c5d95a61f13bfad432d935bdd626c5877a98db626b621952"
"1.0","wc2018__2018-06-25","wc2018",12,"updating",2018-06-25,2018-06-25,"wc2018__2018-06-24",4,32,"frozen","13557f6fc2fe89b117d90d418d309ae52def159f8436a823dcd48ac96f8314a2"
"1.0","wc2018__2018-06-26","wc2018",13,"updating",2018-06-26,2018-06-26,"wc2018__2018-06-25",4,36,"frozen","559077c9889444707fc32afedd7bbe60ab1ad4d6f0e13e8c7c070d576fd49542"
"1.0","wc2018__2018-06-27","wc2018",14,"updating",2018-06-27,2018-06-27,"wc2018__2018-06-26",4,40,"frozen","ab0ef76c04a5afee31c52ae7449474de4c63a7787955b673d0d563863c672920"
"1.0","wc2018__2018-06-28","wc2018",15,"updating",2018-06-28,2018-06-28,"wc2018__2018-06-27",4,44,"frozen","be5ece7b4a16dfd9621eeb2a090f6fd5ce8ad62eb710d5e799973fc43791c048"
"1.0","wc2018__2018-06-30","wc2018",16,"updating",2018-06-30,2018-06-30,"wc2018__2018-06-28",2,48,"frozen","adf329440ecd60f76682beb9d7a88d110bcd9b433f68a1ad5b2b394edb1aa23b"
"1.0","wc2018__2018-07-01","wc2018",17,"updating",2018-07-01,2018-07-01,"wc2018__2018-06-30",2,50,"frozen","60da26757733484a2774df76f26db093365ecb0d4a1f9947ce0d5e90e274e5b0"
"1.0","wc2018__2018-07-02","wc2018",18,"updating",2018-07-02,2018-07-02,"wc2018__2018-07-01",2,52,"frozen","9ee933739fb0b86f2cf013cae0a5f84f2a3a4f5511280f436118c1430a23df1a"
"1.0","wc2018__2018-07-03","wc2018",19,"updating",2018-07-03,2018-07-03,"wc2018__2018-07-02",2,54,"frozen","ad0d4e28ba96805377714f88b5ca498dd443733d0cfb50e7418b6f167303d98d"
"1.0","wc2018__2018-07-06","wc2018",20,"updating",2018-07-06,2018-07-06,"wc2018__2018-07-03",2,56,"frozen","3286d75c32a2c10f806df3b3bef95e73def8335a92a5727903d7b5c9712460e4"
"1.0","wc2018__2018-07-07","wc2018",21,"updating",2018-07-07,2018-07-07,"wc2018__2018-07-06",2,58,"frozen","71de273f1fb9e12a8babc86d8619a11fca58eeb86713e18f16e561590452111c"
"1.0","wc2018__2018-07-10","wc2018",22,"updating",2018-07-10,2018-07-10,"wc2018__2018-07-07",1,60,"frozen","88e1c7038ebadf7e11a869906041d5e5751a1493ddc9faea2e6ffdb1f63351b7"
"1.0","wc2018__2018-07-11","wc2018",23,"updating",2018-07-11,2018-07-11,"wc2018__2018-07-10",1,61,"frozen","a71bc738da1e3195024db22c136ece73d501dedb3ce5c5460b3823d07a838c50"
"1.0","wc2018__2018-07-14","wc2018",24,"updating",2018-07-14,2018-07-14,"wc2018__2018-07-11",1,62,"frozen","6cc26f16d4237794ce8e35b47fd8759a72980c21ecc3d56a5b65fe8ef95cf866"
"1.0","wc2018__2018-07-15","wc2018",25,"updating",2018-07-15,2018-07-15,"wc2018__2018-07-14",1,63,"frozen","c6ad4b06474d77b748fdd9493334cd7b01f80a4acb2d665485be8ef6be6bd428"
"1.0","wc2022__2022-11-20","wc2022",1,"updating",2022-11-20,2022-11-20,"",1,0,"frozen","846e60484dfed58939e516429896e9139a8387773f162ee58cd439cd6266d7df"
"1.0","wc2022__2022-11-21","wc2022",2,"updating",2022-11-21,2022-11-21,"wc2022__2022-11-20",3,1,"frozen","0cacaab4ce14db41b23a324372aa92672b38a79b2536f88bec972ad1f7d620ee"
"1.0","wc2022__2022-11-22","wc2022",3,"updating",2022-11-22,2022-11-22,"wc2022__2022-11-21",4,4,"frozen","ca84f90c9327a2f602cb620a39d8512e97f39090212b4e86e03349cef774218e"
"1.0","wc2022__2022-11-23","wc2022",4,"updating",2022-11-23,2022-11-23,"wc2022__2022-11-22",4,8,"frozen","ee67d9691858b06a963963a70924ebfdb429007d029265c7991e5a0bf6813730"
"1.0","wc2022__2022-11-24","wc2022",5,"updating",2022-11-24,2022-11-24,"wc2022__2022-11-23",4,12,"frozen","cd4a6fa8ea05a100b369d2f31c14ca74a1f81c822430becf3027998a4df52bb0"
"1.0","wc2022__2022-11-25","wc2022",6,"updating",2022-11-25,2022-11-25,"wc2022__2022-11-24",4,16,"frozen","a1bf03ac1e73d9ecd7a4544f68326f12223c6bb1f257caa143c8837cbaa99577"
"1.0","wc2022__2022-11-26","wc2022",7,"updating",2022-11-26,2022-11-26,"wc2022__2022-11-25",4,20,"frozen","d1c6fb86ee502e0ec9823f729979da273393c3aeb88f22359295872ade1a76fa"
"1.0","wc2022__2022-11-27","wc2022",8,"updating",2022-11-27,2022-11-27,"wc2022__2022-11-26",4,24,"frozen","a49ae75830bfabffaa323e08b5834ba1848aa53bca8f9935afac53ec84051607"
"1.0","wc2022__2022-11-28","wc2022",9,"updating",2022-11-28,2022-11-28,"wc2022__2022-11-27",4,28,"frozen","d5212e5cb82886863450ff18f8a83b096977db89800d92679c8e98ea24433809"
"1.0","wc2022__2022-11-29","wc2022",10,"updating",2022-11-29,2022-11-29,"wc2022__2022-11-28",4,32,"frozen","c32c275a20963ac308db0e03cc385dd2649ef6b54bf857e70f04104708bd1057"
"1.0","wc2022__2022-11-30","wc2022",11,"updating",2022-11-30,2022-11-30,"wc2022__2022-11-29",4,36,"frozen","57e946402683f0a3c8739543d883b3d37625014cac2501afd5406b80329fd6e2"
"1.0","wc2022__2022-12-01","wc2022",12,"updating",2022-12-01,2022-12-01,"wc2022__2022-11-30",4,40,"frozen","338df7b84248d2c2e69b872883efd8bebe8385474f43b3fa16eb2557721cf5dd"
"1.0","wc2022__2022-12-02","wc2022",13,"updating",2022-12-02,2022-12-02,"wc2022__2022-12-01",4,44,"frozen","270c5b89fa9268bc7f276c28dc64c67781069983ce0130ab402be1127ddfdfd4"
"1.0","wc2022__2022-12-03","wc2022",14,"updating",2022-12-03,2022-12-03,"wc2022__2022-12-02",2,48,"frozen","ad66e76013d73de77acae89c2d30ff93093ed337571cc106dea4704f3b5cc66c"
"1.0","wc2022__2022-12-04","wc2022",15,"updating",2022-12-04,2022-12-04,"wc2022__2022-12-03",2,50,"frozen","49e04077df541cd206c3be02f141540b0dd6975aa4db0a3391cd1a53b3aa105e"
"1.0","wc2022__2022-12-05","wc2022",16,"updating",2022-12-05,2022-12-05,"wc2022__2022-12-04",2,52,"frozen","60940d6204552a395b0a897edfd99b33cf70f84a94406624c62f55c6041b4d52"
"1.0","wc2022__2022-12-06","wc2022",17,"updating",2022-12-06,2022-12-06,"wc2022__2022-12-05",2,54,"frozen","bcfb984fedfb10e4f1fc93a53ec4e2be27384e90517de5ff37086a499e7c734d"
"1.0","wc2022__2022-12-09","wc2022",18,"updating",2022-12-09,2022-12-09,"wc2022__2022-12-06",2,56,"frozen","23745734e585b07ccbbd5908c888886c276e2bd22ebf5a223da2964b658631f3"
"1.0","wc2022__2022-12-10","wc2022",19,"updating",2022-12-10,2022-12-10,"wc2022__2022-12-09",2,58,"frozen","9297c765165582daa6ac1d22af8871a676331ef8480a29b5a0d78a42449c44a2"
"1.0","wc2022__2022-12-13","wc2022",20,"updating",2022-12-13,2022-12-13,"wc2022__2022-12-10",1,60,"frozen","b9dbad6125d24cf6a8fa01d58bf215a33504dec82f9eea544e2369d822a3b6ca"
"1.0","wc2022__2022-12-14","wc2022",21,"updating",2022-12-14,2022-12-14,"wc2022__2022-12-13",1,61,"frozen","322e9f12cc5aaed14a73d1977670f12fb3e758acee84d41f6278cb31bd019b77"
"1.0","wc2022__2022-12-17","wc2022",22,"updating",2022-12-17,2022-12-17,"wc2022__2022-12-14",1,62,"frozen","8241f2d47ef281470cf9456aa78604b8794d7a6ecc2e491983ebe498bb271888"
"1.0","wc2022__2022-12-18","wc2022",23,"updating",2022-12-18,2022-12-18,"wc2022__2022-12-17",1,63,"frozen","bb0f16c811a5a485b2623aa2fd26488d22185a9eab1c62ab1fd81bb49d4bb7f8"
"1.0","euro2004__2004-06-12","euro2004",1,"updating",2004-06-12,2004-06-12,"",2,0,"frozen","26ea59bc8298febb8f6f31206fb37a8e6b971caa44ac830786255069a0b02ee6"
"1.0","euro2004__2004-06-13","euro2004",2,"updating",2004-06-13,2004-06-13,"euro2004__2004-06-12",2,2,"frozen","0e69d61fbd4b42d3956c23333d0a554358eeeb49cf09f596b26791f043032fe8"
"1.0","euro2004__2004-06-14","euro2004",3,"updating",2004-06-14,2004-06-14,"euro2004__2004-06-13",2,4,"frozen","bb1478a8a2c1d7dff171556ace75dfcfb1d09c58016a072cf3fa3bab8850ff32"
"1.0","euro2004__2004-06-15","euro2004",4,"updating",2004-06-15,2004-06-15,"euro2004__2004-06-14",2,6,"frozen","11d49bc6a223bfa0cf0256dfd735e538ac00331533a6f412b6adf47a7bd24362"
"1.0","euro2004__2004-06-16","euro2004",5,"updating",2004-06-16,2004-06-16,"euro2004__2004-06-15",2,8,"frozen","a87eb721d4142e86b1ceb5a94ca2f48f555c6d214bb15c06dd94185f9842beec"
"1.0","euro2004__2004-06-17","euro2004",6,"updating",2004-06-17,2004-06-17,"euro2004__2004-06-16",2,10,"frozen","737490e3387215fa6945b8d8fad832d5d6dce82aea8e38312f55f0563533b1f8"
"1.0","euro2004__2004-06-18","euro2004",7,"updating",2004-06-18,2004-06-18,"euro2004__2004-06-17",2,12,"frozen","90bbabd856b9989db56b160ea1cba982b10d87a21912008d34f0d601fdd009d1"
"1.0","euro2004__2004-06-19","euro2004",8,"updating",2004-06-19,2004-06-19,"euro2004__2004-06-18",2,14,"frozen","d370a6b3739c6ec5820fe39ac35821d13d193e4f4a99b1a18689a1cf78bebb84"
"1.0","euro2004__2004-06-20","euro2004",9,"updating",2004-06-20,2004-06-20,"euro2004__2004-06-19",2,16,"frozen","eda9b854ac6bf038fa7b4554e9a705959b32c264c79844860eab825b0124a470"
"1.0","euro2004__2004-06-21","euro2004",10,"updating",2004-06-21,2004-06-21,"euro2004__2004-06-20",2,18,"frozen","47aa23b7978d38ce7886e295189b93b5c3ae212f3a5b7a41afaa2c8fabb53a12"
"1.0","euro2004__2004-06-22","euro2004",11,"updating",2004-06-22,2004-06-22,"euro2004__2004-06-21",2,20,"frozen","b6f7378818cb4da47e581a89a4e6a38a8111cb5c9e2583772137595d1c7266e4"
"1.0","euro2004__2004-06-23","euro2004",12,"updating",2004-06-23,2004-06-23,"euro2004__2004-06-22",2,22,"frozen","a7006e380a2180c2406716e21d21a3558479bfab8a8e4e4c3fff2d99212a3732"
"1.0","euro2004__2004-06-24","euro2004",13,"updating",2004-06-24,2004-06-24,"euro2004__2004-06-23",1,24,"frozen","6ade7cc6137a77214eae8e596d6958725c41354c4c331931f5692688b750dd81"
"1.0","euro2004__2004-06-25","euro2004",14,"updating",2004-06-25,2004-06-25,"euro2004__2004-06-24",1,25,"frozen","d7e370cdcff2b4da21d310b2679c4d6352c03623766edbd00ff1864acf51ce3b"
"1.0","euro2004__2004-06-26","euro2004",15,"updating",2004-06-26,2004-06-26,"euro2004__2004-06-25",1,26,"frozen","ff4fed88a6cd8357763d740b4d4e766d33c2e7a7d38f53c2d87e98a9da6d7ea3"
"1.0","euro2004__2004-06-27","euro2004",16,"updating",2004-06-27,2004-06-27,"euro2004__2004-06-26",1,27,"frozen","c0d5abfb3c664c7ce0f11a108bbea073a56c62596c6912979eb3e91800d0a1ff"
"1.0","euro2004__2004-06-30","euro2004",17,"updating",2004-06-30,2004-06-30,"euro2004__2004-06-27",1,28,"frozen","75b22735dcfa803e7d6cb1adcd63042b45b7e51f6199ccb0b976c332f38ac595"
"1.0","euro2004__2004-07-01","euro2004",18,"updating",2004-07-01,2004-07-01,"euro2004__2004-06-30",1,29,"frozen","7a3f4a38f8cce194ff077d6d53043a55899b0529c76e1ed217b8f5df86534775"
"1.0","euro2004__2004-07-04","euro2004",19,"updating",2004-07-04,2004-07-04,"euro2004__2004-07-01",1,30,"frozen","b939965df6971e30ed95dfa939e3124507dc6de1d540e3beb03013ed64411075"
"1.0","euro2008__2008-06-07","euro2008",1,"updating",2008-06-07,2008-06-07,"",2,0,"frozen","140915969bbfe81cd8143ef01bb2cafe3ef4f7d9c50a6a70fa0fd89b5f53dd3c"
"1.0","euro2008__2008-06-08","euro2008",2,"updating",2008-06-08,2008-06-08,"euro2008__2008-06-07",2,2,"frozen","358c3d4ae0c219136f5778cffbb083b9a589aaee8a557ceb1c0d3967930c22ab"
"1.0","euro2008__2008-06-09","euro2008",3,"updating",2008-06-09,2008-06-09,"euro2008__2008-06-08",2,4,"frozen","1dce9923cc97a9ed6d4bc7be8de205858e8a4c888c8354a8568871d693a20229"
"1.0","euro2008__2008-06-10","euro2008",4,"updating",2008-06-10,2008-06-10,"euro2008__2008-06-09",2,6,"frozen","91b3117481df9a4d7f333df4b897ee253478796baaabd3e1ec029f49acaaae3b"
"1.0","euro2008__2008-06-11","euro2008",5,"updating",2008-06-11,2008-06-11,"euro2008__2008-06-10",2,8,"frozen","6aeca4aecaeda95439573501f1ac081c0e648b0be4af2b27a00be60d1949ea74"
"1.0","euro2008__2008-06-12","euro2008",6,"updating",2008-06-12,2008-06-12,"euro2008__2008-06-11",2,10,"frozen","4e76267b1dbe01b0e8151fefeee31bc53a80c93e6d8e6b35e354e0f6829f718f"
"1.0","euro2008__2008-06-13","euro2008",7,"updating",2008-06-13,2008-06-13,"euro2008__2008-06-12",2,12,"frozen","1554557dbc5b05ac6060a6981aadd6301de8508bb3e0183869fbdcfc19150e25"
"1.0","euro2008__2008-06-14","euro2008",8,"updating",2008-06-14,2008-06-14,"euro2008__2008-06-13",2,14,"frozen","4cf5abb89b4c497952ff8c9ea76fd26c0948928b95311483d8431587883c7c47"
"1.0","euro2008__2008-06-15","euro2008",9,"updating",2008-06-15,2008-06-15,"euro2008__2008-06-14",2,16,"frozen","a867e076d06958948eac860d774821b20a067f62e32dd637765198ad08642d22"
"1.0","euro2008__2008-06-16","euro2008",10,"updating",2008-06-16,2008-06-16,"euro2008__2008-06-15",2,18,"frozen","47a2a802d093731443ce782f87949e7703dedb6e1512e8ca181eed187429f57a"
"1.0","euro2008__2008-06-17","euro2008",11,"updating",2008-06-17,2008-06-17,"euro2008__2008-06-16",2,20,"frozen","4c49d55670ab0c38be8610056306891f4d43e32531b209a91e9cd4e0f82df722"
"1.0","euro2008__2008-06-18","euro2008",12,"updating",2008-06-18,2008-06-18,"euro2008__2008-06-17",2,22,"frozen","98b95624f45ab716b62588995e0da395c5f76115953619948ff8c15988ecdb1f"
"1.0","euro2008__2008-06-19","euro2008",13,"updating",2008-06-19,2008-06-19,"euro2008__2008-06-18",1,24,"frozen","3e9c2b581a47bc90f9e6c3cbb1d6f4e8de2817af24e9339baea351b8a1223838"
"1.0","euro2008__2008-06-20","euro2008",14,"updating",2008-06-20,2008-06-20,"euro2008__2008-06-19",1,25,"frozen","3d1f599f5ab88698ade9a1c2b137903316dfe673b9576aa17917b3d405e8f6eb"
"1.0","euro2008__2008-06-21","euro2008",15,"updating",2008-06-21,2008-06-21,"euro2008__2008-06-20",1,26,"frozen","855618ae08e13c98b7523ee5240aedd108c0f6f28ffb56b8de80c15db3c7f88c"
"1.0","euro2008__2008-06-22","euro2008",16,"updating",2008-06-22,2008-06-22,"euro2008__2008-06-21",1,27,"frozen","46f62b1fa246f8de24cdce811e41cfc42d412758393aa2840f55c8f5bd359694"
"1.0","euro2008__2008-06-25","euro2008",17,"updating",2008-06-25,2008-06-25,"euro2008__2008-06-22",1,28,"frozen","ad3815375da90d617aba472bc587ca1b1a0192a85ee880a39250c092087ba55c"
"1.0","euro2008__2008-06-26","euro2008",18,"updating",2008-06-26,2008-06-26,"euro2008__2008-06-25",1,29,"frozen","98f0c9cb736caa55c63081e89af545288d49833bb5c7051060122938b6de3cfa"
"1.0","euro2008__2008-06-29","euro2008",19,"updating",2008-06-29,2008-06-29,"euro2008__2008-06-26",1,30,"frozen","ef30f557c4570e025a436f6e84bc9e492183652254e100c73d459fa0a69d2a77"
"1.0","euro2012__2012-06-08","euro2012",1,"updating",2012-06-08,2012-06-08,"",2,0,"frozen","8ff3bf94c47e4f0d10ecf4f697019186411838e14694c195412c3e6040d446a6"
"1.0","euro2012__2012-06-09","euro2012",2,"updating",2012-06-09,2012-06-09,"euro2012__2012-06-08",2,2,"frozen","629679652fd0992580e35c75c270ed586650d5be2503481ca753151563944c3a"
"1.0","euro2012__2012-06-10","euro2012",3,"updating",2012-06-10,2012-06-10,"euro2012__2012-06-09",2,4,"frozen","38e5e06a9a8773fb74ec1c768b42090c87df63fc1154698ac5ccbd28ddd42919"
"1.0","euro2012__2012-06-11","euro2012",4,"updating",2012-06-11,2012-06-11,"euro2012__2012-06-10",2,6,"frozen","2aa01867e2b9c46ccc13ad2cf5ccdcb947bed82bdd49bf03a1680b68adb30be6"
"1.0","euro2012__2012-06-12","euro2012",5,"updating",2012-06-12,2012-06-12,"euro2012__2012-06-11",2,8,"frozen","ae75a5f92ad0683bc611e4c3e0d2e76dc80b7721a1930ce672e3475c6f1dd529"
"1.0","euro2012__2012-06-13","euro2012",6,"updating",2012-06-13,2012-06-13,"euro2012__2012-06-12",2,10,"frozen","1234c0c2c72105544e7283fb550d90df9e166ecce4642ed1ca5165f73db0e628"
"1.0","euro2012__2012-06-14","euro2012",7,"updating",2012-06-14,2012-06-14,"euro2012__2012-06-13",2,12,"frozen","db6a124de8212b588e6c5f8e4e49f689b416685dab799dacb1c928b8def063f4"
"1.0","euro2012__2012-06-15","euro2012",8,"updating",2012-06-15,2012-06-15,"euro2012__2012-06-14",2,14,"frozen","087581dff1d17bba2f3dfe291874c70c394b2f6776eb3e3ce12c4bf692dfc5ff"
"1.0","euro2012__2012-06-16","euro2012",9,"updating",2012-06-16,2012-06-16,"euro2012__2012-06-15",2,16,"frozen","8ca1c672b2e203ea0a6d18e5b517c8dd470cab5676e39612f49caa191335f9d1"
"1.0","euro2012__2012-06-17","euro2012",10,"updating",2012-06-17,2012-06-17,"euro2012__2012-06-16",2,18,"frozen","de5d957e98f0f1cacea9141116cb2a3a7b4e7d9572f776424e6f25bde96e293f"
"1.0","euro2012__2012-06-18","euro2012",11,"updating",2012-06-18,2012-06-18,"euro2012__2012-06-17",2,20,"frozen","1ede052cd22137efcd7306c7e245f9454180e30c3842eb8ba8bbd16e22eb9b70"
"1.0","euro2012__2012-06-19","euro2012",12,"updating",2012-06-19,2012-06-19,"euro2012__2012-06-18",2,22,"frozen","6d4d7f98480a4c69ff4af02ca5b4a907d7b42c8a7f25a20900db206e451c8513"
"1.0","euro2012__2012-06-21","euro2012",13,"updating",2012-06-21,2012-06-21,"euro2012__2012-06-19",1,24,"frozen","91d4e341f174eed9cfc7a6131edd133f07d23e3404c1825f38aa05887613c9c8"
"1.0","euro2012__2012-06-22","euro2012",14,"updating",2012-06-22,2012-06-22,"euro2012__2012-06-21",1,25,"frozen","842c75ef9cc685afd1eb7d25c88cdd5ce396339f59aafb893a6999a8a7e4edbd"
"1.0","euro2012__2012-06-23","euro2012",15,"updating",2012-06-23,2012-06-23,"euro2012__2012-06-22",1,26,"frozen","4a8408c40d89f48f18ef46dbdf50f0d448823a2d8e6158db55ccc1ea0dfef583"
"1.0","euro2012__2012-06-24","euro2012",16,"updating",2012-06-24,2012-06-24,"euro2012__2012-06-23",1,27,"frozen","051bbc00fd1ad0abbce5d83fa2042adabfe19b186de46d94e2f8ebfb003f8c63"
"1.0","euro2012__2012-06-27","euro2012",17,"updating",2012-06-27,2012-06-27,"euro2012__2012-06-24",1,28,"frozen","ee46b4209a53546fb1eabf2ec42bb4b6999b8d62c3bf2875c6e2ca6117bb0810"
"1.0","euro2012__2012-06-28","euro2012",18,"updating",2012-06-28,2012-06-28,"euro2012__2012-06-27",1,29,"frozen","e15214db848b57a719ec0e3b4b5204ea236efdb2dc273c8db40f6ce6d2d39301"
"1.0","euro2012__2012-07-01","euro2012",19,"updating",2012-07-01,2012-07-01,"euro2012__2012-06-28",1,30,"frozen","49cff0655c21757a162d70e56120ebf04d5a4ffdfdaa15fca67edeef185294ec"
"1.0","euro2016__2016-06-10","euro2016",1,"updating",2016-06-10,2016-06-10,"",1,0,"frozen","dc0171d512466af0e32577f93fcd745cda98530af05aa603dfc32419335a1a15"
"1.0","euro2016__2016-06-11","euro2016",2,"updating",2016-06-11,2016-06-11,"euro2016__2016-06-10",3,1,"frozen","aa575d6b7a5496e4a48c434f39edbed171ed03d0267e0e51421a5f93bdeda54a"
"1.0","euro2016__2016-06-12","euro2016",3,"updating",2016-06-12,2016-06-12,"euro2016__2016-06-11",3,4,"frozen","eaa1b3a182ea4caa3b7bf02ab187d3db363249ecb78fcb7bbc7ae3d186963b6f"
"1.0","euro2016__2016-06-13","euro2016",4,"updating",2016-06-13,2016-06-13,"euro2016__2016-06-12",3,7,"frozen","690e4a9aa30d89ef28f5a431f29b40eb1cf983495719a7e2ebe432ef1017abe5"
"1.0","euro2016__2016-06-14","euro2016",5,"updating",2016-06-14,2016-06-14,"euro2016__2016-06-13",2,10,"frozen","3ec1c43c5648710dfdd558c75b03eb29e8a52654d4f1eb61597eeb768829f21f"
"1.0","euro2016__2016-06-15","euro2016",6,"updating",2016-06-15,2016-06-15,"euro2016__2016-06-14",3,12,"frozen","5b5c6fe34334846e0e75715bf90540402c8b7dbd1ed6c3a3e5dd1146413eb294"
"1.0","euro2016__2016-06-16","euro2016",7,"updating",2016-06-16,2016-06-16,"euro2016__2016-06-15",3,15,"frozen","be78bbc7c240ee8daae76592e172d413ece09a9f4f654ddfcb898a0604d6674b"
"1.0","euro2016__2016-06-17","euro2016",8,"updating",2016-06-17,2016-06-17,"euro2016__2016-06-16",3,18,"frozen","c1fc4fb10d6cab31727ad1480002c2318ab4fc4a84eec4bd61be6e1139f6fe25"
"1.0","euro2016__2016-06-18","euro2016",9,"updating",2016-06-18,2016-06-18,"euro2016__2016-06-17",3,21,"frozen","62e1bd17f72030e090d57ffd5f001e605d11990664afde0668b845120cd0d089"
"1.0","euro2016__2016-06-19","euro2016",10,"updating",2016-06-19,2016-06-19,"euro2016__2016-06-18",2,24,"frozen","450502613d1b2b65fb25a7fe431a480cfaa6b23c2f80660ea4b5638657397a04"
"1.0","euro2016__2016-06-20","euro2016",11,"updating",2016-06-20,2016-06-20,"euro2016__2016-06-19",2,26,"frozen","d2ee3cd01253d6a83acec96ec6cc10963496c7b2b3946e57bc8e9c86da58ffc9"
"1.0","euro2016__2016-06-21","euro2016",12,"updating",2016-06-21,2016-06-21,"euro2016__2016-06-20",4,28,"frozen","b8994c86da72d5c0c6503dc2d70be92880e5c08e8cf6459744a92d283e7363a3"
"1.0","euro2016__2016-06-22","euro2016",13,"updating",2016-06-22,2016-06-22,"euro2016__2016-06-21",4,32,"frozen","413afc1fd8e281d853558a04120a44c254021a781e6a9b64fafbc41530d6b980"
"1.0","euro2016__2016-06-25","euro2016",14,"updating",2016-06-25,2016-06-25,"euro2016__2016-06-22",3,36,"frozen","6659a6883e28acef55a740b95551b70257963f3c4bba71786b03dde916e65902"
"1.0","euro2016__2016-06-26","euro2016",15,"updating",2016-06-26,2016-06-26,"euro2016__2016-06-25",3,39,"frozen","65b1c5db353a4497bbeaee7127c2cf02ce97ccfd08f940679b4373f0ec7cc931"
"1.0","euro2016__2016-06-27","euro2016",16,"updating",2016-06-27,2016-06-27,"euro2016__2016-06-26",2,42,"frozen","7ddf4ef609e1547fc9e0da117a9c5b608abf0b5b8e9f0b42204e2186edfc003d"
"1.0","euro2016__2016-06-30","euro2016",17,"updating",2016-06-30,2016-06-30,"euro2016__2016-06-27",1,44,"frozen","aa36da796751358dd5510513063d9aac4dd559e3cc3ac21659a1f04442e7fb11"
"1.0","euro2016__2016-07-01","euro2016",18,"updating",2016-07-01,2016-07-01,"euro2016__2016-06-30",1,45,"frozen","80576f1a206f7bbb20317bfc1d9c62ebcdd5b2923005c7b08a392d612624735c"
"1.0","euro2016__2016-07-02","euro2016",19,"updating",2016-07-02,2016-07-02,"euro2016__2016-07-01",1,46,"frozen","f693fd4b9985a8a5a3533eac50fbf44f23c6345edd20e346c218e5b1f5736cd3"
"1.0","euro2016__2016-07-03","euro2016",20,"updating",2016-07-03,2016-07-03,"euro2016__2016-07-02",1,47,"frozen","f2b7bade824ed63ebd53d0d2b98617bc7a8d35b3d8513b4b2941811a8b6ca717"
"1.0","euro2016__2016-07-06","euro2016",21,"updating",2016-07-06,2016-07-06,"euro2016__2016-07-03",1,48,"frozen","8277b5496d668d7187cefc96b2fdf2c2a986826acca56e7c54732514c7c2d0e0"
"1.0","euro2016__2016-07-07","euro2016",22,"updating",2016-07-07,2016-07-07,"euro2016__2016-07-06",1,49,"frozen","5ff65dee7d0e6d3299721b5e7c1ce90d3304af96906a8df9d1ad5504fd1892d4"
"1.0","euro2016__2016-07-10","euro2016",23,"updating",2016-07-10,2016-07-10,"euro2016__2016-07-07",1,50,"frozen","ee31af231b42297db600f42668433d7d7be8c32a09097e99c4fd457866995fa1"
"1.0","euro2020__2021-06-11","euro2020",1,"updating",2021-06-11,2021-06-11,"",1,0,"frozen","1411f1f36a40de328e9c086e51f5da872698853fe8260ba1692e1d5edeb8e2f3"
"1.0","euro2020__2021-06-12","euro2020",2,"updating",2021-06-12,2021-06-12,"euro2020__2021-06-11",3,1,"frozen","01db9d2cbebaec794de8ee34bfe95b2a72411d08675fe23047c2771ac11b9b9b"
"1.0","euro2020__2021-06-13","euro2020",3,"updating",2021-06-13,2021-06-13,"euro2020__2021-06-12",3,4,"frozen","6ee13ae649998f2280c378da27f2ea20b618e6da618683bb93922e27cac72af7"
"1.0","euro2020__2021-06-14","euro2020",4,"updating",2021-06-14,2021-06-14,"euro2020__2021-06-13",3,7,"frozen","54de04ad9b2a2e0a0e2ac3aa432ff1857f51d85dcf5eea4b39ab048594f5fefd"
"1.0","euro2020__2021-06-15","euro2020",5,"updating",2021-06-15,2021-06-15,"euro2020__2021-06-14",2,10,"frozen","19851a51c62d18834a5a0352eaaae4e7ebcd7d0b1a0785cc2dcb46428b40a53d"
"1.0","euro2020__2021-06-16","euro2020",6,"updating",2021-06-16,2021-06-16,"euro2020__2021-06-15",3,12,"frozen","e094256c0488c6f2593e353f032adfc4a714532e8ab92c0d65172ced19c676b0"
"1.0","euro2020__2021-06-17","euro2020",7,"updating",2021-06-17,2021-06-17,"euro2020__2021-06-16",3,15,"frozen","bbab5971394ce5b220b4f112a423ce4cf6bd6ea07c9ca484bfa4b88157a01ff4"
"1.0","euro2020__2021-06-18","euro2020",8,"updating",2021-06-18,2021-06-18,"euro2020__2021-06-17",3,18,"frozen","c69f9d5d262a32a5a37831a34a55dc94f00f85351425f3793ea9476c53754bfb"
"1.0","euro2020__2021-06-19","euro2020",9,"updating",2021-06-19,2021-06-19,"euro2020__2021-06-18",3,21,"frozen","bcd8825c4fb78ad2bb6f0290a3874a54558664bddf02af8cc03f41b894230251"
"1.0","euro2020__2021-06-20","euro2020",10,"updating",2021-06-20,2021-06-20,"euro2020__2021-06-19",2,24,"frozen","7a9ddb81de0e98cc1ab7be1d7a7eca5d923ce11e443d28f1190ce5c445e306b8"
"1.0","euro2020__2021-06-21","euro2020",11,"updating",2021-06-21,2021-06-21,"euro2020__2021-06-20",4,26,"frozen","fb54ae30f505bda399cb0e9c523d7e61eef0875c5d3fcf8cba7f108d15779b32"
"1.0","euro2020__2021-06-22","euro2020",12,"updating",2021-06-22,2021-06-22,"euro2020__2021-06-21",2,30,"frozen","95387bbfd4f6b1a1d2e7d744eda555fb285c6b589b982ea0c0e57c666eeeef90"
"1.0","euro2020__2021-06-23","euro2020",13,"updating",2021-06-23,2021-06-23,"euro2020__2021-06-22",4,32,"frozen","3c2685d15fb812945d29b1fc58229215bcf0f420b3b160c7d0b1a321dea21139"
"1.0","euro2020__2021-06-26","euro2020",14,"updating",2021-06-26,2021-06-26,"euro2020__2021-06-23",2,36,"frozen","9282b4615af75c7040cdb96486a15e39ea7cccc88a2867a847a03bd5aaa6b440"
"1.0","euro2020__2021-06-27","euro2020",15,"updating",2021-06-27,2021-06-27,"euro2020__2021-06-26",2,38,"frozen","a01e8b9ee7c904e32abaf548fcd918b8280e2fdae965b28e0eb9f46ba1515b2f"
"1.0","euro2020__2021-06-28","euro2020",16,"updating",2021-06-28,2021-06-28,"euro2020__2021-06-27",2,40,"frozen","9766c6aad5b7fe737c03d14c547e1b81161b181ffcd81c7244dec13fa3ae8d95"
"1.0","euro2020__2021-06-29","euro2020",17,"updating",2021-06-29,2021-06-29,"euro2020__2021-06-28",2,42,"frozen","619dd5ceb9f321a372a885221e98d26154652687a25275afbc8528ad2f987327"
"1.0","euro2020__2021-07-02","euro2020",18,"updating",2021-07-02,2021-07-02,"euro2020__2021-06-29",2,44,"frozen","426420c15000c1b6e7f29084b7a42a9e498a1de15f1f01d32d8e5abd3a8ba5e9"
"1.0","euro2020__2021-07-03","euro2020",19,"updating",2021-07-03,2021-07-03,"euro2020__2021-07-02",2,46,"frozen","1a328dc1fe00470436a1b9f2249055c11d18c08b447733d79a8c15b77359456e"
"1.0","euro2020__2021-07-06","euro2020",20,"updating",2021-07-06,2021-07-06,"euro2020__2021-07-03",1,48,"frozen","a0b22ce8a9c4ec9da6299a64b2e4d4f2186cfc45dc1646106295dd16c29eb591"
"1.0","euro2020__2021-07-07","euro2020",21,"updating",2021-07-07,2021-07-07,"euro2020__2021-07-06",1,49,"frozen","8b4558d2aada63a4022d760156c282a9fd305f6702ce69f300ee159864881afa"
"1.0","euro2020__2021-07-11","euro2020",22,"updating",2021-07-11,2021-07-11,"euro2020__2021-07-07",1,50,"frozen","1b78876318cfba93382d2406c8706f71e90348bd4797c0bf4783f95577067d0c"
"1.0","euro2024__2024-06-14","euro2024",1,"updating",2024-06-14,2024-06-14,"",1,0,"frozen","3813b39c790f26095869146851a92d9a33bb2401ebb6433326284d054fad825a"
"1.0","euro2024__2024-06-15","euro2024",2,"updating",2024-06-15,2024-06-15,"euro2024__2024-06-14",3,1,"frozen","8a9280ba22175cff23f4645480e8690a071b2c43721f9ef6fb59149af195c307"
"1.0","euro2024__2024-06-16","euro2024",3,"updating",2024-06-16,2024-06-16,"euro2024__2024-06-15",3,4,"frozen","da815578a77dea8390fb93feb95acfab823145d4e046049354e09965d9505a79"
"1.0","euro2024__2024-06-17","euro2024",4,"updating",2024-06-17,2024-06-17,"euro2024__2024-06-16",3,7,"frozen","c3febef3c944ccf296e460e9fcc2e7e7078447190e355f91c941857d139e92c6"
"1.0","euro2024__2024-06-18","euro2024",5,"updating",2024-06-18,2024-06-18,"euro2024__2024-06-17",2,10,"frozen","1a0fed51c1ddda7287856522360334d71357f9b0b8e7523bea72871315c49c3d"
"1.0","euro2024__2024-06-19","euro2024",6,"updating",2024-06-19,2024-06-19,"euro2024__2024-06-18",3,12,"frozen","a68ffe0fbf886614992dafd7d6558511b59467f9001f7de80ebbb030b94a3030"
"1.0","euro2024__2024-06-20","euro2024",7,"updating",2024-06-20,2024-06-20,"euro2024__2024-06-19",3,15,"frozen","233ac82e7b1ce3ef2f5edaaeefd6972ae15993cedbd8e5bf9e18673bb57177c8"
"1.0","euro2024__2024-06-21","euro2024",8,"updating",2024-06-21,2024-06-21,"euro2024__2024-06-20",3,18,"frozen","3a7c1e6c4214ff3dedb48c3c595808d36282dbf55ebf973df6717847fcd13150"
"1.0","euro2024__2024-06-22","euro2024",9,"updating",2024-06-22,2024-06-22,"euro2024__2024-06-21",3,21,"frozen","55fec5cfd9e10374770d18bbd4051e9bf48f5974717051400ac624ece81d50bf"
"1.0","euro2024__2024-06-23","euro2024",10,"updating",2024-06-23,2024-06-23,"euro2024__2024-06-22",2,24,"frozen","28b9f04c0618f7ff45cda03e840b8f67d70cfaa130a5b14059bd25ce228fabb6"
"1.0","euro2024__2024-06-24","euro2024",11,"updating",2024-06-24,2024-06-24,"euro2024__2024-06-23",2,26,"frozen","339bc23b526c76cfd5821ce7a9774bcbb66fd2b1ae4503dc46d2c78166eceed5"
"1.0","euro2024__2024-06-25","euro2024",12,"updating",2024-06-25,2024-06-25,"euro2024__2024-06-24",4,28,"frozen","3ffacdbce540ac3a02d15dea3cd60399b5cbadae0583a391ce10c24962f43b7a"
"1.0","euro2024__2024-06-26","euro2024",13,"updating",2024-06-26,2024-06-26,"euro2024__2024-06-25",4,32,"frozen","7fe82d2ee0a5a4a8e2ea496fe4585b15ebc6ea0d09d03030385096c95eb98ba0"
"1.0","euro2024__2024-06-29","euro2024",14,"updating",2024-06-29,2024-06-29,"euro2024__2024-06-26",2,36,"frozen","fb2236de896ef09bada026ecfd62f7a3d04744d139f4ca6dac519ed96bb6edd3"
"1.0","euro2024__2024-06-30","euro2024",15,"updating",2024-06-30,2024-06-30,"euro2024__2024-06-29",2,38,"frozen","e2ba89800cefb85af16acfdab431c1d47876632bc5f3181759ca372bbd977f4b"
"1.0","euro2024__2024-07-01","euro2024",16,"updating",2024-07-01,2024-07-01,"euro2024__2024-06-30",2,40,"frozen","a615d30cc3112559a1d8165b6b801fdac6384e15d0ad39c3e84207c5354c4759"
"1.0","euro2024__2024-07-02","euro2024",17,"updating",2024-07-02,2024-07-02,"euro2024__2024-07-01",2,42,"frozen","4630ac3044d2c0c160623bb938634def639d21ebb67def384f706478cc8989d9"
"1.0","euro2024__2024-07-05","euro2024",18,"updating",2024-07-05,2024-07-05,"euro2024__2024-07-02",2,44,"frozen","6d0f6cad4fa266c3f238ab8298edb9a268cf70f29fe8211e47b825150f21065a"
"1.0","euro2024__2024-07-06","euro2024",19,"updating",2024-07-06,2024-07-06,"euro2024__2024-07-05",2,46,"frozen","1860bc020f67ffe42ec98a6c33eadbce398c909b0847ee0b20ae7a5bfb388a3e"
"1.0","euro2024__2024-07-09","euro2024",20,"updating",2024-07-09,2024-07-09,"euro2024__2024-07-06",1,48,"frozen","b1c57488e9126d094a0846824da82c5109527f10027494ee35d790364ecf77c1"
"1.0","euro2024__2024-07-10","euro2024",21,"updating",2024-07-10,2024-07-10,"euro2024__2024-07-09",1,49,"frozen","ef8687904ea89e7b3fbe41100296420a91b90d3ffb097014d84ec9b04a8ab008"
"1.0","euro2024__2024-07-14","euro2024",22,"updating",2024-07-14,2024-07-14,"euro2024__2024-07-10",1,50,"frozen","d6fe288685c56515784e8c33ba83bf9aa214caab03c77b32682624ef56246db0"
