"schema_version","candidate_id","family","warmup_rows","scalar_shrinkage","vector_penalty","complexity_rank","candidate_order","family_order","warmup_grid","scalar_shrinkage_grid","vector_penalty_grid","temperature_bounds","vector_slope_bounds","vector_offset_bounds","minimum_class_count","minimum_inner_validation_tournaments","optimizer_method","scalar_transform","vector_transform","vector_penalty_target","tie_break_order","seed_base","seed_algorithm","contract_row_sha256"
"phase14-calibration-remediation-contract-v2","raw_identity","raw_identity",0,,,1,1,"raw_identity|scalar_temperature|vector_scaling","60|128|256|400","0.25|0.50|0.75|1.00","0.001|0.010|0.050|0.100|0.500|1.000|5.000","0.25|4","0.25|4","-2|2",10,2,"stats::optim-L-BFGS-B","exp(shrinkage*bounded_log_temperature)","softmax(slopes*log(raw_probability)+zero_sum_offsets)","sum((slopes-1)^2)+sum(offsets^2)","rps|calibration_error|log_loss|brier|complexity_rank",142100,"seed_base_plus_sha256_first_7_hex_mod_2147483646","7bf5baa27440eaad92ac3bb37cd05032ad6fe36f7a6a7605c77b1267da30e691"
"phase14-calibration-remediation-contract-v2","scalar_w60_s0p25","scalar_temperature",60,0.25,,2,1,"raw_identity|scalar_temperature|vector_scaling","60|128|256|400","0.25|0.50|0.75|1.00","0.001|0.010|0.050|0.100|0.500|1.000|5.000","0.25|4","0.25|4","-2|2",10,2,"stats::optim-L-BFGS-B","exp(shrinkage*bounded_log_temperature)","softmax(slopes*log(raw_probability)+zero_sum_offsets)","sum((slopes-1)^2)+sum(offsets^2)","rps|calibration_error|log_loss|brier|complexity_rank",142100,"seed_base_plus_sha256_first_7_hex_mod_2147483646","5130d9e9ee3a00848b553b5263b7df5e2551edd982161c4ecc657fd48061e318"
"phase14-calibration-remediation-contract-v2","scalar_w60_s0p50","scalar_temperature",60,0.5,,2,2,"raw_identity|scalar_temperature|vector_scaling","60|128|256|400","0.25|0.50|0.75|1.00","0.001|0.010|0.050|0.100|0.500|1.000|5.000","0.25|4","0.25|4","-2|2",10,2,"stats::optim-L-BFGS-B","exp(shrinkage*bounded_log_temperature)","softmax(slopes*log(raw_probability)+zero_sum_offsets)","sum((slopes-1)^2)+sum(offsets^2)","rps|calibration_error|log_loss|brier|complexity_rank",142100,"seed_base_plus_sha256_first_7_hex_mod_2147483646","561d50b069cb7c057f2997b6c10211c0ca20d750f0f421bb989ea2060ab2da18"
"phase14-calibration-remediation-contract-v2","scalar_w60_s0p75","scalar_temperature",60,0.75,,2,3,"raw_identity|scalar_temperature|vector_scaling","60|128|256|400","0.25|0.50|0.75|1.00","0.001|0.010|0.050|0.100|0.500|1.000|5.000","0.25|4","0.25|4","-2|2",10,2,"stats::optim-L-BFGS-B","exp(shrinkage*bounded_log_temperature)","softmax(slopes*log(raw_probability)+zero_sum_offsets)","sum((slopes-1)^2)+sum(offsets^2)","rps|calibration_error|log_loss|brier|complexity_rank",142100,"seed_base_plus_sha256_first_7_hex_mod_2147483646","20ac186cf700da0ae6af10d2954217d82c2ddc67ef82b49e41fa22d5f123d8e7"
"phase14-calibration-remediation-contract-v2","scalar_w60_s1p00","scalar_temperature",60,1,,2,4,"raw_identity|scalar_temperature|vector_scaling","60|128|256|400","0.25|0.50|0.75|1.00","0.001|0.010|0.050|0.100|0.500|1.000|5.000","0.25|4","0.25|4","-2|2",10,2,"stats::optim-L-BFGS-B","exp(shrinkage*bounded_log_temperature)","softmax(slopes*log(raw_probability)+zero_sum_offsets)","sum((slopes-1)^2)+sum(offsets^2)","rps|calibration_error|log_loss|brier|complexity_rank",142100,"seed_base_plus_sha256_first_7_hex_mod_2147483646","e5eb370f64c0ed5e2b6bea030c30f733fdc7403c5ca5a5ea495879ec8cabd00a"
"phase14-calibration-remediation-contract-v2","scalar_w128_s0p25","scalar_temperature",128,0.25,,2,5,"raw_identity|scalar_temperature|vector_scaling","60|128|256|400","0.25|0.50|0.75|1.00","0.001|0.010|0.050|0.100|0.500|1.000|5.000","0.25|4","0.25|4","-2|2",10,2,"stats::optim-L-BFGS-B","exp(shrinkage*bounded_log_temperature)","softmax(slopes*log(raw_probability)+zero_sum_offsets)","sum((slopes-1)^2)+sum(offsets^2)","rps|calibration_error|log_loss|brier|complexity_rank",142100,"seed_base_plus_sha256_first_7_hex_mod_2147483646","1ef76bba7190218122974069d360eddc4e81780f752a4db4a7828c9de86cbeb0"
"phase14-calibration-remediation-contract-v2","scalar_w128_s0p50","scalar_temperature",128,0.5,,2,6,"raw_identity|scalar_temperature|vector_scaling","60|128|256|400","0.25|0.50|0.75|1.00","0.001|0.010|0.050|0.100|0.500|1.000|5.000","0.25|4","0.25|4","-2|2",10,2,"stats::optim-L-BFGS-B","exp(shrinkage*bounded_log_temperature)","softmax(slopes*log(raw_probability)+zero_sum_offsets)","sum((slopes-1)^2)+sum(offsets^2)","rps|calibration_error|log_loss|brier|complexity_rank",142100,"seed_base_plus_sha256_first_7_hex_mod_2147483646","cfa5b274b7cad43f41734ff928c1c5a614836b606189634ba8bdeebe950f8795"
"phase14-calibration-remediation-contract-v2","scalar_w128_s0p75","scalar_temperature",128,0.75,,2,7,"raw_identity|scalar_temperature|vector_scaling","60|128|256|400","0.25|0.50|0.75|1.00","0.001|0.010|0.050|0.100|0.500|1.000|5.000","0.25|4","0.25|4","-2|2",10,2,"stats::optim-L-BFGS-B","exp(shrinkage*bounded_log_temperature)","softmax(slopes*log(raw_probability)+zero_sum_offsets)","sum((slopes-1)^2)+sum(offsets^2)","rps|calibration_error|log_loss|brier|complexity_rank",142100,"seed_base_plus_sha256_first_7_hex_mod_2147483646","a9f7d823a4723b0eddbe82a0de372958c9ed362432755a5a3faf7b701c49e070"
"phase14-calibration-remediation-contract-v2","scalar_w128_s1p00","scalar_temperature",128,1,,2,8,"raw_identity|scalar_temperature|vector_scaling","60|128|256|400","0.25|0.50|0.75|1.00","0.001|0.010|0.050|0.100|0.500|1.000|5.000","0.25|4","0.25|4","-2|2",10,2,"stats::optim-L-BFGS-B","exp(shrinkage*bounded_log_temperature)","softmax(slopes*log(raw_probability)+zero_sum_offsets)","sum((slopes-1)^2)+sum(offsets^2)","rps|calibration_error|log_loss|brier|complexity_rank",142100,"seed_base_plus_sha256_first_7_hex_mod_2147483646","2b64d113f3520b00705cc456a5247146882adae7157b312e0dfb024d5155589e"
"phase14-calibration-remediation-contract-v2","scalar_w256_s0p25","scalar_temperature",256,0.25,,2,9,"raw_identity|scalar_temperature|vector_scaling","60|128|256|400","0.25|0.50|0.75|1.00","0.001|0.010|0.050|0.100|0.500|1.000|5.000","0.25|4","0.25|4","-2|2",10,2,"stats::optim-L-BFGS-B","exp(shrinkage*bounded_log_temperature)","softmax(slopes*log(raw_probability)+zero_sum_offsets)","sum((slopes-1)^2)+sum(offsets^2)","rps|calibration_error|log_loss|brier|complexity_rank",142100,"seed_base_plus_sha256_first_7_hex_mod_2147483646","1f70164d10e16bfbaa4d463403fe4d9a08383f2caaf3a62b09f68ccad1e0de13"
"phase14-calibration-remediation-contract-v2","scalar_w256_s0p50","scalar_temperature",256,0.5,,2,10,"raw_identity|scalar_temperature|vector_scaling","60|128|256|400","0.25|0.50|0.75|1.00","0.001|0.010|0.050|0.100|0.500|1.000|5.000","0.25|4","0.25|4","-2|2",10,2,"stats::optim-L-BFGS-B","exp(shrinkage*bounded_log_temperature)","softmax(slopes*log(raw_probability)+zero_sum_offsets)","sum((slopes-1)^2)+sum(offsets^2)","rps|calibration_error|log_loss|brier|complexity_rank",142100,"seed_base_plus_sha256_first_7_hex_mod_2147483646","8bf8964ace27547c759526d33dc08311fe12488486c76cbf33364d8018b965db"
"phase14-calibration-remediation-contract-v2","scalar_w256_s0p75","scalar_temperature",256,0.75,,2,11,"raw_identity|scalar_temperature|vector_scaling","60|128|256|400","0.25|0.50|0.75|1.00","0.001|0.010|0.050|0.100|0.500|1.000|5.000","0.25|4","0.25|4","-2|2",10,2,"stats::optim-L-BFGS-B","exp(shrinkage*bounded_log_temperature)","softmax(slopes*log(raw_probability)+zero_sum_offsets)","sum((slopes-1)^2)+sum(offsets^2)","rps|calibration_error|log_loss|brier|complexity_rank",142100,"seed_base_plus_sha256_first_7_hex_mod_2147483646","eb4186275c5646cd07c71b100fd98b685cba1d501de58eee24593bd2abe0a3a1"
"phase14-calibration-remediation-contract-v2","scalar_w256_s1p00","scalar_temperature",256,1,,2,12,"raw_identity|scalar_temperature|vector_scaling","60|128|256|400","0.25|0.50|0.75|1.00","0.001|0.010|0.050|0.100|0.500|1.000|5.000","0.25|4","0.25|4","-2|2",10,2,"stats::optim-L-BFGS-B","exp(shrinkage*bounded_log_temperature)","softmax(slopes*log(raw_probability)+zero_sum_offsets)","sum((slopes-1)^2)+sum(offsets^2)","rps|calibration_error|log_loss|brier|complexity_rank",142100,"seed_base_plus_sha256_first_7_hex_mod_2147483646","9ca161039f65a5799d3cf8ea347ba7a9ddac1f8be60e9abc9e0b986787c094b8"
"phase14-calibration-remediation-contract-v2","scalar_w400_s0p25","scalar_temperature",400,0.25,,2,13,"raw_identity|scalar_temperature|vector_scaling","60|128|256|400","0.25|0.50|0.75|1.00","0.001|0.010|0.050|0.100|0.500|1.000|5.000","0.25|4","0.25|4","-2|2",10,2,"stats::optim-L-BFGS-B","exp(shrinkage*bounded_log_temperature)","softmax(slopes*log(raw_probability)+zero_sum_offsets)","sum((slopes-1)^2)+sum(offsets^2)","rps|calibration_error|log_loss|brier|complexity_rank",142100,"seed_base_plus_sha256_first_7_hex_mod_2147483646","5ed2f50588565b29dc975fa388522011004798022168e2ebe05cbc324093cdc2"
"phase14-calibration-remediation-contract-v2","scalar_w400_s0p50","scalar_temperature",400,0.5,,2,14,"raw_identity|scalar_temperature|vector_scaling","60|128|256|400","0.25|0.50|0.75|1.00","0.001|0.010|0.050|0.100|0.500|1.000|5.000","0.25|4","0.25|4","-2|2",10,2,"stats::optim-L-BFGS-B","exp(shrinkage*bounded_log_temperature)","softmax(slopes*log(raw_probability)+zero_sum_offsets)","sum((slopes-1)^2)+sum(offsets^2)","rps|calibration_error|log_loss|brier|complexity_rank",142100,"seed_base_plus_sha256_first_7_hex_mod_2147483646","76364404957c2663c1b28bb16e3db302dfd2fba4305eeab380e16ec6ae86687b"
"phase14-calibration-remediation-contract-v2","scalar_w400_s0p75","scalar_temperature",400,0.75,,2,15,"raw_identity|scalar_temperature|vector_scaling","60|128|256|400","0.25|0.50|0.75|1.00","0.001|0.010|0.050|0.100|0.500|1.000|5.000","0.25|4","0.25|4","-2|2",10,2,"stats::optim-L-BFGS-B","exp(shrinkage*bounded_log_temperature)","softmax(slopes*log(raw_probability)+zero_sum_offsets)","sum((slopes-1)^2)+sum(offsets^2)","rps|calibration_error|log_loss|brier|complexity_rank",142100,"seed_base_plus_sha256_first_7_hex_mod_2147483646","e51c965c0d887249a5b1004d8244a0dbaa4e9542f555ecf584442852b59d56e7"
"phase14-calibration-remediation-contract-v2","scalar_w400_s1p00","scalar_temperature",400,1,,2,16,"raw_identity|scalar_temperature|vector_scaling","60|128|256|400","0.25|0.50|0.75|1.00","0.001|0.010|0.050|0.100|0.500|1.000|5.000","0.25|4","0.25|4","-2|2",10,2,"stats::optim-L-BFGS-B","exp(shrinkage*bounded_log_temperature)","softmax(slopes*log(raw_probability)+zero_sum_offsets)","sum((slopes-1)^2)+sum(offsets^2)","rps|calibration_error|log_loss|brier|complexity_rank",142100,"seed_base_plus_sha256_first_7_hex_mod_2147483646","7f6f65493ffed8630bfde335725af69a651cc4efe22df1c3f8842bfc06a236b0"
"phase14-calibration-remediation-contract-v2","vector_w60_p0p001","vector_scaling",60,,0.001,3,1,"raw_identity|scalar_temperature|vector_scaling","60|128|256|400","0.25|0.50|0.75|1.00","0.001|0.010|0.050|0.100|0.500|1.000|5.000","0.25|4","0.25|4","-2|2",10,2,"stats::optim-L-BFGS-B","exp(shrinkage*bounded_log_temperature)","softmax(slopes*log(raw_probability)+zero_sum_offsets)","sum((slopes-1)^2)+sum(offsets^2)","rps|calibration_error|log_loss|brier|complexity_rank",142100,"seed_base_plus_sha256_first_7_hex_mod_2147483646","6e4ba029e3bc73ebdfca7a99fbeca010d9d5557a0d4d0af49b2bb9e44944e29c"
"phase14-calibration-remediation-contract-v2","vector_w60_p0p010","vector_scaling",60,,0.01,3,2,"raw_identity|scalar_temperature|vector_scaling","60|128|256|400","0.25|0.50|0.75|1.00","0.001|0.010|0.050|0.100|0.500|1.000|5.000","0.25|4","0.25|4","-2|2",10,2,"stats::optim-L-BFGS-B","exp(shrinkage*bounded_log_temperature)","softmax(slopes*log(raw_probability)+zero_sum_offsets)","sum((slopes-1)^2)+sum(offsets^2)","rps|calibration_error|log_loss|brier|complexity_rank",142100,"seed_base_plus_sha256_first_7_hex_mod_2147483646","f2a60f6f95e65db70098a1d79754db934da8f67f79cc6f923e7e5270d0913ca8"
"phase14-calibration-remediation-contract-v2","vector_w60_p0p050","vector_scaling",60,,0.05,3,3,"raw_identity|scalar_temperature|vector_scaling","60|128|256|400","0.25|0.50|0.75|1.00","0.001|0.010|0.050|0.100|0.500|1.000|5.000","0.25|4","0.25|4","-2|2",10,2,"stats::optim-L-BFGS-B","exp(shrinkage*bounded_log_temperature)","softmax(slopes*log(raw_probability)+zero_sum_offsets)","sum((slopes-1)^2)+sum(offsets^2)","rps|calibration_error|log_loss|brier|complexity_rank",142100,"seed_base_plus_sha256_first_7_hex_mod_2147483646","bc3002f838d243b1322576ac0c7fa6d5a3d50ee10c1bde1311b9d5a65bc369d8"
"phase14-calibration-remediation-contract-v2","vector_w60_p0p100","vector_scaling",60,,0.1,3,4,"raw_identity|scalar_temperature|vector_scaling","60|128|256|400","0.25|0.50|0.75|1.00","0.001|0.010|0.050|0.100|0.500|1.000|5.000","0.25|4","0.25|4","-2|2",10,2,"stats::optim-L-BFGS-B","exp(shrinkage*bounded_log_temperature)","softmax(slopes*log(raw_probability)+zero_sum_offsets)","sum((slopes-1)^2)+sum(offsets^2)","rps|calibration_error|log_loss|brier|complexity_rank",142100,"seed_base_plus_sha256_first_7_hex_mod_2147483646","5901a3694a902a6a215bfe26a4c206ea99c459ce8910e26047b78165d68bb647"
"phase14-calibration-remediation-contract-v2","vector_w60_p0p500","vector_scaling",60,,0.5,3,5,"raw_identity|scalar_temperature|vector_scaling","60|128|256|400","0.25|0.50|0.75|1.00","0.001|0.010|0.050|0.100|0.500|1.000|5.000","0.25|4","0.25|4","-2|2",10,2,"stats::optim-L-BFGS-B","exp(shrinkage*bounded_log_temperature)","softmax(slopes*log(raw_probability)+zero_sum_offsets)","sum((slopes-1)^2)+sum(offsets^2)","rps|calibration_error|log_loss|brier|complexity_rank",142100,"seed_base_plus_sha256_first_7_hex_mod_2147483646","6041fc68a917930f55d0b4554ca90595f3342f13ca99f90c34bb9b96d1089877"
"phase14-calibration-remediation-contract-v2","vector_w60_p1p000","vector_scaling",60,,1,3,6,"raw_identity|scalar_temperature|vector_scaling","60|128|256|400","0.25|0.50|0.75|1.00","0.001|0.010|0.050|0.100|0.500|1.000|5.000","0.25|4","0.25|4","-2|2",10,2,"stats::optim-L-BFGS-B","exp(shrinkage*bounded_log_temperature)","softmax(slopes*log(raw_probability)+zero_sum_offsets)","sum((slopes-1)^2)+sum(offsets^2)","rps|calibration_error|log_loss|brier|complexity_rank",142100,"seed_base_plus_sha256_first_7_hex_mod_2147483646","d28e1e44b30d11e7dddd8cc63e7c3f7797fd0f81da856896f93c4fe51cfedeb2"
"phase14-calibration-remediation-contract-v2","vector_w60_p5p000","vector_scaling",60,,5,3,7,"raw_identity|scalar_temperature|vector_scaling","60|128|256|400","0.25|0.50|0.75|1.00","0.001|0.010|0.050|0.100|0.500|1.000|5.000","0.25|4","0.25|4","-2|2",10,2,"stats::optim-L-BFGS-B","exp(shrinkage*bounded_log_temperature)","softmax(slopes*log(raw_probability)+zero_sum_offsets)","sum((slopes-1)^2)+sum(offsets^2)","rps|calibration_error|log_loss|brier|complexity_rank",142100,"seed_base_plus_sha256_first_7_hex_mod_2147483646","178d2726fcfe4acda68128a826583c3b773a1a439b162034c0ae10be2a59c625"
"phase14-calibration-remediation-contract-v2","vector_w128_p0p001","vector_scaling",128,,0.001,3,8,"raw_identity|scalar_temperature|vector_scaling","60|128|256|400","0.25|0.50|0.75|1.00","0.001|0.010|0.050|0.100|0.500|1.000|5.000","0.25|4","0.25|4","-2|2",10,2,"stats::optim-L-BFGS-B","exp(shrinkage*bounded_log_temperature)","softmax(slopes*log(raw_probability)+zero_sum_offsets)","sum((slopes-1)^2)+sum(offsets^2)","rps|calibration_error|log_loss|brier|complexity_rank",142100,"seed_base_plus_sha256_first_7_hex_mod_2147483646","d808f9295740466f861eaa7c18ed87c5cc02bfda18d821f52038a7df8861589a"
"phase14-calibration-remediation-contract-v2","vector_w128_p0p010","vector_scaling",128,,0.01,3,9,"raw_identity|scalar_temperature|vector_scaling","60|128|256|400","0.25|0.50|0.75|1.00","0.001|0.010|0.050|0.100|0.500|1.000|5.000","0.25|4","0.25|4","-2|2",10,2,"stats::optim-L-BFGS-B","exp(shrinkage*bounded_log_temperature)","softmax(slopes*log(raw_probability)+zero_sum_offsets)","sum((slopes-1)^2)+sum(offsets^2)","rps|calibration_error|log_loss|brier|complexity_rank",142100,"seed_base_plus_sha256_first_7_hex_mod_2147483646","3987c133745af2601c2610656bd98b17f74a29c3dc1d17cf9ed6f562e8ee15c9"
"phase14-calibration-remediation-contract-v2","vector_w128_p0p050","vector_scaling",128,,0.05,3,10,"raw_identity|scalar_temperature|vector_scaling","60|128|256|400","0.25|0.50|0.75|1.00","0.001|0.010|0.050|0.100|0.500|1.000|5.000","0.25|4","0.25|4","-2|2",10,2,"stats::optim-L-BFGS-B","exp(shrinkage*bounded_log_temperature)","softmax(slopes*log(raw_probability)+zero_sum_offsets)","sum((slopes-1)^2)+sum(offsets^2)","rps|calibration_error|log_loss|brier|complexity_rank",142100,"seed_base_plus_sha256_first_7_hex_mod_2147483646","cb28f37954864b67379f19aeafcd6b96e29e3491b37e61b796e2ad5c11b684d5"
"phase14-calibration-remediation-contract-v2","vector_w128_p0p100","vector_scaling",128,,0.1,3,11,"raw_identity|scalar_temperature|vector_scaling","60|128|256|400","0.25|0.50|0.75|1.00","0.001|0.010|0.050|0.100|0.500|1.000|5.000","0.25|4","0.25|4","-2|2",10,2,"stats::optim-L-BFGS-B","exp(shrinkage*bounded_log_temperature)","softmax(slopes*log(raw_probability)+zero_sum_offsets)","sum((slopes-1)^2)+sum(offsets^2)","rps|calibration_error|log_loss|brier|complexity_rank",142100,"seed_base_plus_sha256_first_7_hex_mod_2147483646","2c0898c766cce3ff8a9f5d3c5a67cc78737981e5d1677b0cb576a3a806decd1a"
"phase14-calibration-remediation-contract-v2","vector_w128_p0p500","vector_scaling",128,,0.5,3,12,"raw_identity|scalar_temperature|vector_scaling","60|128|256|400","0.25|0.50|0.75|1.00","0.001|0.010|0.050|0.100|0.500|1.000|5.000","0.25|4","0.25|4","-2|2",10,2,"stats::optim-L-BFGS-B","exp(shrinkage*bounded_log_temperature)","softmax(slopes*log(raw_probability)+zero_sum_offsets)","sum((slopes-1)^2)+sum(offsets^2)","rps|calibration_error|log_loss|brier|complexity_rank",142100,"seed_base_plus_sha256_first_7_hex_mod_2147483646","b91af1904bd62705a6a1a52a96090d36476031833bf3379467f2b05a51792237"
"phase14-calibration-remediation-contract-v2","vector_w128_p1p000","vector_scaling",128,,1,3,13,"raw_identity|scalar_temperature|vector_scaling","60|128|256|400","0.25|0.50|0.75|1.00","0.001|0.010|0.050|0.100|0.500|1.000|5.000","0.25|4","0.25|4","-2|2",10,2,"stats::optim-L-BFGS-B","exp(shrinkage*bounded_log_temperature)","softmax(slopes*log(raw_probability)+zero_sum_offsets)","sum((slopes-1)^2)+sum(offsets^2)","rps|calibration_error|log_loss|brier|complexity_rank",142100,"seed_base_plus_sha256_first_7_hex_mod_2147483646","d7ea2cad6e320ce6b380735e8d30f3e837355f2084daa3a59e9487d1b4a136ad"
"phase14-calibration-remediation-contract-v2","vector_w128_p5p000","vector_scaling",128,,5,3,14,"raw_identity|scalar_temperature|vector_scaling","60|128|256|400","0.25|0.50|0.75|1.00","0.001|0.010|0.050|0.100|0.500|1.000|5.000","0.25|4","0.25|4","-2|2",10,2,"stats::optim-L-BFGS-B","exp(shrinkage*bounded_log_temperature)","softmax(slopes*log(raw_probability)+zero_sum_offsets)","sum((slopes-1)^2)+sum(offsets^2)","rps|calibration_error|log_loss|brier|complexity_rank",142100,"seed_base_plus_sha256_first_7_hex_mod_2147483646","06b1d295872708972d381b5ede40eeb2a53ae704a2059b09f388e78a723be423"
"phase14-calibration-remediation-contract-v2","vector_w256_p0p001","vector_scaling",256,,0.001,3,15,"raw_identity|scalar_temperature|vector_scaling","60|128|256|400","0.25|0.50|0.75|1.00","0.001|0.010|0.050|0.100|0.500|1.000|5.000","0.25|4","0.25|4","-2|2",10,2,"stats::optim-L-BFGS-B","exp(shrinkage*bounded_log_temperature)","softmax(slopes*log(raw_probability)+zero_sum_offsets)","sum((slopes-1)^2)+sum(offsets^2)","rps|calibration_error|log_loss|brier|complexity_rank",142100,"seed_base_plus_sha256_first_7_hex_mod_2147483646","fd194bfb227a302f2f2d25dd75dfd14bab0998a70ae6678efe62a73c37bdc055"
"phase14-calibration-remediation-contract-v2","vector_w256_p0p010","vector_scaling",256,,0.01,3,16,"raw_identity|scalar_temperature|vector_scaling","60|128|256|400","0.25|0.50|0.75|1.00","0.001|0.010|0.050|0.100|0.500|1.000|5.000","0.25|4","0.25|4","-2|2",10,2,"stats::optim-L-BFGS-B","exp(shrinkage*bounded_log_temperature)","softmax(slopes*log(raw_probability)+zero_sum_offsets)","sum((slopes-1)^2)+sum(offsets^2)","rps|calibration_error|log_loss|brier|complexity_rank",142100,"seed_base_plus_sha256_first_7_hex_mod_2147483646","4d77cbae92f717c827c2e9a6495532bcd9c2819e35ff2a948c68aa351d2d8ef9"
"phase14-calibration-remediation-contract-v2","vector_w256_p0p050","vector_scaling",256,,0.05,3,17,"raw_identity|scalar_temperature|vector_scaling","60|128|256|400","0.25|0.50|0.75|1.00","0.001|0.010|0.050|0.100|0.500|1.000|5.000","0.25|4","0.25|4","-2|2",10,2,"stats::optim-L-BFGS-B","exp(shrinkage*bounded_log_temperature)","softmax(slopes*log(raw_probability)+zero_sum_offsets)","sum((slopes-1)^2)+sum(offsets^2)","rps|calibration_error|log_loss|brier|complexity_rank",142100,"seed_base_plus_sha256_first_7_hex_mod_2147483646","b34c9690edd9fb0f9ad25a82b8631d15117149ea3062d87ee3e02197f3c3a46e"
"phase14-calibration-remediation-contract-v2","vector_w256_p0p100","vector_scaling",256,,0.1,3,18,"raw_identity|scalar_temperature|vector_scaling","60|128|256|400","0.25|0.50|0.75|1.00","0.001|0.010|0.050|0.100|0.500|1.000|5.000","0.25|4","0.25|4","-2|2",10,2,"stats::optim-L-BFGS-B","exp(shrinkage*bounded_log_temperature)","softmax(slopes*log(raw_probability)+zero_sum_offsets)","sum((slopes-1)^2)+sum(offsets^2)","rps|calibration_error|log_loss|brier|complexity_rank",142100,"seed_base_plus_sha256_first_7_hex_mod_2147483646","1833058cb9f8c77a9adde89141f24cc95292b855cffad479c419949216fadb97"
"phase14-calibration-remediation-contract-v2","vector_w256_p0p500","vector_scaling",256,,0.5,3,19,"raw_identity|scalar_temperature|vector_scaling","60|128|256|400","0.25|0.50|0.75|1.00","0.001|0.010|0.050|0.100|0.500|1.000|5.000","0.25|4","0.25|4","-2|2",10,2,"stats::optim-L-BFGS-B","exp(shrinkage*bounded_log_temperature)","softmax(slopes*log(raw_probability)+zero_sum_offsets)","sum((slopes-1)^2)+sum(offsets^2)","rps|calibration_error|log_loss|brier|complexity_rank",142100,"seed_base_plus_sha256_first_7_hex_mod_2147483646","f5cc64cfcbaf4fe2daaa1296e5a097b752b75c95d0ce7e029bf6efc1896b0261"
"phase14-calibration-remediation-contract-v2","vector_w256_p1p000","vector_scaling",256,,1,3,20,"raw_identity|scalar_temperature|vector_scaling","60|128|256|400","0.25|0.50|0.75|1.00","0.001|0.010|0.050|0.100|0.500|1.000|5.000","0.25|4","0.25|4","-2|2",10,2,"stats::optim-L-BFGS-B","exp(shrinkage*bounded_log_temperature)","softmax(slopes*log(raw_probability)+zero_sum_offsets)","sum((slopes-1)^2)+sum(offsets^2)","rps|calibration_error|log_loss|brier|complexity_rank",142100,"seed_base_plus_sha256_first_7_hex_mod_2147483646","c7f8b2c6d8192fffb76986fa01be6dc9ff1ff898e4e815b4f2bb7ea9475ec09b"
"phase14-calibration-remediation-contract-v2","vector_w256_p5p000","vector_scaling",256,,5,3,21,"raw_identity|scalar_temperature|vector_scaling","60|128|256|400","0.25|0.50|0.75|1.00","0.001|0.010|0.050|0.100|0.500|1.000|5.000","0.25|4","0.25|4","-2|2",10,2,"stats::optim-L-BFGS-B","exp(shrinkage*bounded_log_temperature)","softmax(slopes*log(raw_probability)+zero_sum_offsets)","sum((slopes-1)^2)+sum(offsets^2)","rps|calibration_error|log_loss|brier|complexity_rank",142100,"seed_base_plus_sha256_first_7_hex_mod_2147483646","3306797b5d342b99269fdd7ae06af608a381c0664ba0f7fe8f02e957ef0faa3c"
"phase14-calibration-remediation-contract-v2","vector_w400_p0p001","vector_scaling",400,,0.001,3,22,"raw_identity|scalar_temperature|vector_scaling","60|128|256|400","0.25|0.50|0.75|1.00","0.001|0.010|0.050|0.100|0.500|1.000|5.000","0.25|4","0.25|4","-2|2",10,2,"stats::optim-L-BFGS-B","exp(shrinkage*bounded_log_temperature)","softmax(slopes*log(raw_probability)+zero_sum_offsets)","sum((slopes-1)^2)+sum(offsets^2)","rps|calibration_error|log_loss|brier|complexity_rank",142100,"seed_base_plus_sha256_first_7_hex_mod_2147483646","1002194678b34e1446d76e60360994e689f843d7033431a210b014220c94630e"
"phase14-calibration-remediation-contract-v2","vector_w400_p0p010","vector_scaling",400,,0.01,3,23,"raw_identity|scalar_temperature|vector_scaling","60|128|256|400","0.25|0.50|0.75|1.00","0.001|0.010|0.050|0.100|0.500|1.000|5.000","0.25|4","0.25|4","-2|2",10,2,"stats::optim-L-BFGS-B","exp(shrinkage*bounded_log_temperature)","softmax(slopes*log(raw_probability)+zero_sum_offsets)","sum((slopes-1)^2)+sum(offsets^2)","rps|calibration_error|log_loss|brier|complexity_rank",142100,"seed_base_plus_sha256_first_7_hex_mod_2147483646","77c3864bcd9537a2fa076bb4e73574efe5ff84fb7e84503d3224cfa1479dc133"
"phase14-calibration-remediation-contract-v2","vector_w400_p0p050","vector_scaling",400,,0.05,3,24,"raw_identity|scalar_temperature|vector_scaling","60|128|256|400","0.25|0.50|0.75|1.00","0.001|0.010|0.050|0.100|0.500|1.000|5.000","0.25|4","0.25|4","-2|2",10,2,"stats::optim-L-BFGS-B","exp(shrinkage*bounded_log_temperature)","softmax(slopes*log(raw_probability)+zero_sum_offsets)","sum((slopes-1)^2)+sum(offsets^2)","rps|calibration_error|log_loss|brier|complexity_rank",142100,"seed_base_plus_sha256_first_7_hex_mod_2147483646","d7de3acbe71922ca0f3c88c889e565a57f308919578c05b69e47cb7732ee2eea"
"phase14-calibration-remediation-contract-v2","vector_w400_p0p100","vector_scaling",400,,0.1,3,25,"raw_identity|scalar_temperature|vector_scaling","60|128|256|400","0.25|0.50|0.75|1.00","0.001|0.010|0.050|0.100|0.500|1.000|5.000","0.25|4","0.25|4","-2|2",10,2,"stats::optim-L-BFGS-B","exp(shrinkage*bounded_log_temperature)","softmax(slopes*log(raw_probability)+zero_sum_offsets)","sum((slopes-1)^2)+sum(offsets^2)","rps|calibration_error|log_loss|brier|complexity_rank",142100,"seed_base_plus_sha256_first_7_hex_mod_2147483646","a85f5bb9cf9c6c5238e9aa1d4fe39738e5cb766a064a896040896dc2ffedbd2d"
"phase14-calibration-remediation-contract-v2","vector_w400_p0p500","vector_scaling",400,,0.5,3,26,"raw_identity|scalar_temperature|vector_scaling","60|128|256|400","0.25|0.50|0.75|1.00","0.001|0.010|0.050|0.100|0.500|1.000|5.000","0.25|4","0.25|4","-2|2",10,2,"stats::optim-L-BFGS-B","exp(shrinkage*bounded_log_temperature)","softmax(slopes*log(raw_probability)+zero_sum_offsets)","sum((slopes-1)^2)+sum(offsets^2)","rps|calibration_error|log_loss|brier|complexity_rank",142100,"seed_base_plus_sha256_first_7_hex_mod_2147483646","4e3b65ec5154185e1c24416a9a8d9448fe001aaaf1ce01bcee5de62ce8fee009"
"phase14-calibration-remediation-contract-v2","vector_w400_p1p000","vector_scaling",400,,1,3,27,"raw_identity|scalar_temperature|vector_scaling","60|128|256|400","0.25|0.50|0.75|1.00","0.001|0.010|0.050|0.100|0.500|1.000|5.000","0.25|4","0.25|4","-2|2",10,2,"stats::optim-L-BFGS-B","exp(shrinkage*bounded_log_temperature)","softmax(slopes*log(raw_probability)+zero_sum_offsets)","sum((slopes-1)^2)+sum(offsets^2)","rps|calibration_error|log_loss|brier|complexity_rank",142100,"seed_base_plus_sha256_first_7_hex_mod_2147483646","9eba2a92cbc30345ae476e195179bc4efb8da7076efb5bb75e087b3f82b05c88"
"phase14-calibration-remediation-contract-v2","vector_w400_p5p000","vector_scaling",400,,5,3,28,"raw_identity|scalar_temperature|vector_scaling","60|128|256|400","0.25|0.50|0.75|1.00","0.001|0.010|0.050|0.100|0.500|1.000|5.000","0.25|4","0.25|4","-2|2",10,2,"stats::optim-L-BFGS-B","exp(shrinkage*bounded_log_temperature)","softmax(slopes*log(raw_probability)+zero_sum_offsets)","sum((slopes-1)^2)+sum(offsets^2)","rps|calibration_error|log_loss|brier|complexity_rank",142100,"seed_base_plus_sha256_first_7_hex_mod_2147483646","193a91fc490f581064ae2ae48fc7b2d6d148041052c5f678039b39c52a2f58d6"
