"schema_version","relation_order","outer_edition_id","outer_opener_date","inner_edition_id","inner_opener_date","inner_final_date","inner_source","inner_fixture_count","eligible_match_ids_sha256","objective_track","relation_sha256"
"1.0","1","wc2002","2002-05-31","wc1994","1994-06-17","1994-07-17","pre2002_diagnostic","52","e17b0fc45eb92ae9de4c1e2c7c5f7efdfe60edc50a2f1895f2441d924952b32d","updating","f034f0a4212ad303c87d48ae8aa6d3da2f4d5ff6655f761bc1d7c34fe715c02f"
"1.0","2","wc2002","2002-05-31","euro1996","1996-06-08","1996-06-30","pre2002_diagnostic","31","f8a520d20b6807a1d8b437c4432c2ee2811e2aa7f69bb6d17b616ccb1d844e09","updating","b2925ed1d77938531e78af8bdc2967eb15d531715db427a46e34d39db465f97b"
"1.0","3","wc2002","2002-05-31","wc1998","1998-06-10","1998-07-12","pre2002_diagnostic","64","0bb1fe2110f0a675064fd08ba409fbd57b160ced679500c06ac330c3060d65f1","updating","ec1283de2ad54d90845d66790ee5b68ff062822f1d825196eba69115bccda171"
"1.0","4","wc2002","2002-05-31","euro2000","2000-06-10","2000-07-02","pre2002_diagnostic","31","c703b23475286f84213538395d1fe4f2fb50ac3f2026f5cffa030663295caf80","updating","1949b6848f5d4704759fa37a75621bdd3fc2ae1eb64b95a19158c16e85486dde"
"1.0","5","euro2004","2004-06-12","wc1994","1994-06-17","1994-07-17","pre2002_diagnostic","52","e17b0fc45eb92ae9de4c1e2c7c5f7efdfe60edc50a2f1895f2441d924952b32d","updating","b6e0ef6e7f2add7ba2f78655af3e561392d0f28e55a5bb3700e8545391a631a2"
"1.0","6","euro2004","2004-06-12","euro1996","1996-06-08","1996-06-30","pre2002_diagnostic","31","f8a520d20b6807a1d8b437c4432c2ee2811e2aa7f69bb6d17b616ccb1d844e09","updating","704fcd67df760aaacd522adbd3a51d37fd25dc4703b574cc12f313c09f0751f0"
"1.0","7","euro2004","2004-06-12","wc1998","1998-06-10","1998-07-12","pre2002_diagnostic","64","0bb1fe2110f0a675064fd08ba409fbd57b160ced679500c06ac330c3060d65f1","updating","21d68023609a02d69e083052b069f1f600fa3c051c05b2ab4ac39f38526cc839"
"1.0","8","euro2004","2004-06-12","euro2000","2000-06-10","2000-07-02","pre2002_diagnostic","31","c703b23475286f84213538395d1fe4f2fb50ac3f2026f5cffa030663295caf80","updating","05846bcbbf65f36032ab3f0c9ebc00adedf117dfdee1ea3638b5ef09cda8a3a0"
"1.0","9","euro2004","2004-06-12","wc2002","2002-05-31","2002-06-30","phase09_assessment","64","665143c0b8f96b006ac3e2e06d9f00989ef6ca7f496cab34629583f8dafdeda2","updating","03344f8099c1223641a9675d8b40478e7b252efe07fe05a55300b5a43a054087"
"1.0","10","wc2006","2006-06-09","wc1994","1994-06-17","1994-07-17","pre2002_diagnostic","52","e17b0fc45eb92ae9de4c1e2c7c5f7efdfe60edc50a2f1895f2441d924952b32d","updating","0428dfd05afcf5fb82541da6e29c08ebf02bf75ba8fff9110d4401b569202b65"
"1.0","11","wc2006","2006-06-09","euro1996","1996-06-08","1996-06-30","pre2002_diagnostic","31","f8a520d20b6807a1d8b437c4432c2ee2811e2aa7f69bb6d17b616ccb1d844e09","updating","e7d32f80ceb552822626bfbf6aed4b6a74aa8af375db3c6007d400d0dc73b4ae"
"1.0","12","wc2006","2006-06-09","wc1998","1998-06-10","1998-07-12","pre2002_diagnostic","64","0bb1fe2110f0a675064fd08ba409fbd57b160ced679500c06ac330c3060d65f1","updating","b2d35981bcd1887b5c261f8950af9db743ca27fda50edc376c09f712e446cd60"
"1.0","13","wc2006","2006-06-09","euro2000","2000-06-10","2000-07-02","pre2002_diagnostic","31","c703b23475286f84213538395d1fe4f2fb50ac3f2026f5cffa030663295caf80","updating","1c23d79fa2bab73011c134492ac7639b3d20ecafa0f934cdacdd35c3e8e6bce1"
"1.0","14","wc2006","2006-06-09","wc2002","2002-05-31","2002-06-30","phase09_assessment","64","665143c0b8f96b006ac3e2e06d9f00989ef6ca7f496cab34629583f8dafdeda2","updating","828ad2b9214ed427771f41ed8d5c244f4639d1457ecfd7342a0cbb240b7f8e87"
"1.0","15","wc2006","2006-06-09","euro2004","2004-06-12","2004-07-04","phase09_assessment","31","68a56a509c75f09610c8dcde267ce4b91debdc9604f8e0c57bbb7fa62e91e9a4","updating","e3516ecd0ec2fdf91b234f19a354425fe3ce228f5ab0cb3efd667e7061a315ed"
"1.0","16","euro2008","2008-06-07","wc1994","1994-06-17","1994-07-17","pre2002_diagnostic","52","e17b0fc45eb92ae9de4c1e2c7c5f7efdfe60edc50a2f1895f2441d924952b32d","updating","39e575675f49d5060ae7c3e46c166d56820a3ecd4dd47d29ca50b4d857378fd0"
"1.0","17","euro2008","2008-06-07","euro1996","1996-06-08","1996-06-30","pre2002_diagnostic","31","f8a520d20b6807a1d8b437c4432c2ee2811e2aa7f69bb6d17b616ccb1d844e09","updating","a8def340deb63f6a417a07c41b0ac154aeb49efbff3444443c79e07323b49596"
"1.0","18","euro2008","2008-06-07","wc1998","1998-06-10","1998-07-12","pre2002_diagnostic","64","0bb1fe2110f0a675064fd08ba409fbd57b160ced679500c06ac330c3060d65f1","updating","85704e700e2b9730af5553c94b20c657114c38a65bfe1fa78500cfbd42ddb8d1"
"1.0","19","euro2008","2008-06-07","euro2000","2000-06-10","2000-07-02","pre2002_diagnostic","31","c703b23475286f84213538395d1fe4f2fb50ac3f2026f5cffa030663295caf80","updating","92768ade787919b811666514bb6ffbcd7a65296c17fef45705de77d0b72c5bdd"
"1.0","20","euro2008","2008-06-07","wc2002","2002-05-31","2002-06-30","phase09_assessment","64","665143c0b8f96b006ac3e2e06d9f00989ef6ca7f496cab34629583f8dafdeda2","updating","aa705293debaf511d7a7423b73a8edc78d067979182ec672d6a605278a0f16db"
"1.0","21","euro2008","2008-06-07","euro2004","2004-06-12","2004-07-04","phase09_assessment","31","68a56a509c75f09610c8dcde267ce4b91debdc9604f8e0c57bbb7fa62e91e9a4","updating","a760cfd3c46bd6ac8bfd20aa16f7e1b2813676489f049fa653246541bed10c89"
"1.0","22","euro2008","2008-06-07","wc2006","2006-06-09","2006-07-09","phase09_assessment","64","a5b399fe27bc46188d16071f18b6f39272b38db9cccc0295874bd5f1c1a42e09","updating","cfd4fb47a9ee99edde45bec63b7c17fe61afec08dc9879e4f9727430bc05cdb9"
"1.0","23","wc2010","2010-06-11","wc1994","1994-06-17","1994-07-17","pre2002_diagnostic","52","e17b0fc45eb92ae9de4c1e2c7c5f7efdfe60edc50a2f1895f2441d924952b32d","updating","e5f996e7fa890fda2942ac06d3dab0cd967a44f1fd2746677a53e488bc0370a6"
"1.0","24","wc2010","2010-06-11","euro1996","1996-06-08","1996-06-30","pre2002_diagnostic","31","f8a520d20b6807a1d8b437c4432c2ee2811e2aa7f69bb6d17b616ccb1d844e09","updating","161d6205140b70b46e1866ea69ca1fd4c308594f514eaf1ccfe1d22e625068d4"
"1.0","25","wc2010","2010-06-11","wc1998","1998-06-10","1998-07-12","pre2002_diagnostic","64","0bb1fe2110f0a675064fd08ba409fbd57b160ced679500c06ac330c3060d65f1","updating","ab360b8576e2b7eabd02bed15cf9d43e66c482ff087308d0c99e5b6f20423b4a"
"1.0","26","wc2010","2010-06-11","euro2000","2000-06-10","2000-07-02","pre2002_diagnostic","31","c703b23475286f84213538395d1fe4f2fb50ac3f2026f5cffa030663295caf80","updating","4b6437e3cb0d193914ac2354a5d00fb4b8a2e62bd06a8e0f9762bccc8a6b666d"
"1.0","27","wc2010","2010-06-11","wc2002","2002-05-31","2002-06-30","phase09_assessment","64","665143c0b8f96b006ac3e2e06d9f00989ef6ca7f496cab34629583f8dafdeda2","updating","f8f6bc68b4743e0848e5624b27a4773314d8d84c85ad9f91e04f00bac9868e42"
"1.0","28","wc2010","2010-06-11","euro2004","2004-06-12","2004-07-04","phase09_assessment","31","68a56a509c75f09610c8dcde267ce4b91debdc9604f8e0c57bbb7fa62e91e9a4","updating","0f933c9a82d1584ce217de8bce7e1310d103c796f8496a2c8d179a96fe534e34"
"1.0","29","wc2010","2010-06-11","wc2006","2006-06-09","2006-07-09","phase09_assessment","64","a5b399fe27bc46188d16071f18b6f39272b38db9cccc0295874bd5f1c1a42e09","updating","bd701943138a1c05983c4632ce53cf1a514833605e41e2331856852413e301a7"
"1.0","30","wc2010","2010-06-11","euro2008","2008-06-07","2008-06-29","phase09_assessment","31","11220ff30911b9bb3b6af175b0c356b0609d9d6134a04f273f437af5416cb942","updating","8f7717e78a7fec8cc1d8367c907456641b99f2e52809057ec2de7337069dc3f0"
"1.0","31","euro2012","2012-06-08","wc1994","1994-06-17","1994-07-17","pre2002_diagnostic","52","e17b0fc45eb92ae9de4c1e2c7c5f7efdfe60edc50a2f1895f2441d924952b32d","updating","a2dc8aee085e781d723702bce0d4fc9a9a12db2008aaaeac478aa332134b8d50"
"1.0","32","euro2012","2012-06-08","euro1996","1996-06-08","1996-06-30","pre2002_diagnostic","31","f8a520d20b6807a1d8b437c4432c2ee2811e2aa7f69bb6d17b616ccb1d844e09","updating","2c225030ae72055ca399bf6e206403fe1962a554311a1647432664e87dd2ec12"
"1.0","33","euro2012","2012-06-08","wc1998","1998-06-10","1998-07-12","pre2002_diagnostic","64","0bb1fe2110f0a675064fd08ba409fbd57b160ced679500c06ac330c3060d65f1","updating","beddd55fea1baab2bc20bfe38eb590ef6674a36dbf60f4809f22b0ac57f3520b"
"1.0","34","euro2012","2012-06-08","euro2000","2000-06-10","2000-07-02","pre2002_diagnostic","31","c703b23475286f84213538395d1fe4f2fb50ac3f2026f5cffa030663295caf80","updating","86c2267c7ba66fc21b92c18ecfa8ba1d944bbe10d7edb53d7a12a5824fc2bb8b"
"1.0","35","euro2012","2012-06-08","wc2002","2002-05-31","2002-06-30","phase09_assessment","64","665143c0b8f96b006ac3e2e06d9f00989ef6ca7f496cab34629583f8dafdeda2","updating","b97b8196f05aace7e99615251859e457f8ab44119317f406a2523aa331c1e120"
"1.0","36","euro2012","2012-06-08","euro2004","2004-06-12","2004-07-04","phase09_assessment","31","68a56a509c75f09610c8dcde267ce4b91debdc9604f8e0c57bbb7fa62e91e9a4","updating","d54bf1723f057fbfa02f9722b9fb3f2c562014980c426d47396386ed2519eaae"
"1.0","37","euro2012","2012-06-08","wc2006","2006-06-09","2006-07-09","phase09_assessment","64","a5b399fe27bc46188d16071f18b6f39272b38db9cccc0295874bd5f1c1a42e09","updating","24f412052d7de47f0df73557d3611806d1c9c79e0bba67f510178f0e14746079"
"1.0","38","euro2012","2012-06-08","euro2008","2008-06-07","2008-06-29","phase09_assessment","31","11220ff30911b9bb3b6af175b0c356b0609d9d6134a04f273f437af5416cb942","updating","6687836f5d721e1d036cc79749493f7540fbe6cfc3503a2772ba196766591453"
"1.0","39","euro2012","2012-06-08","wc2010","2010-06-11","2010-07-11","phase09_assessment","64","13a0413c47e9fab5e5e662ed9a1db605274ca430d3f5d4d02e3492553ce4770f","updating","42ebccd43ca588ad947bf5f339d1f7d6aa10ce4df6c43266c73c172d9f34557e"
"1.0","40","wc2014","2014-06-12","wc1994","1994-06-17","1994-07-17","pre2002_diagnostic","52","e17b0fc45eb92ae9de4c1e2c7c5f7efdfe60edc50a2f1895f2441d924952b32d","updating","10656194059da7e3d3b6a3b91e4ae8f06af95492e2131678dd8d175eb295af65"
"1.0","41","wc2014","2014-06-12","euro1996","1996-06-08","1996-06-30","pre2002_diagnostic","31","f8a520d20b6807a1d8b437c4432c2ee2811e2aa7f69bb6d17b616ccb1d844e09","updating","62bcc5e04ab59f718416a82a1fb28ab73ce68141c75bc69e164655a204202bd5"
"1.0","42","wc2014","2014-06-12","wc1998","1998-06-10","1998-07-12","pre2002_diagnostic","64","0bb1fe2110f0a675064fd08ba409fbd57b160ced679500c06ac330c3060d65f1","updating","03163824fa6a1d82042ad5d6ec9754d0efaf2459f056b31c496951db4a05a66d"
"1.0","43","wc2014","2014-06-12","euro2000","2000-06-10","2000-07-02","pre2002_diagnostic","31","c703b23475286f84213538395d1fe4f2fb50ac3f2026f5cffa030663295caf80","updating","3bd6d79cc543e1abaca871cdb055c07a9611c2ce96ac5908e08e20e8571cdd8e"
"1.0","44","wc2014","2014-06-12","wc2002","2002-05-31","2002-06-30","phase09_assessment","64","665143c0b8f96b006ac3e2e06d9f00989ef6ca7f496cab34629583f8dafdeda2","updating","7a14f375f939baaaa98daedafb2aaedf3cc2fd45cb573b69d8109b58716ac53a"
"1.0","45","wc2014","2014-06-12","euro2004","2004-06-12","2004-07-04","phase09_assessment","31","68a56a509c75f09610c8dcde267ce4b91debdc9604f8e0c57bbb7fa62e91e9a4","updating","19760641124db159cd9e1d57c212e6abd844c97503670a15eba9da8d97cc4c43"
"1.0","46","wc2014","2014-06-12","wc2006","2006-06-09","2006-07-09","phase09_assessment","64","a5b399fe27bc46188d16071f18b6f39272b38db9cccc0295874bd5f1c1a42e09","updating","6bb4a3d2ba41317d4b588287d1d3a068407ddee004712a3968ebf980c4a903d2"
"1.0","47","wc2014","2014-06-12","euro2008","2008-06-07","2008-06-29","phase09_assessment","31","11220ff30911b9bb3b6af175b0c356b0609d9d6134a04f273f437af5416cb942","updating","d5e7b36f10732d45f83d7abd58ab6812d14d4d71fbd504cf8447c6b908e4d20a"
"1.0","48","wc2014","2014-06-12","wc2010","2010-06-11","2010-07-11","phase09_assessment","64","13a0413c47e9fab5e5e662ed9a1db605274ca430d3f5d4d02e3492553ce4770f","updating","a1e4111b40e0299385460fa20b15f8d848425d909ca1ca49ae57ffb5d59e7286"
"1.0","49","wc2014","2014-06-12","euro2012","2012-06-08","2012-07-01","phase09_assessment","31","3cbec2811594e2becb9f498629dddd01d58cc50cdb3060ce739194260e4d5799","updating","d545dcd0b58bd6f2bf72f3bd7fbaf42b6e2008f8786e5f8275c5c5eb9db7134e"
"1.0","50","euro2016","2016-06-10","wc1994","1994-06-17","1994-07-17","pre2002_diagnostic","52","e17b0fc45eb92ae9de4c1e2c7c5f7efdfe60edc50a2f1895f2441d924952b32d","updating","3d69995952f1534c0c2d47410a3cab5cf39d21a022bbbee3e598d279b61b6de7"
"1.0","51","euro2016","2016-06-10","euro1996","1996-06-08","1996-06-30","pre2002_diagnostic","31","f8a520d20b6807a1d8b437c4432c2ee2811e2aa7f69bb6d17b616ccb1d844e09","updating","07dd2f0d71cd964036cb1c136a2641d6474e8e42fc1604d47b612f94d1fa973b"
"1.0","52","euro2016","2016-06-10","wc1998","1998-06-10","1998-07-12","pre2002_diagnostic","64","0bb1fe2110f0a675064fd08ba409fbd57b160ced679500c06ac330c3060d65f1","updating","bc3deeea0f1ece1f6ebde78821fd32461cfadb825805297babce11ce287f5559"
"1.0","53","euro2016","2016-06-10","euro2000","2000-06-10","2000-07-02","pre2002_diagnostic","31","c703b23475286f84213538395d1fe4f2fb50ac3f2026f5cffa030663295caf80","updating","7083340013b8c033a06d2b5f82494431774832e0b438e7640b91b58a543fdf9a"
"1.0","54","euro2016","2016-06-10","wc2002","2002-05-31","2002-06-30","phase09_assessment","64","665143c0b8f96b006ac3e2e06d9f00989ef6ca7f496cab34629583f8dafdeda2","updating","0ceb1ccc5605da4808644d504d877fa61285f2fa20426e654402946b785b5f3b"
"1.0","55","euro2016","2016-06-10","euro2004","2004-06-12","2004-07-04","phase09_assessment","31","68a56a509c75f09610c8dcde267ce4b91debdc9604f8e0c57bbb7fa62e91e9a4","updating","35baeedfad568840aa60fc1e2f93916769f510301ae6474ddac207b96ffd6bff"
"1.0","56","euro2016","2016-06-10","wc2006","2006-06-09","2006-07-09","phase09_assessment","64","a5b399fe27bc46188d16071f18b6f39272b38db9cccc0295874bd5f1c1a42e09","updating","7e08bca4dcf24f9376ebe666beb3e8a0b5e2f5deac87899eacab6f0bd4d2fe0c"
"1.0","57","euro2016","2016-06-10","euro2008","2008-06-07","2008-06-29","phase09_assessment","31","11220ff30911b9bb3b6af175b0c356b0609d9d6134a04f273f437af5416cb942","updating","1866e4bbcc1d34929d09ecf2ca29f632b04c8b6abd98eb37687eaeb812edc0a4"
"1.0","58","euro2016","2016-06-10","wc2010","2010-06-11","2010-07-11","phase09_assessment","64","13a0413c47e9fab5e5e662ed9a1db605274ca430d3f5d4d02e3492553ce4770f","updating","967166109b26677270ee4203239376d4abf2181f9463a305f0a4190e6deebaee"
"1.0","59","euro2016","2016-06-10","euro2012","2012-06-08","2012-07-01","phase09_assessment","31","3cbec2811594e2becb9f498629dddd01d58cc50cdb3060ce739194260e4d5799","updating","ede190f89b1258ef00ee669ee2b2b6f9780524a44fb3b4a6eaebd05bd2214fb4"
"1.0","60","euro2016","2016-06-10","wc2014","2014-06-12","2014-07-13","phase09_assessment","64","07e19e158400a510c1f3c31ed56af91a6732d469423f820672114f543bc6ce8e","updating","611d62772b7ce7e19dd94938b094489bcdb830cbd7bd5a09de02eb52b786b82f"
"1.0","61","wc2018","2018-06-14","wc1994","1994-06-17","1994-07-17","pre2002_diagnostic","52","e17b0fc45eb92ae9de4c1e2c7c5f7efdfe60edc50a2f1895f2441d924952b32d","updating","49c3d172353cdbf7502b5cf0829e41330ee08be0d41465d6a066eec7aad93cef"
"1.0","62","wc2018","2018-06-14","euro1996","1996-06-08","1996-06-30","pre2002_diagnostic","31","f8a520d20b6807a1d8b437c4432c2ee2811e2aa7f69bb6d17b616ccb1d844e09","updating","5f61e7d11112de10d9b49d69005833013c61a7802b2a8ba524f2de63b17a7063"
"1.0","63","wc2018","2018-06-14","wc1998","1998-06-10","1998-07-12","pre2002_diagnostic","64","0bb1fe2110f0a675064fd08ba409fbd57b160ced679500c06ac330c3060d65f1","updating","1ef262a11dd740795919cf850a3941f8c68cc864a1b0f95c5f9ebc843d5d35b8"
"1.0","64","wc2018","2018-06-14","euro2000","2000-06-10","2000-07-02","pre2002_diagnostic","31","c703b23475286f84213538395d1fe4f2fb50ac3f2026f5cffa030663295caf80","updating","0aa81ecf8a03fbd6c63adebb860ddfca5edc5e7687fbaca0c34b40aa0837649a"
"1.0","65","wc2018","2018-06-14","wc2002","2002-05-31","2002-06-30","phase09_assessment","64","665143c0b8f96b006ac3e2e06d9f00989ef6ca7f496cab34629583f8dafdeda2","updating","cf6f45d211f3d88874bc5962c7388a2d8ee08e3b61c3b7a4d8dc928d29a307f9"
"1.0","66","wc2018","2018-06-14","euro2004","2004-06-12","2004-07-04","phase09_assessment","31","68a56a509c75f09610c8dcde267ce4b91debdc9604f8e0c57bbb7fa62e91e9a4","updating","dc44e11384234436dc1fc643c977c929a7adab29dd77db50df6b695c6160825b"
"1.0","67","wc2018","2018-06-14","wc2006","2006-06-09","2006-07-09","phase09_assessment","64","a5b399fe27bc46188d16071f18b6f39272b38db9cccc0295874bd5f1c1a42e09","updating","8b8e2398e406d9d7c02b14435b1dc3a21d873358b8b5bfec4afc816c91f00a2a"
"1.0","68","wc2018","2018-06-14","euro2008","2008-06-07","2008-06-29","phase09_assessment","31","11220ff30911b9bb3b6af175b0c356b0609d9d6134a04f273f437af5416cb942","updating","a3039796372990c2cb9e503b76f25c0ad3d2efb52720661dedd68cd736d3141a"
"1.0","69","wc2018","2018-06-14","wc2010","2010-06-11","2010-07-11","phase09_assessment","64","13a0413c47e9fab5e5e662ed9a1db605274ca430d3f5d4d02e3492553ce4770f","updating","272006be5d2707a07ab3cb526820e5708fc0b84d0bb82013698453d6327acf83"
"1.0","70","wc2018","2018-06-14","euro2012","2012-06-08","2012-07-01","phase09_assessment","31","3cbec2811594e2becb9f498629dddd01d58cc50cdb3060ce739194260e4d5799","updating","b1eeada0a028cb43e311aad32332fd8d7adef586f84be1952b745c3d474bd551"
"1.0","71","wc2018","2018-06-14","wc2014","2014-06-12","2014-07-13","phase09_assessment","64","07e19e158400a510c1f3c31ed56af91a6732d469423f820672114f543bc6ce8e","updating","6bb1ea993e3ed31572ac6859f6da5cc1b2c61b2e7663b3553165f0a4b0da1246"
"1.0","72","wc2018","2018-06-14","euro2016","2016-06-10","2016-07-10","phase09_assessment","51","acede77c1139d5fc12507772da594d8f9bd4e5d10eeefaf7ba054532b8a71cc4","updating","ce3423b5d97806a5309648e1279b05c65a3be554923b908cfa407b039a0c3760"
"1.0","73","euro2020","2021-06-11","wc1994","1994-06-17","1994-07-17","pre2002_diagnostic","52","e17b0fc45eb92ae9de4c1e2c7c5f7efdfe60edc50a2f1895f2441d924952b32d","updating","c134b81900624f8289979b69b50ab7a0031bfaa81ad6ddfb0f37b68044190641"
"1.0","74","euro2020","2021-06-11","euro1996","1996-06-08","1996-06-30","pre2002_diagnostic","31","f8a520d20b6807a1d8b437c4432c2ee2811e2aa7f69bb6d17b616ccb1d844e09","updating","3ff75d6e5c4a752308376458b2a2ecaa7ee2eb62f96852c3d5f8f0b1eb299a2e"
"1.0","75","euro2020","2021-06-11","wc1998","1998-06-10","1998-07-12","pre2002_diagnostic","64","0bb1fe2110f0a675064fd08ba409fbd57b160ced679500c06ac330c3060d65f1","updating","0e5b20a0a7cbd4a9858efda0ede0c79c60ed88b6fa4409a79677cf6fc0e13e5b"
"1.0","76","euro2020","2021-06-11","euro2000","2000-06-10","2000-07-02","pre2002_diagnostic","31","c703b23475286f84213538395d1fe4f2fb50ac3f2026f5cffa030663295caf80","updating","e7eada52c8e709f0dc64a358525dc4f5cb069237b4dc2197831b8fcf59c60bee"
"1.0","77","euro2020","2021-06-11","wc2002","2002-05-31","2002-06-30","phase09_assessment","64","665143c0b8f96b006ac3e2e06d9f00989ef6ca7f496cab34629583f8dafdeda2","updating","8fe9f04ca68589a7f2fc7e8afccd2f8343564f2e67b3a3b7448c13337593a816"
"1.0","78","euro2020","2021-06-11","euro2004","2004-06-12","2004-07-04","phase09_assessment","31","68a56a509c75f09610c8dcde267ce4b91debdc9604f8e0c57bbb7fa62e91e9a4","updating","e7633b74aa78f6c91abf6320535041ff13c73f456400bbc9ffe454946a4e64e4"
"1.0","79","euro2020","2021-06-11","wc2006","2006-06-09","2006-07-09","phase09_assessment","64","a5b399fe27bc46188d16071f18b6f39272b38db9cccc0295874bd5f1c1a42e09","updating","6183142a268a21c323b95178a189bdf699d8a7e6e10f68f19e3b23141b5b9e73"
"1.0","80","euro2020","2021-06-11","euro2008","2008-06-07","2008-06-29","phase09_assessment","31","11220ff30911b9bb3b6af175b0c356b0609d9d6134a04f273f437af5416cb942","updating","50f029dbbaea46e000875d16185c725f2a25e5093e6f8a5a27f19f8249f20e35"
"1.0","81","euro2020","2021-06-11","wc2010","2010-06-11","2010-07-11","phase09_assessment","64","13a0413c47e9fab5e5e662ed9a1db605274ca430d3f5d4d02e3492553ce4770f","updating","5c573b3f546477cd3bb7b3501d17782ff5de2a4814aa46af8ff9abafd0a43657"
"1.0","82","euro2020","2021-06-11","euro2012","2012-06-08","2012-07-01","phase09_assessment","31","3cbec2811594e2becb9f498629dddd01d58cc50cdb3060ce739194260e4d5799","updating","68a55ade386b38dc9dac4466e7d017efcf337d24339c787e917c66b64c3669b9"
"1.0","83","euro2020","2021-06-11","wc2014","2014-06-12","2014-07-13","phase09_assessment","64","07e19e158400a510c1f3c31ed56af91a6732d469423f820672114f543bc6ce8e","updating","22c87abf03d0d36784e62d7c2dcea9a32af2f14090e4386fd9bd4112553f83a4"
"1.0","84","euro2020","2021-06-11","euro2016","2016-06-10","2016-07-10","phase09_assessment","51","acede77c1139d5fc12507772da594d8f9bd4e5d10eeefaf7ba054532b8a71cc4","updating","490e356cb24f0cec26db2a45ff02f308e071bb1a985d3f9c43f3e0ee4125edc9"
"1.0","85","euro2020","2021-06-11","wc2018","2018-06-14","2018-07-15","phase09_assessment","64","cc746a324b0a04df1570cd741e1ed1e2fc8bdc31f5203d124e2d4827d3b2f756","updating","dfbb38203e8a3eff4cc7d0e107ecae3a700f0ae7d80b73b131de1de253136c20"
"1.0","86","wc2022","2022-11-20","wc1994","1994-06-17","1994-07-17","pre2002_diagnostic","52","e17b0fc45eb92ae9de4c1e2c7c5f7efdfe60edc50a2f1895f2441d924952b32d","updating","f48bd84d7372135e43a8aae9cca677981e3fe6a4085e9c1b6f24406dd928326d"
"1.0","87","wc2022","2022-11-20","euro1996","1996-06-08","1996-06-30","pre2002_diagnostic","31","f8a520d20b6807a1d8b437c4432c2ee2811e2aa7f69bb6d17b616ccb1d844e09","updating","7778769e4e6866dfdb050cf1e0f997c75e7b72c6df90171f75df750120c9fbf2"
"1.0","88","wc2022","2022-11-20","wc1998","1998-06-10","1998-07-12","pre2002_diagnostic","64","0bb1fe2110f0a675064fd08ba409fbd57b160ced679500c06ac330c3060d65f1","updating","e4435d9f20f3e7da31254b5f4860b485e4348669c96f616bf1363a5ff94e3520"
"1.0","89","wc2022","2022-11-20","euro2000","2000-06-10","2000-07-02","pre2002_diagnostic","31","c703b23475286f84213538395d1fe4f2fb50ac3f2026f5cffa030663295caf80","updating","718dd15bbd75f3424fe53fd170c39008d8f415275aa81aafa3bd21ff86945d88"
"1.0","90","wc2022","2022-11-20","wc2002","2002-05-31","2002-06-30","phase09_assessment","64","665143c0b8f96b006ac3e2e06d9f00989ef6ca7f496cab34629583f8dafdeda2","updating","c2d5c5859fddbaeb9f084997ffc00c68f1c6a28c1c26536cf0285615097ae858"
"1.0","91","wc2022","2022-11-20","euro2004","2004-06-12","2004-07-04","phase09_assessment","31","68a56a509c75f09610c8dcde267ce4b91debdc9604f8e0c57bbb7fa62e91e9a4","updating","68fff6d1db1d97ca0257f9617375e54c033e75a8f2c2cbf287acdf661f924571"
"1.0","92","wc2022","2022-11-20","wc2006","2006-06-09","2006-07-09","phase09_assessment","64","a5b399fe27bc46188d16071f18b6f39272b38db9cccc0295874bd5f1c1a42e09","updating","04948f81c539dc1315b0ba7fe124ca655073e9ba7f548d4a392630dc097b3e71"
"1.0","93","wc2022","2022-11-20","euro2008","2008-06-07","2008-06-29","phase09_assessment","31","11220ff30911b9bb3b6af175b0c356b0609d9d6134a04f273f437af5416cb942","updating","ce02a979efe2811746b4b8f7a4c9e5b1a93c18daa4706a352dc6a391c8e9c657"
"1.0","94","wc2022","2022-11-20","wc2010","2010-06-11","2010-07-11","phase09_assessment","64","13a0413c47e9fab5e5e662ed9a1db605274ca430d3f5d4d02e3492553ce4770f","updating","b2b6c1999b9172194ec6660fbf3603784ee00076de2e4308dec83d8c8563e8aa"
"1.0","95","wc2022","2022-11-20","euro2012","2012-06-08","2012-07-01","phase09_assessment","31","3cbec2811594e2becb9f498629dddd01d58cc50cdb3060ce739194260e4d5799","updating","130d1f61a31e204c14b5bfa15812c8b2d766ad7a31156938b8ea3c2a7d303b1e"
"1.0","96","wc2022","2022-11-20","wc2014","2014-06-12","2014-07-13","phase09_assessment","64","07e19e158400a510c1f3c31ed56af91a6732d469423f820672114f543bc6ce8e","updating","3e8e951d55f9465bb07abe707629eb7e0e618e9fbd09c88741f4dc9c7f5c39c8"
"1.0","97","wc2022","2022-11-20","euro2016","2016-06-10","2016-07-10","phase09_assessment","51","acede77c1139d5fc12507772da594d8f9bd4e5d10eeefaf7ba054532b8a71cc4","updating","a01256cc30e63a07bac0573f2253fb1eaeb58a9a4d569f6abe3c8ac2dde11cd7"
"1.0","98","wc2022","2022-11-20","wc2018","2018-06-14","2018-07-15","phase09_assessment","64","cc746a324b0a04df1570cd741e1ed1e2fc8bdc31f5203d124e2d4827d3b2f756","updating","eeece8534714f14fb47d25a214435e294bd2edd013cf6127d00de9dedf394bea"
"1.0","99","wc2022","2022-11-20","euro2020","2021-06-11","2021-07-11","phase09_assessment","51","1b6a2b03f3b8f569dcca0222e6e6e4365b4047e21d50dd1bee61dd6247728d72","updating","9a9ec80b71ca511f03adf37dd784802c719234802a30b88d9316d6dd1cab40e0"
"1.0","100","euro2024","2024-06-14","wc1994","1994-06-17","1994-07-17","pre2002_diagnostic","52","e17b0fc45eb92ae9de4c1e2c7c5f7efdfe60edc50a2f1895f2441d924952b32d","updating","0ac5b12d916076ac67ad10269688312d6827f7bce47eaa6acec682253ea3dd9e"
"1.0","101","euro2024","2024-06-14","euro1996","1996-06-08","1996-06-30","pre2002_diagnostic","31","f8a520d20b6807a1d8b437c4432c2ee2811e2aa7f69bb6d17b616ccb1d844e09","updating","9837ed7494a3b9a0a966e3c49f2fdeca94605f14b6e253ddd373403a23fb8168"
"1.0","102","euro2024","2024-06-14","wc1998","1998-06-10","1998-07-12","pre2002_diagnostic","64","0bb1fe2110f0a675064fd08ba409fbd57b160ced679500c06ac330c3060d65f1","updating","dfa7b598a0e2bf47c83fd63767fc248bfc82ef46b82720c496e8da4e11b207d5"
"1.0","103","euro2024","2024-06-14","euro2000","2000-06-10","2000-07-02","pre2002_diagnostic","31","c703b23475286f84213538395d1fe4f2fb50ac3f2026f5cffa030663295caf80","updating","e67469f38c983a66361c226c552fc32a1f8209640499f572d72c786626ec5261"
"1.0","104","euro2024","2024-06-14","wc2002","2002-05-31","2002-06-30","phase09_assessment","64","665143c0b8f96b006ac3e2e06d9f00989ef6ca7f496cab34629583f8dafdeda2","updating","9582ef29984d5d1bdb05ec5da6e613a0f9dbdd67ccf871f204f6c6cad8887487"
"1.0","105","euro2024","2024-06-14","euro2004","2004-06-12","2004-07-04","phase09_assessment","31","68a56a509c75f09610c8dcde267ce4b91debdc9604f8e0c57bbb7fa62e91e9a4","updating","f3d2fea219d4e52c4dcda18f0c246d7a7038c9a1f825aa9406535acf366e44cf"
"1.0","106","euro2024","2024-06-14","wc2006","2006-06-09","2006-07-09","phase09_assessment","64","a5b399fe27bc46188d16071f18b6f39272b38db9cccc0295874bd5f1c1a42e09","updating","e65efa20d3d086ca41e73d8f29916404e3e47568c7f29b272de052c3734b39af"
"1.0","107","euro2024","2024-06-14","euro2008","2008-06-07","2008-06-29","phase09_assessment","31","11220ff30911b9bb3b6af175b0c356b0609d9d6134a04f273f437af5416cb942","updating","a3705d7816df588317809256592a7d9175e9528eed64310b62b401c3822ecd45"
"1.0","108","euro2024","2024-06-14","wc2010","2010-06-11","2010-07-11","phase09_assessment","64","13a0413c47e9fab5e5e662ed9a1db605274ca430d3f5d4d02e3492553ce4770f","updating","a7b096b45b85663cf27bbce42844538fa34a4ba6d52f2435964b1543ff1eff4c"
"1.0","109","euro2024","2024-06-14","euro2012","2012-06-08","2012-07-01","phase09_assessment","31","3cbec2811594e2becb9f498629dddd01d58cc50cdb3060ce739194260e4d5799","updating","f65636eff262dfed202633da78d51ca169a6ec871cfcfeb9b93058a56c13b8b6"
"1.0","110","euro2024","2024-06-14","wc2014","2014-06-12","2014-07-13","phase09_assessment","64","07e19e158400a510c1f3c31ed56af91a6732d469423f820672114f543bc6ce8e","updating","7ce74d320811cc257af0a596268154d90fc15086b9f3f497b1e1d04422b5f195"
"1.0","111","euro2024","2024-06-14","euro2016","2016-06-10","2016-07-10","phase09_assessment","51","acede77c1139d5fc12507772da594d8f9bd4e5d10eeefaf7ba054532b8a71cc4","updating","306993d4b2c6aa4c97e350157fa256c654ca3945235608897b995b8e2098c29e"
"1.0","112","euro2024","2024-06-14","wc2018","2018-06-14","2018-07-15","phase09_assessment","64","cc746a324b0a04df1570cd741e1ed1e2fc8bdc31f5203d124e2d4827d3b2f756","updating","0bf1f4a8299f79b3a47bb27adcc73b87cad41425861989d894f06b5c13c787dd"
"1.0","113","euro2024","2024-06-14","euro2020","2021-06-11","2021-07-11","phase09_assessment","51","1b6a2b03f3b8f569dcca0222e6e6e4365b4047e21d50dd1bee61dd6247728d72","updating","f252759ef573d70465c4ff6c829d165704d76ce7bb0b2011c8a01322523bc94a"
"1.0","114","euro2024","2024-06-14","wc2022","2022-11-20","2022-12-18","phase09_assessment","64","d287854c1f4fef224ae75f589f178314bfd278ac28567773e8dbdd19ef8b854a","updating","889310735ab1b9b5e363436a0834e4e75edbaaac70256b08e79410bfae44fff9"
