"candidate_id","feature_set_id","mode_id","panel_id","complexity_rank","tuning_protocol_id","tuning_grid_id","score_support_g","settings_sha256","registration_sha256","ranger_provenance_id","research_only","wc2026_sealed"
"phase11_rf_dynamic_elo_open","phase11_rf_dynamic_elo_open","open_default","open_core","8","phase11_rf_registered_v1","phase11_rf_grid_v1","40","0639ffc5961a7e30d1fbedfad57ef08d2ab6d79546951b452cc07bced786ceed","a4a859a5d77b6f4ce80bd041e4cd52859d45d40e83ca60bab1a4c4398bfab066","c977b24609a9f4fa6fb7e9b63dbbb6fcf2d571b007136e84517749ae5085b986","true","true"
"phase11_rf_dynamic_elo_context_open","phase11_rf_dynamic_elo_context_open","open_default","open_core","9","phase11_rf_registered_v1","phase11_rf_grid_v1","40","e22374aeb260ef3ccd10aeb7234332233e3354ea499087003b3aaff15835b34a","e2737227f86f3400a93d07f461db39cbb7fb619f93707ec7731669d341cd24f6","c977b24609a9f4fa6fb7e9b63dbbb6fcf2d571b007136e84517749ae5085b986","true","true"
"phase11_rf_dynamic_elo_context_drop_host_open","phase11_rf_dynamic_elo_context_open","open_default","open_core","9","phase11_rf_registered_v1","phase11_rf_grid_v1","40","a93d8e22c010cdb4bf5d1d933273be4a0c343ae7d485cad77a9cc95e5678bc7b","7d1b2ee08c2393d4a185a07c966efe32bae75f25b39120f780a7382dacc12e83","c977b24609a9f4fa6fb7e9b63dbbb6fcf2d571b007136e84517749ae5085b986","true","true"
"phase11_rf_dynamic_elo_context_drop_neutral_open","phase11_rf_dynamic_elo_context_open","open_default","open_core","9","phase11_rf_registered_v1","phase11_rf_grid_v1","40","3bf25aad8e778a8f499140e80bf757096a15b59157d3d489d30a79fe12fa3ad4","31a0b44b53e29291278d6b70c811fd7f4b47f883a5302c88a4c2054ff7262eb3","c977b24609a9f4fa6fb7e9b63dbbb6fcf2d571b007136e84517749ae5085b986","true","true"
"phase11_rf_dynamic_elo_context_drop_rest_open","phase11_rf_dynamic_elo_context_open","open_default","open_core","9","phase11_rf_registered_v1","phase11_rf_grid_v1","40","37d28a8df3687756bcbbae6c48689bd920b26e0959a04602d38a7e9b1012addd","f2c1ddfcefc42e908c02c207c9de9e54bf4cc334104c08b219985db27c20f33a","c977b24609a9f4fa6fb7e9b63dbbb6fcf2d571b007136e84517749ae5085b986","true","true"
"phase11_rf_dynamic_elo_context_drop_travel_open","phase11_rf_dynamic_elo_context_open","open_default","open_core","9","phase11_rf_registered_v1","phase11_rf_grid_v1","40","9e96f88c67ddd6cd81a7a5c0e65e2343d2fad032fb7cf9b554c49efee0be5071","f624f7f1c0974622214f6e1577a7076d56244146cad432ca08dc7c2712025fd5","c977b24609a9f4fa6fb7e9b63dbbb6fcf2d571b007136e84517749ae5085b986","true","true"
"phase11_rf_dynamic_elo_context_drop_stage_open","phase11_rf_dynamic_elo_context_open","open_default","open_core","9","phase11_rf_registered_v1","phase11_rf_grid_v1","40","b2f2a64eb8753d2e71ebaa30501eff5f2a7968739b8da0290916b1ad0ce3c247","7f419803edc7d7663fba832bb4a26fae1dfca6ba5ac7e0b55f1c6c8ee9147c93","c977b24609a9f4fa6fb7e9b63dbbb6fcf2d571b007136e84517749ae5085b986","true","true"
"phase11_rf_dynamic_elo_context_xg_gated_open","phase11_rf_dynamic_elo_context_xg_gated_open","open_default","open_core","10","phase11_rf_registered_v1","phase11_rf_grid_v1","40","1b62b819c215f309411955b1f1968a35da7779362db259dbacd731f424bf51ad","c54e69bf7155eda224944fabaecf5ea54b31223ccf85ef5790804420f48efbb6","c977b24609a9f4fa6fb7e9b63dbbb6fcf2d571b007136e84517749ae5085b986","true","true"
"phase11_structural_sparse_prior_open","phase11_rf_dynamic_elo_open","open_default","open_core","9","phase11_rf_registered_v1","phase11_rf_grid_v1","40","f91da7693deb3ff63b0a12944d9d3fe6233c92c1aea2f48daa37d0965af45069","b44b1b7cda29b90308fee9164710522f5be50dd8404f819389e1b8ee762d1eb0","c977b24609a9f4fa6fb7e9b63dbbb6fcf2d571b007136e84517749ae5085b986","true","true"
